id,word,example_en,example_ja
B200001,abandoned,The abandoned house at the end of the street has become a haunt for stray cats.,通りの最後にある見捨てられた家は、野良猫たちのたまり場になってしまった。
B200002,abnormally,The price of real estate has been rising abnormally in Japan.,不動産の価格が日本では異常なほどに高騰してきた。
B200003,abolish,The government decided to abolish the old law.,政府は古い法律を廃止することを決定した。
B200004,aboriginal,The aboriginal people have a rich cultural heritage.,土着の人々は豊かな文化遺産を持っています。
B200005,abruptly,The meeting ended abruptly when the fire alarm went off.,火災警報が鳴ったとき、会議は突然終了した。
B200006,absentee,The teacher took attendance and noticed there was one absentee.,先生が出席を取り、一人の欠席者がいることに気づいた。
B200007,absurd,His explanation was so absurd that everyone laughed.,彼の説明はあまりに馬鹿げていて、誰もが笑ってしまった。
B200008,abuse,The government has launched a campaign to combat drug abuse.,政府は薬物乱用を撲滅するキャンペーンを開始しました。
B200009,access,The cave is easy to access.,その洞穴は近づきやすい。
B200010,accessibility,The new building has been designed with accessibility in mind.,新しい建物はアクセシビリティを考慮して設計されました。
B200011,accommodation,I need to find a suitable accommodation for my vacation.,私は休暇のために適切な宿泊先を見つける必要があります。
B200012,accordingly,"The weather was bad, so accordingly, we cancelled our picnic.",天気が悪かったので、従って、私たちはピクニックをキャンセルしました。
B200013,accumulate,"Over time, he managed to accumulate a vast collection of rare books.",時間をかけて彼は珍しい本の大量のコレクションを蓄積することができました。
B200014,accusation,He made a false accusation against her.,彼は彼女に対して虚偽の告発をした。
B200015,ache,My heart aches for the starving children in Africa.,アフリカの飢えに苦しむ子供たちの事を思うと胸がいたむ。
B200016,achievable,"I admire your goals, but are they achievable?",あなたの目標は素晴らしいと思いますが、達成可能ですか？
B200017,acid,The solution turned red because it was acid.,その溶液は酸性だったので赤くなった。
B200018,acquisition,The acquisition of a new language can be a challenging but rewarding process.,新しい言語の習得は、困難だが見返りのあるプロセスになるでしょう。
B200019,actively,She is actively participating in the community service.,彼女は積極的に地域奉仕活動に参加しています。
B200020,actual,The actual situation is far from what we expected.,現実の状況は、私たちが期待していたものからはほど遠いです。
B200021,acute,The eagle has an acute vision that allows it to spot its prey from a great distance.,鷲は鋭い視力を持っており、遠くから獲物を見つけることができます。
B200022,adaptable,The adaptable software can adjust to any changes in the system.,その順応性のあるソフトウェアは、システムの変更に対応できます。
B200023,addict,He is an addict to video games.,彼はビデオゲーム中毒者です。
B200024,addicted,She is addicted to alcohol.,彼女はアルコール中毒だ。
B200025,addiction,His addiction to video games is causing concern among his family members.,彼のビデオゲームへの熱中は家族の間で心配の種となっている。
B200026,additionally,"Additionally, I would like to add that the project is due next week.",それに加えて、プロジェクトの締切は来週です
B200027,adequate,The hotel provided adequate facilities for the conference.,ホテルは会議のために十分な設備を提供しました。
B200028,adequately,The company adequately addressed the concerns of its customers.,会社は顧客の懸念事項に適切に対応しました。
B200029,adjustment,The company made an adjustment to resolve the conflict between the two departments.,会社は2つの部門間の対立を解決するための調整を行いました。
B200030,administrative,The administrative procedures in this office are quite complex.,このオフィスの行政手続きはかなり複雑です。
B200031,admirable,His dedication to his work is truly admirable.,彼の仕事への献身は本当に賞賛に値する。
B200032,admiringly,She was gazing at him admiringly.,彼女は彼を賛美の目でじっと見ていた。
B200033,admittedly,"Admittedly, I was wrong about the situation.",確かに、私はその状況について間違っていました。
B200034,adopted,The adopted child lived a happy life with her new family.,養子になった子どもは新しい家族と幸せな人生を送った。
B200035,adoption,The adoption process can be long and complex.,養子縁組のプロセスは長くて複雑なことがあります。
B200036,adore,I absolutely adore my little sister.,私は妹を絶対に深く愛しています。
B200037,adorn,She decided to adorn her dress with beautiful pearls to make it more attractive.,彼女はドレスをより魅力的にするために、美しいパールで飾ることにしました。
B200038,advance,Send your baggage in advance.,荷物は先に送っておきなさい。
B200039,advancement,Technological advancements have greatly improved our lives.,技術の進歩により、私たちの生活は大幅に改善されました。
B200040,advent,The advent of technology has revolutionized our lives.,技術の出現は私たちの生活を革命的に変えました。
B200041,adventurous,She is always looking for adventurous activities to try.,彼女はいつも何か冒険的なことを試してみようと探している。
B200042,adverse,He experienced an adverse reaction to the medicine.,彼はその薬に対して副作用を経験しました。
B200043,adversely,"If long-term beds are reduced, then it won't be possible to do that and normal sickbeds will also be adversely affected.",療養病床が減ればそれができず、一般病床の医療にも支障をきたします。
B200044,adversity,She faced adversity with courage and determination.,彼女は勇気と決意を持って逆境に立ち向かった。
B200045,affectionate,She gave me an affectionate hug.,彼女は私に愛情のこもったハグをくれました。
B200046,affectionately,She affectionately hugged her son before he left for school.,彼女は学校に行く前に、愛情をこめて息子を抱きしめた。
B200047,affordable,This restaurant offers affordable meals for everyone.,このレストランは手ごろな価格で誰でも食事ができます。
B200048,ageless,She has an ageless beauty.,彼女は年を取らないような美しさを持っています。
B200049,aggressively,The company is competing aggressively in the market.,企業は市場で競争を積極的に行っている。
B200050,agonize,She continued to agonize over the decision she had to make.,彼女は自分が下さなければならない決断について、苦しみもだえ続けた。
B200051,agony,The agony of his loss was unbearable.,彼の失ったものに対する苦悶は耐えがたかった。
B200052,aim,He is aiming for the directorship.,彼は役員の地位をねらっている。
B200053,aircraft,The aircraft is ready for takeoff.,その航空機は離陸の準備ができています。
B200054,aircrew,The aircrew prepared for takeoff.,航空機乗組員は離陸の準備をしました。
B200055,alcoholic,He decided to quit being an alcoholic.,彼はアルコール依存症をやめると決意しました。
B200056,alcoholism,Alcoholism is a serious problem that affects many people around the world.,アルコール中毒は世界中の多くの人々に影響を与える深刻な問題です。
B200057,alert,The alert soldier spotted the enemy before anyone else.,その油断のない兵士は、他の誰よりも先に敵を見つけた。
B200058,allegation,The police are investigating the allegation that the suspect stole the car.,警察は、容疑者が車を盗んだという申し立てを捜査している。
B200059,alliance,The two nations formed a powerful alliance to combat their common enemy.,二つの国家は共通の敵と戦うために強力な同盟を結成した。
B200060,ally,The allies condemned the invasion as a violation of UN resolutions.,同盟諸国はその侵略行為が国連決議に違反するとして、厳しく非難した。
B200061,alongside,The boat was alongside the quay.,そのボートは波止場につながれていた。
B200062,alphabetical,Please arrange these files in alphabetical order.,これらのファイルをアルファベット順に並べてください。
B200063,altar,The couple exchanged vows in front of the beautifully decorated altar.,夫婦は美しく飾られた祭壇の前で誓いを交わしました。
B200064,alter,The tailor had to alter the dress to fit me.,仕立て屋は私に合うようにドレスを直さなければなりませんでした。
B200065,alternate,The traffic lights alternate between red and green.,信号は赤と緑が交互に変わります。
B200066,alternatively,"You can take the bus to work, or alternatively, you can ride your bike.",仕事にはバスで行くこともできますが、あるいは自転車に乗ることもできます。
B200067,altitude,The altitude of this mountain is quite high.,この山の高度はかなり高いです。
B200068,aluminum,The soda can is made of aluminum.,そのソーダ缶はアルミニウムでできています。
B200069,amaze,The magician's tricks never fail to amaze the audience.,そのマジシャンのトリックは、観客を必ず驚かせます。
B200070,amazement,His magic trick filled the audience with amazement.,彼のマジックトリックは観客をびっくり仰天させた。
B200071,amazingly,"Amazingly, the old man recovered his health.",驚くべきことに、その老人は健康を回復した。
B200072,ambassador,The ambassador is scheduled to meet with the foreign minister tomorrow.,大使は明日、外務大臣と会う予定です。
B200073,ambiguity,The ambiguity of his statement caused a lot of confusion.,彼の発言のあいまいさが多くの混乱を引き起こした。
B200074,ambiguous,His response was ambiguous and could be interpreted in various ways.,彼の反応は曖昧で、いろいろな意味にとれました。
B200075,ammonia,The pungent smell in the room was due to a leak in the ammonia tank.,部屋の刺激的な臭いはアンモニアタンクの漏れが原因でした。
B200076,amongst,The truth is often found hidden amongst the lies.,真実はしばしば嘘の間に隠されて見つかるものです。
B200077,ample,There is ample space in the garden for a swimming pool.,庭にはプールを設置するための十分なスペースがあります。
B200078,amplifier,The sound quality of the concert was greatly improved by the use of an amplifier.,コンサートの音質は、アンプ（増幅器）の使用により大幅に向上しました。
B200079,amplify,They used a microphone to amplify their voices.,彼らはマイクを使って声を拡大しました。
B200080,amuse,The clown's antics never fail to amuse the children.,道化師の道化は、子供たちを必ず楽しませます。
B200081,analogy,The teacher used an analogy between a heart and a pump to explain how the circulatory system works.,先生は心臓とポンプの例えを使って循環器系がどのように機能するかを説明しました。
B200082,analyst,The analyst carefully analyzed the situation and provided a detailed report.,分析者は状況を注意深く分析し、詳細なレポートを提供しました。
B200083,anchor,The sailor dropped the anchor into the sea.,船員は海にいかりを落とした。
B200084,anchorage,The ship found a safe anchorage in the harbor.,船は港で安全な停泊地を見つけた。
B200085,anchorman,The anchorman on the evening news is very popular.,夕方のニュースのアンカーマンは非常に人気があります。
B200086,anchorperson,"With her calm demeanor and sharp wit, the veteran anchorperson has become a fixture in the evening news landscape.",落ち着いた物腰と鋭いウィットで知られるベテラン司会者は夕方のニュース界にすっかり定着した。
B200087,anguish,She cried out in anguish when she received the devastating news.,彼女は壊滅的なニュースを受けた時、苦しみの中で叫びました。
B200088,animate,The artist used his brush to animate the characters in the painting.,画家は筆を使って絵の中のキャラクターに生命を吹き込みました。
B200089,anonymous,The author of this poem remains anonymous.,この詩の作者は未だに作者不明です。
B200090,antiaircraft,The military deployed antiaircraft weapons to protect against enemy air attacks.,軍は敵の空襲から守るために対空兵器を展開しました。
B200091,antibacterial,This soap has an antibacterial effect.,この石鹸は抗菌効果があります。
B200092,anticancer,They are bent on developing a new anticancer drug soon.,彼らは新しい抗がん剤を早期に開発しようと意気込んでいる。
B200093,anticipate,I anticipate that the meeting will end early today.,私は今日の会議が早く終わると予想しています。
B200094,anticipation,I am filled with anticipation for the upcoming concert.,今度のコンサートへの期待でいっぱいだ。
B200095,antipollution,The government is implementing new antipollution measures to protect the environment.,政府は、環境を守るために新しい反汚染対策を実施している
B200096,antique,The antique furniture has a unique charm.,古い家具は独特な魅力がある。
B200097,antistatic,This antistatic mat prevents static electricity from damaging the electronic components.,この抗静電マットは、静電気が電子部品を破損するのを防ぎます。
B200098,antivirus,You should install antivirus software.,あなたはウイルス対策ソフトをインストールした方がいい。
B200099,apostrophe,I can't believe it!,信じられない！
B200100,appeal,He appealed to our emotions.,彼は我々の感情に訴えた。
B200101,applicant,The applicant must submit all necessary documents.,申請者は必要な全ての書類を提出しなければなりません。
B200102,appreciative,I am appreciative of the beautiful artwork.,美しい芸術作品に鑑賞的です。
B200103,approach,They approached the problem differently.,彼らは問題に異なるアプローチをした。
B200104,appropriately,He responded appropriately to the situation.,彼は適切に状況に対応しました。
B200105,approximate,The approximate time of arrival is around 3 pm.,到着のおおよその時間は午後3時頃です。
B200106,arch,The arch of the bridge was beautifully illuminated at night.,その橋のアーチは夜になると美しく照らされていた。
B200107,archaeologist,The archaeologist discovered an ancient artifact during the excavation.,その考古学者は発掘中に古代の遺物を発見しました。
B200108,arctic,The arctic region is known for its extreme cold weather.,北極地域は、その極端な寒さで知られています。
B200109,arena,The gladiators fought bravely in the arena.,剣闘士たちは闘技場で勇敢に戦った。
B200110,aristocracy,The aristocracy ruled the country for many years.,貴族政治は何年もの間、その国を支配していた。
B200111,armful,She carried an armful of books.,彼女は本を腕いっぱいに持っていました。
B200112,arouse,The loud noise outside my window was enough to arouse me from my deep sleep.,窓の外からの大きな音は、私を深い眠りから起こすのに十分でした。
B200113,arrogant,His arrogant attitude made him unpopular among his peers.,彼のその傲慢な態度は仲間内でも評判が悪かった。
B200114,artery,The coronary artery supplies blood to the heart muscle.,冠動脈は心筋に血液を供給します。
B200115,articulate,She can articulate her thoughts very clearly.,彼女は自分の考えをはっきりと言うことができる。
B200116,artificially,Rainmaking is a technique used to artificially induce rainfall.,人工降雨法は人工的に降雨を引き起こす技術です。
B200117,artistry,Her artistry in painting creates a mesmerizing effect.,彼女の絵画の芸術的効果は魅惑的な効果を生み出します。
B200118,ash,The ash from the volcano covered the entire town.,火山の灰が町全体を覆った。
B200119,aspiration,His aspiration to become a successful entrepreneur is truly inspiring.,彼の成功した起業家になるという大望は本当に感動的です。
B200120,aspire,She aspires to become a successful entrepreneur.,彼女は成功した起業家になることを大望しています。
B200121,assault,The police are investigating the assault that happened last night.,警察は昨夜発生した暴行事件を調査しています。
B200122,assemble,We need to assemble a team of experts for this project.,このプロジェクトのために、専門家のチームを集める必要があります。
B200123,assembly,The assembly of the new machine took longer than expected.,新しい機械の組み立ては予想よりも時間がかかった。
B200124,assert,He asserted that he was innocent.,彼は自分が無害であると主張した。
B200125,assess,The teacher will assess the students' performance in the final exam.,先生は最終試験での生徒たちのパフォーマンスを評価するでしょう。
B200126,assessment,"After completing the project, the team gathered to discuss the results and conduct a thorough assessment of their performance.",プロジェクトの完了後、チームは結果について話し合い、パフォーマンスの徹底的な評価を行うために集まりました。
B200127,assumption,"Your conclusion is based on an assumption, not on evidence.",あなたの結論は仮定に基づいており、証拠ではありません。
B200128,assurance,I need your assurance that you will complete the project on time.,あなたがプロジェクトを時間通りに完成させるという保証が必要です。
B200129,assure,I assure you that everything will be alright.,私はあなたに全てが大丈夫になることを保証します。
B200130,astonish,Her talent for singing will astonish you.,彼女の歌唱力はあなたを驚かせるでしょう。
B200131,astonished,How astonished I was to see this.,これを見たときの私の驚きといったら。
B200132,astonishing,The astonishing fact is that he has never missed a day of work in his life.,驚くべき事実は、彼が今まで一度も欠勤したことがないということです。
B200133,astonishment,His sudden arrival was a source of great astonishment.,彼の突然の到着は大いなる驚きの源でした。
B200134,astronomy,I have always been fascinated by astronomy.,私はいつも天文学に魅了されています。
B200135,athletics,I am very interested in athletics.,私は運動競技にとても興味があります。
B200136,attached,A card was attached to the gift.,贈り物にはカードが添えられてあった。
B200137,attainable,Setting realistic goals is important to ensure that they are attainable.,現実的な目標を設定することは重要であり、それらが達せられることを保証するために必要です。
B200138,attainment,Hard work and determination are key to the attainment of success.,努力と決意は成功を達成するのに不可欠です。
B200139,attendance,Your regular attendance at the meetings is crucial for the project's success.,プロジェクトの成功のためには、あなたが会議に定期的に出席することが重要です。
B200140,attentive,The attentive teacher noticed that one of her students was struggling.,注意深い先生は、彼女の生徒の一人が苦労していることに気づいた。
B200141,attentively,They were listening to the lecture attentively.,彼らは講義を熱心に聞いていた
B200142,attractiveness,The government has been working on enhancing the attractiveness of the country as an investment destination.,政府は投資先としての国の魅力を高めるために取り組んでいる。
B200143,attribute,He had all the attributes of a leader.,彼は指導者の資質を全て持っていた。
B200144,attribute,The director attributes the film's success to its innovative visual style.,監督は映画の成功を、その革新的な映像表現に帰属させている。
B200145,atypical,Her taste in music is atypical.,彼女の音楽の好みは型にはまらない。
B200146,aubergine,I love cooking with aubergine.,私はナスを使った料理が大好きです。
B200147,audit,The company hired an external auditor to conduct a thorough audit of its financial statements.,会社は外部の監査人を雇い、財務諸表の徹底的な監査を行いました。
B200148,audition,I have an audition for a new TV show next week.,来週、新しいテレビ番組のオーディションがあります。
B200149,authoritative,He is an authoritative figure in the industry.,彼はその業界で信頼すべき存在です。
B200150,authorize,The manager will authorize you to access the confidential files.,マネージャーはあなたに機密ファイルへのアクセス権を与えます。
B200151,availability,Please check the availability of the conference room for tomorrow.,明日の会議室の利用可能性を確認してください。
B200152,await,I will await your reply.,私はあなたの返事を待つでしょう。
B200153,awe,The grandeur of the mountains filled me with awe.,山々の壮大さに、私は畏敬の念を抱いた。
B200154,ax,He used an ax to chop the wood.,彼は木を切るためにおのを使った。
B200155,axis,The earth rotates on its axis.,地球はその軸上で回転します。
B200156,backup,I always keep a backup supply of food in case of emergencies.,緊急時のために、常に食料の予備を持っています。
B200157,backward,He took a step backward when he saw the snake.,彼は蛇を見て後方へ一歩下がった。
B200158,backyard,I spent the whole afternoon gardening in my backyard.,私は午後中ずっと裏庭でガーデニングをしていました。
B200159,badge,He proudly wore his badge on his uniform.,彼は自慢げに制服に記章をつけていた。
B200160,bad-tempered,My boss is often bad-tempered in the morning.,私の上司はよく朝に気難しい。
B200161,balance,I need to balance my work and personal life.,仕事とプライベートのバランスを取る必要があります。
B200162,balanced,"Despite the challenges, he remained balanced and resolute.",困難にもかかわらず、彼は意志強固でバランスを保ち続けました。
B200163,balky,The balky horse suddenly stopped in its tracks.,気難しい馬は突然立ち止まった。
B200164,ballad,She sang a beautiful ballad at the concert.,彼女はコンサートで美しい民謡を歌った。
B200165,ballet,I am learning ballet to improve my posture.,私は姿勢を改善するためにバレエを学んでいます。
B200166,ballot,I filled out my ballot for the upcoming election.,私は今後の選挙のために私の投票用紙を記入しました。
B200167,ban,The government issued a ban on smoking in public places.,政府は公共の場所での喫煙を禁止する命令を出しました。
B200168,ban,Smoking is banned in the train.,列車内で喫煙は禁じられている。
B200169,banker,My uncle is a successful banker.,私の叔父は成功した銀行家です。
B200170,bankrupt,War bankrupted the nation's resources and manpower.,戦争が国の資源と労働力を使い果たしてしまった。
B200171,bankruptcy,The company had to declare bankruptcy due to financial difficulties.,会社は財政難のために破産を宣言しなければならなかった。
B200172,barbershop,I'm going to the barbershop to get a haircut.,私は髪を切るために理髪店に行きます。
B200173,bare,He is too shy to bare his heart to her.,彼は恥ずかしがり屋なので、彼女に心を打ち明けられない。
B200174,bargain,The union bargained with the management.,組合は経営者側と賃金交渉をした。
B200175,bark,The dog started to bark when it saw a stranger.,その犬は見知らぬ人を見ると吠え始めました。
B200176,barley,The barley used in this beer is malted to enhance its flavor.,このビールに使用されている大麦は、風味を引き立てるために麦芽化されています。
B200177,barn,The old barn on the farm has been there for generations.,その農場の古い納家は何世代にもわたって存在しています。
B200178,barometer,The barometer indicates a change in the weather.,晴雨計は天気の変化を示しています。
B200179,barren,The barren land could not support any crops.,そのやせた土地では作物を育てることができなかった。
B200180,barrier,The barrier was put up to prevent unauthorized access.,そのバリアは、不正なアクセスを防ぐために設置されました。
B200181,bartender,The bartender served us our drinks with a friendly smile.,バーテンダーは親切な笑顔で私たちにドリンクを提供しました。
B200182,bathhouse,I am going to the bathhouse to relax.,私はリラックスするために浴場に行きます。
B200183,battlefield,The battlefield was filled with the echoes of gunfire and explosions.,戦場は銃火と爆発の反響で満たされていました。
B200184,beagle,I have a beagle named Max.,私はマックスという名前のビーグル犬を飼っています。
B200185,beak,The bird has a sharp beak.,その鳥は鋭いくちばしを持っています。
B200186,beam,The construction worker is installing the beam in the new building.,建設作業員が新しい建物にはりを取り付けています。
B200187,bearing,His calm and composed bearing in the face of adversity is truly admirable.,彼の逆境に対する落ち着いた態度は本当に称賛に値する。
B200188,beat,The runner's cadence matched the beat of the music.,ランナーの律動は音楽のリズムに合っていた。
B200189,beautify,She used makeup to beautify her appearance.,彼女は見た目を美しくするためにメイクを使った。
B200190,bellow,The cow bellowed loudly in the field.,牛は畑で大きな声で鳴きました。
B200191,belongings,Please make sure to gather all your belongings before you leave the train.,電車を降りる前に、あなたの所有物をすべてまとめてください。
B200192,bend,Be careful when driving on mountain roads with hairpin bends.,ヘアピンカーブのある山道を運転する際は注意してください。
B200193,beneficial,Regular exercise is beneficial to our health.,定期的な運動は私たちの健康に有益です。
B200194,benefit,This law will benefit the poor.,この法律は貧しい人々のためになるであろう。
B200195,benevolence,Her benevolence towards others is truly inspiring.,彼女の他人への善意は本当に感銘的です。
B200196,benevolent,She is known for her benevolent nature.,彼女は慈悲深い性格で知られています。
B200197,berry,I picked a ripe berry from the bush.,私は茂みから熟したベリーを摘みました。
B200198,bestow,The queen will bestow the title of knight on him for his bravery.,彼の勇敢さに対して、女王は彼に騎士の称号を授けるでしょう。
B200199,bestseller,The author's new book quickly became a bestseller.,その作家の新しい本はすぐにベストセラーになりました。
B200200,betray,He would never betray his country to the enemy.,彼は決して敵に自国を裏切ることはありません。
B200201,bewilder,Her sudden change in behavior bewildered me.,彼女の行動の急な変化に私は当惑しました。
B200202,bewilderment,I looked at the complicated instructions with bewilderment.,私は複雑な指示を当惑しながら見ました。
B200203,bid,The king bid his subjects to prepare for the upcoming war.,王は、その臣民に来るべき戦争の準備を命じた。
B200204,bidding,The bidding for the antique vase started at $500.,そのアンティークの花瓶の入札は500ドルから始まった。
B200205,bikini,She bought a new bikini for the summer vacation.,彼女は夏休みのために新しいビキニを買いました。
B200206,billion,The company's net worth is over a billion dollars.,その会社の純資産は10億ドル以上です。
B200207,bind,She used a rope to bind the firewood together.,彼女はロープを使って薪を一緒に縛りました。
B200208,bio,He tried to sell himself with an alluring bio.,彼は魅力的な経歴紹介で自信を売り込もうとした。
B200209,biological,Biological research is essential for understanding the complexities of life.,生物学の研究は生命の複雑さを理解するために不可欠です。
B200210,biotechnology,The advancements in biotechnology have revolutionized the medical field.,生物工学の進歩は医療分野を革新しました。
B200211,birdcage,I bought a beautiful birdcage for my parrot.,私は私のオウムのために美しい鳥かごを買いました。
B200212,birthplace,My birthplace is a small town in the countryside.,私の出生地は田舎の小さな町です。
B200213,bitterly,He bitterly regretted his past mistakes.,彼は過去の間違いをひどく後悔した。
B200214,bizarre,The movie had a bizarre [[plot twist]].,この映画には奇妙な筋書きがあった。
B200215,blade,The blade of the knife was extremely sharp.,そのナイフの刃は非常に鋭かった。
B200216,blast,A sudden blast of wind blew her hat off.,突然の風の一吹きで彼女の帽子が飛ばされた。
B200217,blast,The rocket blasted out of the atmosphere.,ロケットは大気圏外へ飛んでいった。
B200218,blaze,The forest was quickly consumed by the blaze.,その森はすぐに炎に飲み込まれた。
B200219,blaze,"Her wit blazed throughout the court, her every quip met with laughter and admiration.",彼女の機知は宮廷中に轟き、すべての小言は笑いと賞賛に包まれた。
B200220,blend,This coffee is a blend of Java and Brazil.,このコーヒーはジャワとブラジルのブレンドだ。
B200221,blindly,He followed the instructions blindly without understanding the consequences.,彼は結果を理解せずに、盲目的に指示に従いました。
B200222,blindness,His sudden blindness shocked everyone in the family.,彼の突然の盲目は家族全員を驚かせました。
B200223,blink,"Without realizing it, I often blink when I'm nervous.",気づかないうちに、私は緊張するとよくまばたきします。
B200224,bloodstream,The oxygen is carried through the bloodstream to all parts of the body.,酸素は血流を通じて体のすべての部分に運ばれます。
B200225,bloody,The cut on his hand was bloody.,彼の手の切り傷は出血していた。
B200226,bloody,He bloody well knew he shouldn't have eaten that entire pie.,パイを全部食べるべきじゃなかったと、彼は分かりきっていた。
B200227,blooming,The park is blooming with a variety of flowers.,公園はさまざまな花で花盛りです。
B200228,blossom,The cherry trees are in full blossom.,桜の木は満開の花です。
B200229,blur,The mountain was blurred by fog.,霧のため山の輪郭がぼんやりしていた。
B200230,blurt,"The unexpected proposal hung in the air, a nervous blurt trapped in the speaker's throat.",予期せぬ提案は宙に浮き、緊張のあまり、発言者は言葉に詰まってしまった。
B200231,blush,"What with joy and shame, she blushed to the ears.",嬉しいやら恥ずかしいやらで、彼女は耳まで赤くなった。
B200232,boiling,Put some salt into the boiling water.,沸騰している湯に塩を入れなさい。
B200233,bold,The title of the document was written in bold.,そのドキュメントのタイトルは太字で書かれていました。
B200234,bolt,I need a bolt to fasten the wooden planks together.,木の板を固定するためにボルトが必要です。
B200235,bolt,The baker carefully bolted the flour through a fine sieve.,パン職人は小麦粉を丁寧に目の細かいふるいにかけた。
B200236,bombard,The endless bombard of marketing emails forced them to create multiple filters just to find legitimate messages.,終わりのないマーケティング・メールの洪水のため、正しいメッセージを見つけるために複数のフィルターの作成を余儀なくさせられた。
B200237,bomber,The bomber was flying high in the sky.,爆撃機は高く空を飛んでいました。
B200238,bombing,The indiscriminate bombing caused widespread destruction.,無差別な爆撃は広範な破壊を引き起こしました。
B200239,bony,He has a bony face.,彼は骨のある顔をしている。
B200240,bookish,She is a bookish person who loves to read.,彼女は本好きで、読書が大好きな人です。
B200241,booklet,I found an interesting booklet at the bookstore.,私は書店で面白い小冊子を見つけました。
B200242,bookmark,I always use a bookmark to mark my place in a book.,私はいつも本のしおりを使って、本のページをマークします。
B200243,bookmark,I always bookmark interesting articles to read later.,いつも興味深い記事を後で読むためにブックマークします。
B200244,boost,Regular exercise can boost your energy levels.,定期的な運動はエネルギーレベルを増加させることができます。
B200245,boost,They all boosted the candidate.,彼らは皆その候補者を応援した。
B200246,booth,I set up a booth at the local fair to sell my handmade crafts.,地元の祭りで手作りの工芸品を売るために仮小屋を設置しました。
B200247,bossy,She is always bossy and likes to be in control.,彼女はいつも親分風を吹かせて、コントロールしたがります。
B200248,botany,She studied botany in college.,彼女は大学で植物学を勉強しました。
B200249,bothered,I don't have time to be bothered by such small things.,私はそんな小さなことにわずらわされるヒマはない。
B200250,bothersome,Dealing with difficult customers can be bothersome.,厄介なお客様との取引はやっかいかもしれません。
B200251,bottle,Please bottle the homemade wine.,手作りのワインをボトルに詰めてください。
B200252,bounce,In tennis you have to hit the ball before its second bounce.,テニスでは、ボールが2バウンドする前に打たなければならない。
B200253,bourbon,I enjoy sipping on a glass of bourbon after a long day.,長い一日の後、私はバーボンのグラスを飲むのを楽しんでいます。
B200254,bow,She bowed deeply to show her respect.,彼女は敬意を表すために深々とお辞儀をした。
B200255,boxer,He is a professional boxer.,彼はプロのボクサーです。
B200256,bracket,The shelf is supported by brackets.,棚はブラケットで支えられています。
B200257,brag,His brag about his new car was quite annoying.,彼の新しい車についての自慢はかなりうっとうしかった。
B200258,brake,She braked hard when she saw a child run out into the road.,彼女は子供が道路に飛び出すのを見て強くブレーキをかけた。
B200259,bravery,She showed great bravery in the face of danger.,彼女は危険に立ち向かう勇敢さを示しました。
B200260,breakable,"Be careful with that glass, it's breakable.",そのグラスは破れやすいので注意してください。
B200261,breakdown,My car had a breakdown on the way to work.,仕事に行く途中で車が故障しました。
B200262,breakup,"After the breakup, they decided to remain friends.",別れた後も、二人は友人であり続けることにした。
B200263,breathtaking,The view from the top of the mountain was breathtaking.,山の頂上からの景色は息をのむようなものだった。
B200264,breed,The borzoi is a breed of dog that originated in Russia.,ボルゾイは、ロシア原産の犬の品種です。
B200265,breezy,The weather today is breezy and pleasant.,今日の天気はそよ風が吹いて心地よいです。
B200266,brewery,I visited a local brewery and tried their craft beers.,地元のビール醸造所を訪れて、彼らのクラフトビールを試しました。
B200267,brilliantly,The stars shone brilliantly in the night sky.,夜空に星がきらきらと輝いていた。
B200268,broadband,"With the upgrade to fiber optic broadband, streaming movies feels effortless now.",光ブロードバンドにアップグレードしたことで、映画のストリーミングも楽に感じられるようになった。
B200269,broadcast,The radio broadcast the news in detail.,ラジオがこのニュースを詳しく放送した。
B200270,broadcaster,The broadcaster announced the news to the public.,放送者はニュースを一般に発表しました。
B200271,broaden,Traveling can broaden your horizons and expand your perspective.,旅行することで視野が広がり、視点が広がることがあります。
B200272,broadly,She has a broadly diverse range of interests.,彼女は広く多様な興味を持っています。
B200273,brochure,I picked up a brochure at the tourist information center.,私は観光案内所でパンフレットを手に取りました。
B200274,brother-in-law,My brother-in-law is coming to visit us this weekend.,今週末、義理の兄が私たちを訪ねてきます。
B200275,browse,I like to browse through books at the bookstore.,私は本屋で本を眺めるのが好きです。
B200276,browser,I use a web browser to surf the internet.,私はインターネットを閲覧するためにウェブブラウザを使用します。
B200277,bruise,She had a bruise on her arm.,彼女の腕に打撲傷があった。
B200278,bud,I saw a beautiful bud blooming in the garden.,私は庭で美しいつぼみが咲き始めているのを見ました。
B200279,budget,The store is planning a budget sale next month.,その店は来月大安売りを計画している。
B200280,bulimia,she lapsed into bulimia as a result of her diet.,彼女はダイエットの結果、過食症になった。
B200281,bully,He just loves to bully people.,彼はただ人をいじめるのが好きなだけです。
B200282,bum,She fell and hurt her bum.,彼女は転んでおしりを痛めました。
B200283,bumper,The car's bumper was damaged in the accident.,事故で車のバンパーが損傷しました。
B200284,bun,I bought a delicious bun from the bakery.,私はパン屋から美味しいロールパンを買いました。
B200285,burden,They were burdened with heavy taxes.,彼らは重税に悩まされた。
B200286,burdensome,The heavy workload became burdensome for him.,彼にとって、重い仕事量は重荷となった。
B200287,bureaucracy,The bureaucracy in this government is incredibly inefficient.,この政府の官僚制度は非常に効率が悪いです。
B200288,burglary,There has been a recent increase in burglary in this neighborhood.,この地域で最近住宅侵入が増加しています。
B200289,burgle,"The thieves attempted to burgle the jewelry store, but were caught by the police.",泥棒たちは宝石店を強盗しようとしたが、警察に捕まった。
B200290,burial,The burial ceremony was held in a peaceful cemetery.,埋葬の儀式は平和な墓地で行われました。
B200291,bustle,The city streets bustle with people rushing about.,街の通りはせかせかと動き回る人々で賑わっている。
B200292,bustling,The bustling city streets were filled with people rushing to work.,賑やかな街の通りは仕事へ急ぐ人々でいっぱいだった。
B200293,butcher,He raises pigs and butchers his own meat.,彼は豚を飼い、自ら肉を捌く。
B200294,buzz,I could hear the buzz of the bees in the garden.,庭でハチのブンブンいう音が聞こえました。
B200295,buzz,The square buzzed with excitement.,広場は興奮でわきたった。
B200296,cabinet,The president appointed a new cabinet.,大統領は新しい閣僚を任命しました
B200297,cable,I need to buy a new cable for my phone.,私は携帯電話用の新しいケーブルを買う必要があります。
B200298,calmly,She calmly walked into the room.,彼女は静かに部屋に入ってきました。
B200299,campaign,The military launched a campaign to secure the border.,軍事は国境を確保するためのキャンペーンを開始しました。
B200300,candidate,He is a strong candidate for the position.,彼はそのポジションの有力候補者です。
B200301,cane,He uses a cane to help him walk.,彼は歩くのに杖を使います。
B200302,cannonball,The cannonball flew through the air and hit the castle wall.,砲弾は空中を飛んで城壁に当たった。
B200303,canon,The canon of the church provides guidance on religious doctrine and moral conduct.,教会の教理は、宗教の教義や道徳的な行動についての指針を提供します。
B200304,capability,She has the capability to solve complex problems.,彼女は複雑な問題を解決する能力を持っています。
B200305,caption,The caption of the photo explained the meaning behind it.,写真の題目はそれの意味を説明していた。
B200306,captive,The soldiers managed to rescue the captive from the enemy camp.,兵士たちは敵のキャンプから捕虜を救出することに成功しました。
B200307,caravan,The caravan traveled through the desert.,隊商は砂漠を旅しました。
B200308,carbon,Carbon is an essential element in organic compounds.,炭素は有機化合物において必須の元素です。
B200309,carbon dioxide,Carbon dioxide is a greenhouse gas.,二酸化炭素は温室効果ガスです。
B200310,carbon footprint,I try to lessen my carbon footprint by using public transportation.,私は公共交通機関を利用することで自分の二酸化炭素排出量を少なくしようとしています。
B200311,carbon monoxide,Carbon monoxide is a toxic gas.,一酸化炭素は有毒なガスです。
B200312,cardboard,I recycled the cardboard boxes.,私は厚紙の箱をリサイクルしました。
B200313,cardigan,I love wearing my cozy cardigan on chilly days.,寒い日には、居心地の良いカーディガンを着るのが大好きです。
B200314,carefree,"She lived a carefree life, always smiling and enjoying every moment.",彼女は心配のない生活を送り、いつも笑顔で毎瞬間を楽しんでいました。
B200315,caring,You have many caring friends.,君には心配してくれる友達がたくさんいる。
B200316,carnival,I had so much fun at the carnival.,私は謝肉祭でとても楽しい時を過ごした。
B200317,carpool,We have a carpool arrangement where a few car owners take turns giving each other rides.,私たちは車の所有者数人が交替でお互いを乗せて行くカープールの取り決めがあります。
B200318,carve,He used a knife to carve a beautiful sculpture out of wood.,彼はナイフを使って木から美しい彫刻を彫った。
B200319,cascade,The waterfall formed a beautiful cascade down the mountainside.,滝は山肌を伝って美しいカスケード（段々の流れ）を作っていた
B200320,cast,She has her arm in a cast.,彼女は腕にギブスをはめている。
B200321,cast,He cast a vote for the proposition.,彼はその提案に賛成票を投じた。
B200322,casually,I bumped into him casually at the grocery store.,スーパーで偶然彼に出くわした。
B200323,catalog,I received a new catalog in the mail today.,今日、郵便で新しい目録を受け取りました。
B200324,catalyst,The catalyst is essential for the chemical reaction to occur.,触媒は化学反応が起こるために不可欠です。
B200325,catastrophe,The earthquake caused a catastrophe in the city.,地震が都市で大災害を引き起こしました。
B200326,catastrophic,The earthquake caused catastrophic damage to the city.,地震は都市に悲劇的な被害をもたらしました。
B200327,catchy,The catchy tune stuck in my head all day.,そのキャッチーな曲は一日中頭から離れなかった。
B200328,categorization,"In some categorizations, tomatoes are fruit, while in others they are considered vegetables.",トマトは、ある分類では果物であるが、他の分類では野菜と考えられる。
B200329,catering,I arranged catering for tomorrow's party.,明日のパーティーにはケータリングを手配しました。
B200330,cathedral,The cathedral is a magnificent example of Gothic architecture.,大聖堂はゴシック建築の見事な例です。
B200331,cause,The cause of the problem is indeterminable.,問題の原因は解決できない。
B200332,cease,The fighting ceased after the peace treaty was signed.,平和条約が署名された後、戦闘は終了した。
B200333,ceiling,The spider was crawling on the ceiling.,クモが天井を這っていました。
B200334,cellar,I store my food in the cellar.,私は地下室に食料を保管しています。
B200335,cellist,She is a talented cellist.,彼女は才能あるチェロ奏者です。
B200336,cello,She plays the cello beautifully.,彼女はチェロを美しく演奏します。
B200337,cemetery,I visited the cemetery to pay my respects to my grandparents.,私は祖父母に敬意を表するために墓地を訪れました。
B200338,centigrade,The number at the bottom is the recommended water temperature in Centigrade.,一番下の数字は摂氏で表示された推奨水温です。
B200339,certificate,I received a certificate for completing the course.,私はコースを修了したことを証明するための証明書を受け取りました。
B200340,certification,She received her certification as a yoga instructor.,彼女はヨガインストラクターの資格を取得しました。
B200341,certify,The document needs to be certified before it can be submitted.,書類は提出する前に証明される必要があります。
B200342,challenge,Betty challenged me to a game of tennis.,ベティは私にテニスの試合を挑んだ。
B200343,chancellor,The chancellor is responsible for leading the government.,首相は政府を指導する責任があります。
B200344,chaotic,The party was chaotic with people running around and music blaring.,パーティーは人々が走り回り、音楽が轟音となるなど、混とんとしていた。
B200345,characteristic,It is characteristic of him to do such a thing.,そんなことをするとはいかにも彼らしい。
B200346,charming,She has a charming personality.,彼女は魅力的な性格を持っています。
B200347,chase,The policeman chased the thief.,その警官は泥棒を追跡した。
B200348,cheat,"He tried to cheat on the test, but he got caught.",彼はテストでカンニングしようとしたが、バレた。
B200349,checkpoint,I was stopped at the checkpoint for a routine inspection.,私は検問所で定期的な検査のために止められました。
B200350,cheeky,He made a cheeky comment during the meeting.,彼は会議中にずうずうしいコメントをした。
B200351,cheerfully,He talks very cheerfully.,彼はとても楽しそうに話す。
B200352,cheerfulness,She overcame the hardship with her characteristic cheerfulness.,彼女は持ち前の明るさで困難を乗り越えた。
B200353,chemotherapy,She underwent chemotherapy to treat her cancer.,彼女はがんを治療するために化学療法を受けました。
B200354,cherished,Loyalty is a virtue that should be cherished.,忠義は大切にすべき美徳です。
B200355,cherry,I picked some delicious cherries from the tree.,私は木から美味しいサクランボを摘みました。
B200356,chew,I chew my food thoroughly before swallowing.,私は食べ物をよく噛んでから飲み込みます。
B200357,chief,He is the chief of the company.,彼はその会社の最高位の人物です。
B200358,childish,He still has a childish sense of humor.,彼はまだ子供っぽいユーモアのセンスを持っている。
B200359,chimney,The smoke billowed out of the chimney.,煙が煙突から立ちのぼった。
B200360,chip,I ordered a bag of potato chips.,私はポテトチップスの袋を注文しました。
B200361,chop,I need to chop some vegetables for dinner.,夕食のために野菜を切る必要があります。
B200362,chunk,I ordered a chunk of steak for dinner.,夕食に厚切りのステーキを注文しました。
B200363,circuit,The circuit was designed to optimize energy efficiency.,その回路はエネルギー効率を最適化するために設計されました。
B200364,circuitry,The circuitry of the device is responsible for controlling the flow of electricity.,デバイスの回路は電気の流れを制御する役割を担っている。
B200365,circumstance,"I am not able to control the circumstances, but I can control my reaction to them.",私は状況をコントロールすることはできませんが、それに対する反応はコントロールできます。
B200366,citywide,Citywide protests began to happen to the case that was really beginning to fade.,忘れられかけていたその事件に対する抗議の声が市全体で上がった。
B200367,clam,I found a beautiful clam on the beach.,私は浜辺で美しいハマグリを見つけました。
B200368,clap,We clapped our hands.,私たちは拍手した。
B200369,clarify,Could you please clarify your question?,質問を明確にしていただけますか？
B200370,classic,Reading classics is not easy.,古典を読むことは容易ではない。
B200371,classification,Classification is an important step in data analysis.,分類はデータ分析における重要なステップです。
B200372,clause,This clause states that all employees must wear a uniform.,この条項には、全ての従業員は制服を着用しなければならないと記載されています。
B200373,clearness,The instructions were written with great clearness.,指示は非常に明白さを持って書かれていました。
B200374,clerical,She works as a clerical assistant in the office.,彼女はオフィスで事務アシスタントとして働いています。
B200375,client,The lawyer met with the client to discuss the case.,弁護士は依頼人と会って事件について話し合った。
B200376,climate change,Climate change is a global issue that requires immediate action.,気候変動は即座の対策が必要な世界的な問題です。
B200377,clog,I accidentally dropped my phone in the sink and now it's clogged with water.,うっかりとスマートフォンをシンクに落としてしまい、今は水で詰まってしまっています。
B200378,closure,The closure of the factory resulted in the loss of many jobs.,工場の閉鎖により、多くの仕事が失われました。
B200379,clothing,She bought new clothing for the party.,彼女はパーティーのために新しい洋服を買いました。
B200380,clumsy,He was so clumsy that he [[tripped over|trip over]] his own feet.,彼は自分の足でつまずくほど不器用だった。
B200381,coach,I was coached by a professional athlete for the upcoming marathon.,私は、これからのマラソンのためにプロのアスリートにコーチされました。
B200382,coaching,"Despite the team's strong individual athletes, they suffered throughout the season due to a lack of cohesive coaching and strategic guidance.",選手個々の力は強かったものの、まとまりのないコーチングと戦略的指導の欠如により、シーズンを通して苦戦を強いられた。
B200383,coalition,The coalition government was formed to address the country's economic crisis.,連立政権は国の経済危機に対処するために形成されました。
B200384,coarse,The fabric of the shirt is coarse.,シャツの生地は粗末です。
B200385,coastline,The coastline of this country is breathtaking.,この国の海岸線は息をのむほど美しいです。
B200386,cocktail,I ordered a cocktail at the bar.,私はバーでカクテルを注文しました。
B200387,cocoa,I love to drink hot cocoa on a cold winter day.,寒い冬の日にホットココアを飲むのが大好きです。
B200388,coconut,I love the taste of coconut in my smoothies.,私はスムージーに入ったココナツの味が大好きです。
B200389,coherence,The coherence between the team members was evident in their seamless collaboration.,チームメンバー間の一貫性が、彼らのシームレスな協力に表れていました。
B200390,coherent,His argument was coherent and well-reasoned.,彼の主張は筋の通ったものであり、論理的にも妥当だった。
B200391,coincide,"Our schedules coincide, so we can meet up for lunch.",私たちのスケジュールが重なるので、昼食を一緒に取ることができます。
B200392,coincidence,It was just a coincidence that we both wore the same outfit.,私たちが同じ服を着たのは偶然の一致だった。
B200393,collapse,The house collapsed in an earthquake.,家は地震で倒れた。
B200394,colleague,I have a meeting with my colleague tomorrow.,明日、同僚と会議があります。
B200395,collector,She is an avid collector of vintage stamps.,彼女はヴィンテージ切手の熱心な収集家です。
B200396,collocation,Collocation is the arrangement of words in a sentence.,配置とは、文の中での単語の配置のことです。
B200397,colon,The time is 12:30.,時間は12時30分です。
B200398,colonial,The country gained independence from its colonial rulers.,その国は植民地支配者から独立を達成した。
B200399,coma,He fell into a coma after the accident.,彼は事故後、昏睡状態に陥った。
B200400,comb,She combed her hair before going out.,彼女は外出する前に髪をとかした。
B200401,comfortably,She slept comfortably on the soft bed.,彼女は柔らかいベッドで快適に眠った。
B200402,commander,The commander led his troops into battle.,指揮官は部隊を戦闘に導いた。
B200403,commemorate,We will commemorate our anniversary with a special ceremony.,私たちは特別なセレモニーで記念日を祝います。
B200404,comment,He commented on his unsuccessful business negotiation.,彼は不成功に終わった商談について意見を述べた。
B200405,commerce,E-commerce has revolutionized the way we shop.,Eコマースは私たちの買い物の仕方を革命化しました。
B200406,commercial,I love that commercial.,私はあのＣＭが大好きです。
B200407,commission,He received a commission for his artwork.,彼は自分の作品に対して手数料を受け取った。
B200408,commonwealth,The commonwealth is a group of countries that are united by their shared history and values.,コモンウェルスは、共有の歴史と価値観によって結ばれた国のグループです。
B200409,communicative,She is a very communicative person.,彼女はとても話好きな人です。
B200410,community,The community came together to celebrate their shared cultural heritage.,コミュニティの人々は、共通の文化遺産を祝うために集まりました。
B200411,commute,I commute to work by train every day.,私は毎日電車で通勤しています。
B200412,compassion,She showed great compassion towards the homeless man.,彼女はホームレスの男性に対して大きなあわれみを示しました。
B200413,compassionate,She showed compassionate towards the homeless man.,彼女はホームレスの男性に対して思いやりを示しました。
B200414,compatible,These two software programs are compatible with each other.,これらの2つのソフトウェアプログラムは互換性があります。
B200415,compensate,The company will compensate the employees for their overtime work.,会社は従業員に残業代を補償します。
B200416,compensation,The company provided compensation to the employees affected by the accident.,会社は事故によって影響を受けた従業員に補償を提供しました。
B200417,competence,She demonstrated her competence by completing the project ahead of schedule.,彼女はプロジェクトを予定よりも早く完了させることで自分の能力を示しました。
B200418,competent,She is a competent manager who can handle any task efficiently.,彼女はどんな仕事も効率的に処理できる有能なマネージャーです。
B200419,compile,I need to compile all the data before the meeting.,会議前にすべてのデータをまとめる必要があります。
B200420,completion,The completion of the project is scheduled for next month.,プロジェクトの完成は来月予定されています。
B200421,complexion,She has a beautiful complexion.,彼女は美しい顔色をしています。
B200422,complexity,Understanding the complexity of the human brain is a challenging task.,人間の脳の複雑さを理解することは困難な課題です。
B200423,component,The component is made up of several parts.,その構成要素はいくつかの部品で構成されています。
B200424,comprehension,Reading comprehension is an important skill for academic success.,読解力は学業の成功に重要なスキルです。
B200425,comprehensive,The report provides a comprehensive analysis of the market trends.,そのレポートは市場のトレンドの包括的な分析を提供しています。
B200426,compress,Apply a compress to the affected part every two hours.,２時間毎に患部を湿布しなさい。
B200427,compression,The compression of the file allowed us to save storage space.,ファイルの圧縮により、ストレージスペースを節約できました。
B200428,compromise,The mayor will compromise to a certain extent.,市長はある程度妥協するだろう。
B200429,compulsory,Wearing a seatbelt is compulsory while driving.,運転中はシートベルトの着用が強制されています。
B200430,compute,I need to compute the total cost of the project.,私はプロジェクトの総費用を計算する必要があります。
B200431,conceal,She tried to conceal her excitement when she saw the surprise party.,彼女はサプライズパーティを見た時、興奮を隠そうとした。
B200432,concede,He finally conceded defeat and congratulated his opponent.,彼はついに敗北を認め、相手を祝福した。
B200433,conceit,His conceit knows no bounds.,彼のうぬぼれは限りなく大きい。
B200434,conceivable,It is conceivable that she will win the competition.,彼女がコンテストに勝つことは考えられる。
B200435,conceive,They conceived a plan to surprise the enemy.,彼らは敵をびっくりさせる計画を思いついた。
B200436,conception,The conception of the project was a great success.,プロジェクトの構想は大成功だった。
B200437,concern,I have a concern about the project deadline.,私はプロジェクトの期限について懸念があります。
B200438,concerning,I have some questions concerning the new project.,新しいプロジェクトについて質問があります。
B200439,concession,"Despite the concession made by the company, the workers were still unsatisfied with the new contract.",会社が行った譲歩にもかかわらず、労働者たちは新しい契約に不満を持っていました。
B200440,concrete,The architect drew up detailed plans for the concrete building.,建築家は具体的な建物の詳細な計画を作成しました。
B200441,concrete,The foundation is bedded in concrete.,土台はコンクリートで固められている。
B200442,condemn,The judge condemned the defendant for his actions.,裁判官は被告の行為を非難した。
B200443,conduct,The scientist conducted extensive research on the subject.,科学者はそのテーマに関して広範な研究を行った。
B200444,conductor,The conductor led the orchestra with great skill.,指揮者は大きな技術でオーケストラを指導しました。
B200445,cone,I ate an ice cream cone.,アイスクリームコーンを食べた。
B200446,conference,I attended a conference last week.,先週、私は会議に出席しました。
B200447,conferencing,We use video conferencing for our meetings to save travel time.,私たちは移動時間を節約するために、会議にビデオ会議を使用します。
B200448,confess,He decided to confess his crime to the police.,彼は自分の犯罪を警察に白状することを決めた。
B200449,confession,He made a confession to the police.,彼は警察に自白した。
B200450,confidently,She confidently walked onto the stage and delivered an amazing performance.,彼女は自信をもってステージに歩み出し、素晴らしいパフォーマンスを披露しました。
B200451,confine,The study will confine its focus on children under 10 years old.,その研究は10歳未満の子供に焦点を限定する。
B200452,confront,I had to confront my fears in order to overcome them.,私はそれらを克服するために恐怖に立ち向かわなければならなかった。
B200453,conjunction,"In English grammar, we use conjunctions to join sentences together.",英文法では、文をつなぎ合わせるために接続詞を使います。
B200454,conquest,The army launched a successful conquest of the enemy territory.,軍は敵地の征服に成功した。
B200455,conscience,He followed his conscience and did the right thing.,彼は良心に従って正しいことをした。
B200456,consciousness,Consciousness is the awareness or perception of something.,意識とは何かを認識または感知することです。
B200457,consensus,"After much discussion, we finally reached a consensus on the issue.",長い議論の末、私たちはついにその問題についての一致を見た。
B200458,consent,Silence often implies consent.,沈黙は承諾を意味する事が多い。
B200459,considerably,The price of the car has increased considerably.,車の価格はかなり上がりました。
B200460,considering,"I would love to go to the party, considering I have no other plans.",他の予定がないことを考えると、パーティーに行きたいと思います。
B200461,considering,"Considering the price, this restaurant is really good.",値段を考えると、このレストランは本当に良いです。
B200462,consistent,His actions are consistent with his words.,彼の行動は、彼の言動と一致している。
B200463,consolation,Her kind words were a great consolation to me during a difficult time.,彼女の優しい言葉は、困難な時に私にとって大きな慰めでした。
B200464,console,I always console my friend when she's feeling down.,彼女が落ち込んでいる時はいつも彼女を慰めます。
B200465,constant,His constant complaining is such a botheration.,彼の絶え間ない不平は本当にうるさい。
B200466,consult,I need to consult with my lawyer before making a decision.,決定する前に弁護士に相談する必要があります。
B200467,consultant,The consultant provided expert advice to the company.,コンサルタントは企業に専門的な助言を提供しました。
B200468,contaminate,The oil spill contaminated the ocean water.,油の流出が海水を汚染しました。
B200469,contemporary,Contemporary art often challenges traditional norms and conventions.,現代美術はしばしば伝統的な規範や慣習に挑戦します。
B200470,contempt,She looked at him with contempt.,彼女は軽蔑の目で彼を見た。
B200471,content,I am content with my life.,私は自分の人生に満足しています。
B200472,contract,The contract was signed yesterday.,契約は昨日署名されました。
B200473,contradict,I cannot contradict the fact that he is a talented musician.,彼が才能あるミュージシャンであるという事実を否定することはできません。
B200474,contradiction,There is a contradiction in his statement.,彼の発言には矛盾がある。
B200475,contradictory,His actions are contradictory to his words.,彼の行動は彼の言葉と矛盾している。
B200476,controversy,There is a lot of controversy surrounding the new government policy.,新しい政府の政策には多くの論争がある。
B200477,conveniently,I live conveniently close to the grocery store.,私は都合よくスーパーマーケットの近くに住んでいます。
B200478,convention,The convention was signed by all participating countries.,その条約は、参加するすべての国々によって署名されました。
B200479,conventional,The company decided to stick with conventional methods for the project.,その会社はプロジェクトにおいて従来の方法を使い続けることを決めた。
B200480,converse,The converse is also true.,逆もまた真なり。
B200481,conversely,"Conversely, while some people enjoy spicy food, others prefer milder flavors.",逆に、辛い食べ物が好きな人もいれば、他の人はマイルドな味を好む。
B200482,conversion,The conversion of energy from one form to another is a fundamental concept in physics.,エネルギーの形式の変換は、物理学における基本的な概念です。
B200483,convert,I need to convert the file to a different format.,ファイルを別の形式に変換する必要があります。
B200484,convinced,I am convinced that he is innocent.,彼が無実であることを確信しています。
B200485,cool,It has cooled off.,涼しくなりました。
B200486,cooperate,We need to cooperate with each other to achieve our goals.,私たちは目標を達成するためにお互いに協力する必要があります。
B200487,cooperation,Cooperation is essential for success.,成功するためには協力が不可欠です。
B200488,cooperative,They have a cooperative approach to problem-solving.,彼らは問題解決に協力的なアプローチを持っています。
B200489,cope,She learned how to cope with stress through meditation.,彼女は瞑想を通じてストレスと上手に付き合う方法を学びました。
B200490,copper,Copper is a versatile metal that is used in various industries.,銅はさまざまな産業で使用される多目的な金属です。
B200491,coral,The coral reefs are home to a diverse range of marine life.,サンゴ礁は多様な海洋生物の生息地です。
B200492,core,This is the core of the problem.,これがその問題の核心である。
B200493,cornerstone,The cornerstone of the building was laid on a sunny day.,建物の礎石は晴れた日に据えられた。
B200494,cornet,She played the cornet in the school band.,彼女は学校のバンドでコルネットを演奏しました。
B200495,corona,"During the total solar eclipse, the corona is visible.",皆既日食のときには、コロナが見えます。
B200496,corporal,The corporal punishment was deemed too harsh by the parents.,保護者たちは、その体罰があまりにも厳しすぎると考えた。
B200497,corporate,The corporate sector plays a vital role in the economy.,法人セクターは経済において重要な役割を果たしています。
B200498,corporation,The corporation has announced a new partnership.,その企業は新しいパートナーシップを発表しました。
B200499,correct,Correct the following sentences.,次の文の誤りを直しなさい。
B200500,correctness,It is important to prioritize correctness in our work.,仕事において正しさを優先することは重要です。
B200501,correspond,The results of the experiment correspond to the predicted outcomes.,実験の結果は予測された結果と一致する。
B200502,correspondence,I received a correspondence from my boss today.,今日、上司から連絡がありました。
B200503,correspondent,The correspondent reported live from the scene of the protest.,特派員は抗議の現場から生中継しました。
B200504,corresponding,The two triangles were proven to be congruent after comparing their corresponding angles and side lengths.,2つの三角形は、対応する角度と辺の長さを比較することで、合同であることが証明された。
B200505,corridor,I walked down the corridor and entered my room.,私は廊下を歩いて自分の部屋に入った。
B200506,corrupt,The corrupt politician was finally exposed and arrested.,腐敗した政治家はついに暴露され、逮捕されました。
B200507,corruption,Corruption is a serious problem in many countries.,腐敗は多くの国で深刻な問題です。
B200508,costly,The designer handbag was too costly for me to afford.,私には手の届かないほどデザイナーハンドバッグは高価でした。
B200509,costume,She wore a beautiful costume for the Halloween party.,彼女はハロウィンパーティーのために美しい衣装を着ていました。
B200510,cottage,I spent a peaceful weekend at a cozy cottage in the countryside.,私は田舎の居心地の良いコテージで平和な週末を過ごしました。
B200511,cough,I have a cough.,せきが出ます。
B200512,counter,I need to go to the counter to check in for my flight.,フライトのチェックインのためにカウンターに行かなければなりません。
B200513,countryman,He felt a sense of camaraderie when he met his fellow countrymen abroad.,彼は海外で同国人に出会った時、連帯感を感じた。
B200514,countrywide,The countrywide lockdown imposed to control the pandemic had a significant impact on the economy.,パンデミックを抑制するために国全体が封鎖されたことは、経済に大きな影響を与えた。
B200515,courtesy,Courtesy is important in any social interaction.,礼儀はどんな社会的な交流においても重要です。
B200516,coward,He is a coward and always avoids confrontations.,彼はおくびょう者で、いつも対立を避けます。
B200517,cowardly,He is a cowardly person.,彼はおくびょうな人です。
B200518,coziness,I love the coziness of my favorite coffee shop.,私はお気に入りのカフェの居心地の良さが大好きです。
B200519,cozy,I love to curl up with a good book in my cozy living room.,私は居心地の良いリビングルームで良い本と一緒にくつろぐのが大好きです。
B200520,crab,I love eating crab.,私はカニを食べるのが大好きです。
B200521,crack,I heard a loud crack coming from the tree.,木から大きな割れる音が聞こえた。
B200522,crack,The ice cracked under the weight.,重みで氷が砕けた。
B200523,craftsman,The craftsman carefully carved the intricate design into the wood.,職人は丁寧に複雑なデザインを木に彫り込んだ。
B200524,crater,The astronauts explored the lunar crater.,宇宙飛行士たちは月のクレーターを探索しました。
B200525,crawl,The baby learned to crawl.,赤ちゃんははうことを学びました。
B200526,crease,She ironed out the crease in her shirt.,彼女はシャツのしわをアイロンで伸ばした。
B200527,creation,The artist's creation was admired by many.,その芸術家の創造物は多くの人に称賛されました。
B200528,creatively,His stories helped me to think more creatively.,彼の話のおかげで、私はより独創的な考えができるようになった。
B200529,creek,I love to sit by the creek and listen to the soothing sound of flowing water.,私は小川のそばに座って、流れる水の心地よい音を聞くのが好きです。
B200530,creepy,The old abandoned house gave me a creepy feeling.,その古い廃屋は私を不気味な気持ちにさせた。
B200531,crew,The crew worked together to navigate through the storm.,乗組員は共に嵐を乗り越えるために働きました。
B200532,criminal,He was convicted of a criminal offense.,彼は犯罪行為で有罪判決を受けた。
B200533,cripple,He was born with a physical disability that left him a cripple.,彼は身体の障害を持って生まれ、身体障害者となった。
B200534,critically,The movie was critically acclaimed.,その映画は批評家に絶賛されました。
B200535,criticism,He couldn't handle the criticism and gave up on his dreams.,彼は批評に耐えられず、夢を諦めてしまった。
B200536,crocodile,The crocodile basks in the sun on the riverbank.,ワニは川岸で日光浴をしている。
B200537,crossly,She looked at him crossly.,彼女はふきげんに彼を見た。
B200538,crucial,This information is crucial for the success of the project.,この情報はプロジェクトの成功に重要です。
B200539,cruelly,He was cruelly treated by his captors.,彼は捕獲者達から残酷な扱いを受けた。
B200540,cruelty,The cruelty of the dictator shocked the world.,独裁者の残酷さは世界を震撼させた。
B200541,cruise,He cruised his way through the crowd.,彼は群集を押し分けて進んだ。
B200542,crystallize,The chemist was able to crystallize the compound.,化学者はその化合物を結晶化させることができました。
B200543,cube,I have a small cube on my desk.,私の机の上に小さな立方体があります。
B200544,cubism,Cubism was a revolutionary art movement in the early 20th century.,キュービズムは20世紀初頭の革命的な美術運動でした。
B200545,cuff,He rolled up the cuffs of his shirt.,彼はシャツのソデ口をまくり上げた。
B200546,culmination,The concert was the culmination of months of hard work and preparation.,コンサートは数ヶ月にわたる努力と準備の集大成でした。
B200547,culturally,"When we say that a language is culturally transmitted - that is, that it is learned rather than inherited - we mean that it is part of that whole complex of learned and shared behavior that anthropologists call culture.",ある言語が文化的に伝達される、つまり遺伝ではなく学習される、というのは、人類学者が文化と呼ぶ、学習され共有される行動の複合体全体の一部であることを意味する。
B200548,cure,At present it is medically impossible to cure this disease.,この病気を治すことは今のところ医学的に不可能だ。
B200549,curl,She has beautiful curls.,彼女は美しい巻き毛を持っています。
B200550,cursor,You can redact a word simply by selecting it with your mouse cursor.,マウスカーソルで単語を選択するだけで、単語を編集できます。
B200551,cyberaddict,My brother is a cyberaddict who spends most of his time playing online games.,私の兄は、ほとんどの時間をオンラインゲームに費やすサイバーアディクトです。
B200552,cybercafe,I sometimes like going to a cybercafe on the weekends.,週末にたまに私はサイバーカフェに行くことがある。
B200553,cybercrime,Law enforcement agencies are increasingly focusing on combating cybercrime due to its rising prevalence in today's digital age.,今日のデジタル時代におけるサイバー犯罪の増加により、法執行機関はサイバー犯罪対策にますます力を入れている。
B200554,cyberpet,I don't understand how some people get so obsessed with their cyberpets.,私は電子ペットに熱中する一部の人々の気持ちがよく分からない。
B200555,cyberschool,A cyberschool has an internet-based curriculum taught to children through online courses.,サイバースクール（オンライン上の学校）では、インターネットを利用したカリキュラムをオンラインコースで子どもたちに教えている。
B200556,cyberspace,"Of early cyberspace, he posed a prescient riddle all the way back in 1992.",サイバースペースの黎明期において、彼は1992年にすでに先見の明のある謎を提起していた。
B200557,cyclist,The cyclist rode their bike down the hill.,サイクリストは自転車で丘を下りました。
B200558,daft,He's always coming up with daft ideas.,彼はいつもとんまなアイデアを思いつく。
B200559,damn,There's not a damn thing you can do about it now.,君ができることなんて、もう何もない。
B200560,damn,She came damn late.,あの女はひどく遅れてやって来た。
B200561,damn,Damn! I forgot my keys again.,くそっ！また鍵を忘れた。
B200562,dandelion,I picked a dandelion and made a wish.,私はタンポポを摘んで願い事をした。
B200563,darling,What a darling outfit!,なんてすてきな衣装だ。
B200564,darling,You are my darling.,あなたは私の最愛の人です。
B200565,dash,He made a dash for the bus.,彼はバスを目指して懸命に走った。
B200566,dash,He dashed out of the room.,彼はダッシュで部屋を飛び出した。
B200567,data,I need to gather all the data for the presentation.,プレゼンテーションのためにすべての資料を集める必要があります。
B200568,database,I need to update the database with the latest information.,最新の情報でデータベースを更新する必要があります。
B200569,dated,Her fashion sense is quite dated.,彼女のファッションセンスはかなり時代遅れです。
B200570,daughter-in-law,My daughter-in-law is a wonderful cook.,私の義理の娘は素晴らしい料理人です。
B200571,dawn,The sky was painted with beautiful colors at dawn.,夜明けに美しい色で空が彩られました。
B200572,daytime,I prefer to work during the daytime.,私は昼間に働くことを好みます。
B200573,de facto,He is the de facto leader of the group.,彼はそのグループの事実上のリーダーです。
B200574,dear,"No, no, my dear.",いや、違うよ。
B200575,dearly,I dearly love my family.,私は家族を深く愛しています。
B200576,debit,The accountant calculated the company's credits and debits.,会計士はその会社の貸方と借方を計算しました。
B200577,debit,Debit Mr Hill with $100.,１００ドルをヒル氏の借り方に記載しなさい。
B200578,debit card,I used my debit card to pay for the groceries.,私はデビットカードを使って食料品を支払いました。
B200579,decade,I have been working in this company for over a decade.,私はこの会社で10年以上働いています。
B200580,decay,The tooth started to decay after years of neglect.,その歯は何年も放置された後、虫歯になり始めた。
B200581,deceive,He tried to deceive me with his lies.,彼は嘘で私をだますことを試みた。
B200582,decent,He is a decent person who always follows social and moral norms.,彼はいつも社会的・道徳的な規範にかなって行動するきちんとした人物です。
B200583,deceptive,His deceptive behavior made it impossible to trust him.,彼の欺瞞的な振る舞いは信用することができなかった。
B200584,decisive,Her decisive actions led to the success of the project.,彼女の決定的な行動がプロジェクトの成功につながった。
B200585,deck,I like to relax on the deck and enjoy the sunshine.,私はデッキでリラックスして日光を楽しむのが好きです。
B200586,decline,The number of students in the school has been declining for the past few years.,学校の生徒数は過去数年間減少しています。
B200587,decomposition,The decomposition of organic matter leads to decay and putrefaction.,有機物の分解は腐敗や変質を引き起こす。
B200588,decorate,I decorate my house with Christmas lights every year.,毎年クリスマスライトで家を飾ります。
B200589,decoration,The decoration on the cake was beautiful.,ケーキの装飾は美しかったです。
B200590,decorative,The decorative pillows added a pop of color to the living room.,リビングルームには装飾用のクッションがカラフルさを加えました。
B200591,dedication,Her dedication to her work is admirable.,彼女の仕事への奉納心は素晴らしいです。
B200592,deduce,"By analyzing the data, we can deduce the cause of the problem.",データを分析することで、問題の原因を導き出すことができます。
B200593,deduction,The deduction for charitable donations is a great incentive for people to give to worthy causes.,慈善寄付に対する税控除は、人々が価値ある目的に寄付するための大きな動機となっている。
B200594,deem,I deem it necessary to take action.,私は行動を取る必要があると考えています。
B200595,deep,The ocean is deep.,海は深いです。
B200596,deer,I saw a deer in the forest.,私は森で鹿を見ました。
B200597,defeat,He didn't acknowledge defeat.,彼は負けを認めなかった。
B200598,deficit,The government is facing a budget deficit.,政府は予算の不足額に直面しています。
B200599,deforestation,Deforestation is a major environmental issue that needs to be addressed.,森林伐採は解決すべき重要な環境問題です。
B200600,defy,They defied the policeman's order.,彼らは警官の命令に従わなかった。
B200601,dehumanize,The use of derogatory language can dehumanize individuals.,軽蔑的な言葉の使用は、個人の人間性を失わせる可能性がある。
B200602,delegate,They were delegates from India to the U.N.,彼らは国連のインド代表だった。
B200603,deliberate,He made a deliberate decision to quit his job.,彼は故意に仕事を辞める決断をした。
B200604,deliberately,He deliberately ignored her.,彼は故意に彼女を無視した。
B200605,delicacy,The delicate texture of the silk dress added to its overall delicacy.,シルクドレスの繊細な質感は、全体の優美さを引き立てました。
B200606,delicately,She delicately arranged the flowers in the vase.,彼女は花を繊細に花瓶に飾りました。
B200607,delight,The news delighted him.,そのニュースは彼を喜ばせた。
B200608,demanding,She is demanding too much from her employees.,彼女は部下に対して過度な要求をしている。
B200609,demolish,The old building had become so rundown that it had to be demolished.,古い建物は、取り壊さなければならないほど荒廃していました。
B200610,denim,Her jacket is made of denim.,彼女のジャケットはデニムでできている。
B200611,dense,The forest was dense with trees.,森は木々で密度が濃かった。
B200612,densely,The South East region of England is densely populated.,英国の南東区は人口密度が高い。
B200613,dental,I have a dental appointment tomorrow.,明日、歯医者の予約があります。
B200614,dependable,He is a dependable friend who I can always rely on.,彼はいつも頼りになる信頼できる友達です。
B200615,deposit,We deposit money in a bank.,私たちは銀行にお金を預けます。
B200616,deputy,The deputy mayor attended the meeting on behalf of the mayor.,副市長は市長の代わりに会議に出席しました。
B200617,descend,The hikers descend the mountain after reaching the summit.,ハイカーたちは山頂に到達した後、山を下る。
B200618,descriptive,She gave a descriptive account of the accident.,彼女は事故の記述的な説明をした。
B200619,designer,She only wears designer clothes.,彼女はデザイナーブランドの服しか着ません。
B200620,desirable,It is desirable to have a healthy lifestyle.,健康的な生活を送ることが望ましいです。
B200621,desire,The President desires peace.,大統領は平和を望んでいる。
B200622,desktop,My desktop has gotten cluttered.,デスクトップがグチャグチャになってきた。
B200623,desolation,The war left the city in desolation.,戦争はその都市を荒廃させた。
B200624,desperately,He's desperately trying to make up for the delay.,彼は遅れを取り戻そうと焦っている。
B200625,desperation,She felt a sense of desperation as she searched for a way out of her difficult situation.,彼女は困難な状況から抜け出す方法を探し続ける中で、絶望感を抱いた。
B200626,despise,I despise people who lie.,私は嘘をつく人を軽蔑します。
B200627,destiny,Our destiny is in our own hands.,私たちの運命は自分たちの手にある。
B200628,detach,You can detach the keyboard from the laptop.,キーボードをノートパソコンから取り外すことができます。
B200629,detachment,Detachment is necessary for personal growth.,個人の成長のためには、物事に執着しないことが肝心だ。
B200630,detailed,The report provides a detailed analysis of the market trends.,そのレポートは市場のトレンドの詳細な分析を提供しています。
B200631,detect,The security system can detect any unauthorized access.,セキュリティシステムは不正なアクセスを検出することができます。
B200632,determined,She is determined to succeed in her career.,彼女は自分のキャリアで成功することを断固として決意しています。
B200633,determiner,"The determiner ""the"" is used to indicate a specific noun or set of nouns that the speaker or writer is referring to.",限定詞「the」は、話し手や書き手が言及している特定の名詞や名詞の集合を示すために使用されます。
B200634,developing,The company is developing a new product.,会社は新しい製品を開発しています。
B200635,devil,The devil tempted me with riches and power.,悪魔は私を富と権力で誘惑した。
B200636,devote,She devoted her life to helping others.,彼女は他人を助けるために生涯をささげました。
B200637,devoted,She is a devoted mother who always puts her children's needs first.,彼女はいつも子供たちのニーズを最優先に考える献身的な母親です。
B200638,diarrhea,I had diarrhea after eating that spicy food.,その辛い食べ物を食べた後、下痢をしました。
B200639,dictator,The dictator ruled the country with an iron fist.,独裁者は鉄の拳で国を支配した。
B200640,digest,I need some time to digest this information.,この情報を理解するには少し時間が必要です。
B200641,dignify,She always tries to dignify every situation with her grace and poise.,彼女はいつも優雅さと落ち着きで、どんな状況でも尊厳を持とうとします。
B200642,dignity,She carried herself with grace and dignity.,彼女は優雅さと尊厳を持って振る舞った。
B200643,dilemma,I was in a dilemma whether to choose the red or blue dress for the party.,パーティーのために赤いドレスと青いドレスのどちらを選ぶかで板ばさみになっていました。
B200644,dim,His eyes are dim with age.,彼の目は年のせいでかすんでいる。
B200645,dime,I found a dime on the street.,私は通りでダイムを見つけました。
B200646,dimension,The dimension of the room is 20 feet by 30 feet.,部屋の寸法は20フィート×30フィートです。
B200647,dip,I like to dip my fries in ketchup.,私はポテトをケチャップにつけるのが好きです。
B200648,diphtheria,Diphtheria is a serious respiratory disease that can cause difficulty breathing.,ジフテリアは、呼吸困難を引き起こす深刻な呼吸器疾患です。
B200649,diploma,She proudly displayed her diploma on the wall.,彼女は誇らしげに壁に彼女の卒業証書を飾った。
B200650,diplomat,The diplomat negotiated a peace treaty between the two countries.,その外交官は二つの国の間で平和条約を交渉した。
B200651,disappearance,The sudden disappearance of the plane remains a mystery.,飛行機の突然の消失は未解決のままです。
B200652,disapproval,I expressed my disapproval of their decision.,私は彼らの決定に対して不賛成を表明しました。
B200653,disapprove,I disapprove of his behavior.,彼の行動には賛成できません。
B200654,discharge,He received a dishonorable discharge from the military.,彼は軍隊から不名誉な除隊を受けた。
B200655,disciple,The teacher's disciple was eager to learn all he could.,先生の弟子は、できる限りのことを学ぼうと熱心でした。
B200656,discipline,Discipline is the key to success.,規律は成功の鍵です。
B200657,disconnect,I decided to disconnect from social media for a while.,しばらくの間、ソーシャルメディアとの関係を絶つことに決めました。
B200658,discredit,He tried to discredit my findings with false information.,彼は偽の情報で私の調査結果の信用を傷つけようと試みました。
B200659,discriminate,It is important to treat everyone equally and not discriminate based on their race or gender.,人種や性別に基づいて差別することなく、みんなを平等に扱うことが重要です。
B200660,disgrace,He brought disgrace upon his family with his actions.,彼は自分の行動で家族に不名誉をもたらした。
B200661,disguise,He makes no disguise of his feelings.,彼は感情を決して隠さない。
B200662,disguise,The spy disguised himself as a waiter to gather information without being noticed.,スパイは目立たずに情報を収集するためにウェイターに変装しました。
B200663,dishonesty,Dishonesty is not tolerated in this company.,この会社では不正直は許されません。
B200664,disillusion,The failure of his dream disillusioned him.,彼の夢の失敗は彼を迷いを覚まさせた。
B200665,dismiss,The manager decided to dismiss the employee for repeated lateness.,マネージャーは遅刻を繰り返した従業員を解雇することに決めた。
B200666,disorder,He has a disorder that affects his ability to concentrate.,彼は集中力に影響が出る障害を持っています。
B200667,disorderly,The students were disorderly in the classroom.,生徒たちは教室で騒いでいた。
B200668,disorganized,The disorganized notes scribbled on napkins and scraps of paper made deciphering her research practically impossible.,ナプキンや紙切れに走り書きされた乱雑なメモのため、彼女の研究を読み解くことは事実上不可能だった。
B200669,dispensable,This step is dispensable in the process.,この手順はプロセス上でなくても済む。
B200670,displace,The earthquake displaced many people.,地震で多くの人々が避難した。
B200671,displeasure,I expressed my displeasure with the service.,私はサービスに対する不満を表明しました。
B200672,disposal,Proper disposal of waste is important for environmental conservation.,廃棄物の適切な処理は環境保護のために重要です。
B200673,disposition,Her cheerful disposition always brightens up the room.,彼女の陽気な性格はいつも部屋を明るくします。
B200674,dispute,There was a dispute between the two neighbors over the property boundary.,隣人同士の土地の境界に関して論争がありました。
B200675,disqualify,The judge decided to disqualify the lawyer from the case.,裁判官はその弁護士をこの事件から不適格にすることを決定しました。
B200676,disregard,She continued to see him in disregard of my advice.,彼女は私の忠告を無視して彼との交際を続けた。
B200677,disrupt,The new technology has the potential to disrupt the traditional market.,新しい技術は伝統的な市場を混乱させる可能性があります。
B200678,dissatisfaction,I expressed my dissatisfaction with the service.,私はサービスに対する不満を表明しました。
B200679,dissatisfied,She was dissatisfied with the service at the restaurant.,彼女はレストランのサービスに不満を持っていました。
B200680,dissident,The dissident spoke out against the government's oppressive policies.,その反体制派は政府の圧政的な政策に抗議した。
B200681,distinguished,He is a distinguished professor at the university.,彼は大学で目立った教授です。
B200682,distortion,The artist used distortion to create a unique and abstract painting.,芸術家は歪みを利用して独特で抽象的な絵画を作りました。
B200683,distract,The loud noise distracted me from my work.,大きな音が私の仕事から注意をそらした。
B200684,distraction,She was trying to ignore the distraction in the room.,彼女は部屋のさまざまな気を散らすものを無視しようとしていた。
B200685,distressing,The distressing news of job cuts left many people feeling hopeless.,人員削減の悲報に、多くの人が絶望的な気持ちになった。
B200686,distributor,The distributor is responsible for distributing the products to various stores.,ディストリビューターは、さまざまな店舗に製品を分配する責任があります。
B200687,diversion,The diversion of funds from education to military spending is a cause for concern.,教育から軍事費への資金の転用は懸念の原因です。
B200688,divert,I had to divert my attention from the TV to answer the phone.,私は、電話に出るためにテレビから注意をそらさなければならなかった。
B200689,divided,Opinion is divided on this point.,この点については意見が区々に分かれている。
B200690,division,The division of labor is essential for efficient teamwork.,効率的なチームワークには分業が不可欠です。
B200691,divorce,She filed for divorce after years of unhappiness in her marriage.,彼女は結婚生活の数年間の不幸せの後、離婚を申請しました。
B200692,divorce,She divorced her husband.,彼女は夫と離婚した。
B200693,DNA,DNA is responsible for carrying genetic information in living organisms.,DNAは生物の遺伝情報を運ぶ役割を担っています。
B200694,dock,The ship pulled into the dock to unload its cargo.,船は荷物を降ろすためにドックに入った。
B200695,domestic,I prefer domestic travel over international travel.,私は国内旅行の方が海外旅行よりも好きです。
B200696,dominate,The lion is known to dominate the savannah.,ライオンはサバンナの支配者であることで知られています。
B200697,donate,I decided to donate all my old clothes to the local charity.,私は古着をすべて地元のチャリティに寄贈することに決めました。
B200698,donation,I made a donation to the charity organization.,私はチャリティ団体に寄付をしました。
B200699,donkey,The donkey is commonly used as a pack animal in many rural areas.,ロバは多くの農村地域で荷物を運ぶためによく使われています。
B200700,doom,The impending doom filled the air.,迫り来る運命が空気を満たしていた。
B200701,doorkeeper,The doorkeeper greeted everyone with a smile.,門衛は皆に笑顔で挨拶した。
B200702,doorway,"She stood in the doorway, waving goodbye.",彼女は玄関に立ち、手を振って別れを告げた。
B200703,dorm,I live in a dormitory on campus.,私はキャンパス内の寮に住んでいます。
B200704,dormitory,I lived in a dormitory during my college years.,私は大学時代に寮に住んでいました。
B200705,dose,The doctor prescribed a dose of medication for the patient.,医者は患者に薬を1回分処方した。
B200706,double,I've reserved a double.,ダブルルームを予約しています。
B200707,double,The population has doubled in the last five years.,人口は過去五年で二倍になった。
B200708,doubly,She was doubly excited to receive two presents.,彼女は2つのプレゼントをもらって2倍興奮しました。
B200709,doubt,The lawyer doubted his innocence.,弁護士は彼の無実に疑問を持った。
B200710,doubtful,I am doubtful about his intentions.,彼の意図は疑わしいです。
B200711,dove,I saw a dove flying in the park.,公園で飛んでいるハトを見ました。
B200712,down,The down bus is causing a traffic jam.,下りのバスが交通渋滞を引き起こしています。
B200713,downfall,His downfall came when he was caught embezzling money from the company.,彼の失脚は、会社から金を横領したことが発覚したときに起きた。
B200714,download,With this tutorial you will use the sample manga to become accustomed to the procedures for seeing the manga including download.,このチュートリアルではサンプルマンガを使用して、ダウンロードを含めてマンガを見る手順に慣れていただきます。
B200715,downsize,The company decided to downsize its workforce due to financial difficulties.,会社は財務上の困難により従業員を削減することを決定しました。
B200716,dowry,The bride's family gave a dowry to the groom's family.,花嫁の家族は花婿の家族に持参金を贈った。
B200717,draft,I need to make a draft before starting the final artwork.,最終作品を始める前に下絵を作る必要があります。
B200718,drain,The drain in the bathroom is cloggy.,バスルームの排水溝は詰まりやすいです。
B200719,drain,The plumber fixed the drain and now the water flows smoothly.,配管工は排水溝を修理して、今は水がスムーズに流れます。
B200720,dramatically,The weather changed dramatically overnight.,天気は一晩で劇的に変わりました。
B200721,drapery,The drapery in the room added an elegant touch to the decor.,部屋の垂れ布は、インテリアに優雅な雰囲気を加えました。
B200722,dread,I dread going to the dentist.,歯医者に行くのが嫌だ。
B200723,dreadful,The horror movie was dreadful.,ホラー映画は恐ろしかったです。
B200724,dreamy,The sunset over the ocean was dreamy.,海の上の夕日は夢のようだった。
B200725,drinkable,This water is drinkable.,この水は飲める。
B200726,droop,"The artist captured the droop of the ballerina's tired shoulders on canvas, a portrait of quiet exhaustion.",画家は、疲れて肩をうなだれたバレリーナをキャンバスにとらえ、静かな疲労の肖像を描いた。
B200727,dropout,She decided to be a dropout and pursue a different path in life.,彼女は中退して別の道を歩むことにした。
B200728,drought,The drought has caused a severe water shortage in the region.,干ばつが地域で深刻な水不足を引き起こしています。
B200729,duel,The two knights engaged in a fierce duel.,二人の騎士が激しい決闘を繰り広げた。
B200730,dumb,He stood there with a dumb expression on his face.,彼は物の言えない表情でそこに立っていた。
B200731,duplicate,Be careful not to duplicate any files when you transfer them to the new folder.,新しいフォルダにファイルを移動する際に、重複しないように注意してください。
B200732,duplication,The duplication of files is a common practice in computer programming.,ファイルの複製はコンピュータプログラミングでよく行われる方法です。
B200733,dwarf,The gardener dwarfed the plants to make them fit in the flower bed.,園芸家は花壇に入るように植物を小さくした。
B200734,dye,She used a dye to color her hair.,彼女は髪を染めるために染料を使いました。
B200735,dynamic,The dynamic performance of the car was impressive.,車のダイナミックなパフォーマンスは印象的でした。
B200736,eagerly,She eagerly awaited the arrival of her friends.,彼女はしきりに友達の到着を待ちわびていた。
B200737,eagle,The eagle soared through the sky.,ワシは空を舞い上がった。
B200738,earnings,Her earnings have increased significantly this year.,彼女の収入は今年大幅に増加しました。
B200739,ease,The new software is designed to ease the process of data analysis.,新しいソフトウェアはデータ分析のプロセスを簡素化するために設計されています。
B200740,ease,His joke eased the tension in the room.,彼の冗談で室内の緊張がほぐれた。
B200741,eastward,He set off on a journey eastward.,彼は東への旅に出発した。
B200742,ecologically,"The solar panels ecologically power the entire office building, reducing its carbon footprint.",ソーラーパネルはオフィスビル全体に環境に配慮して電力を供給し、二酸化炭素排出量を削減する。
B200743,ecologist,The ecologist studied the behavior of the birds in their natural habitat.,生態学者は鳥の行動を自然環境で研究しました。
B200744,economical,This car is very economical.,この車はとても経済的です。
B200745,economist,The economist predicted a recession in the next quarter.,経済学者は次の四半期に景気後退を予測しました。
B200746,ecstatic,She was ecstatic when she received the job offer.,彼女は仕事のオファーを受けた時に有頂天だった。
B200747,edit,The copydesk is where the editors work on the final edits of the newspaper articles.,編集机は、編集者が新聞記事の最終編集を行う場所です。
B200748,edit,I need to edit my essay before submitting it.,提出する前にエッセイを編集する必要があります。
B200749,editorial,The editorial in today's newspaper was thought-provoking.,今日の新聞の社説は考えさせられるものだった。
B200750,educated,She is highly educated and has a degree in psychology.,彼女は非常に教養があり、心理学の学位を持っています。
B200751,educator,She is a dedicated educator who is passionate about helping students succeed.,彼女は学生の成功を助けることに情熱を持つ、献身的な教育者です。
B200752,effectively,"His suggestion was, effectively, an order.",彼の提案は実質上命令であった。
B200753,effectiveness,The effectiveness of this new treatment is still being studied.,この新しい治療の効果はまだ研究中です。
B200754,elect,She decided to elect him as the new president.,彼女は彼を新しい社長に選ぶことに決めた。
B200755,elective,He was elected as the president in the elective process.,彼は選挙の過程で大統領に選ばれました。
B200756,electrician,The electrician fixed the wiring in my house.,電気技師が私の家の配線を修理しました。
B200757,electronically,The documents can be signed electronically.,文書は電子的に署名することができます。
B200758,electronics,I studied electronics in college.,私は大学で電子工学を勉強しました。
B200759,elegance,She moved with grace and elegance.,彼女は優雅さと優美さを持って動いた。
B200760,elegant,She looked elegant in her evening gown.,彼女はイブニングガウンで優雅に見えた。
B200761,elegantly,She smoothly and elegantly poured the water into the glass.,滞りのない、優雅な仕草でグラスに水を注ぎ込んだ。
B200762,elemental,The elemental forces of nature are incredibly powerful.,自然の力は非常に強力です。
B200763,eligible,She is eligible for the scholarship.,彼女は奨学金の対象となる。
B200764,elite,He is considered one of the elite in his field.,彼は自分の分野でエリートの一人と見なされています。
B200765,eloquence,His eloquence captivated the audience.,彼の雄弁さは聴衆を魅了した。
B200766,eloquent,She delivered an eloquent speech at the conference.,彼女は会議で雄弁なスピーチを行った。
B200767,embassy,I need to go to the embassy to renew my passport.,私はパスポートを更新するために大使館に行かなければなりません。
B200768,embrace,We need to embrace change to move forward.,前進するためには変化を受け入れる必要があります。
B200769,emergence,The emergence of new technologies has revolutionized the way we live.,新しい技術の出現は私たちの生活のあり方を革命的に変えました。
B200770,emphatically,She emphatically denied the accusations.,彼女は断固として告発を否定した。
B200771,employ,They employ him as a manager.,彼らは彼をマネージャーとして雇っています。
B200772,employee,The company hired a new employee last week.,会社は先週新しい従業員を採用しました。
B200773,employer,My employer is very supportive and understanding.,私の雇い主はとてもサポートしてくれるし、理解もあります。
B200774,encounter,He encountered a friend on the road.,彼は道で友人と出くわした。
B200775,endeavor,She always endeavors to do her best in everything she does.,彼女は何事においても常に最善を尽くそうと努力しています。
B200776,endlessly,The schoolboys teased each other endlessly.,男子学生たちはひっきりなしにふざけあっていた。
B200777,endorse,I endorse the check to my sister.,私は妹宛ての小切手を裏書します。
B200778,endurance,Endurance is the key to success.,忍耐こそ成功の鍵です。
B200779,enduring,The mountain climbers faced an enduring cold.,山登りの者たちは長く続く寒さに直面した。
B200780,energy,Renewable energy is the future of sustainable development.,再生可能エネルギーは持続可能な開発の未来です。
B200781,enforce,The police officer was tasked to enforce the new traffic regulations.,警察官は新しい交通規制を執行するように指示されました。
B200782,engagement,The couple announced their engagement last night.,二人は昨夜婚約を発表した。
B200783,engulf,The fire quickly engulfed the entire building.,火事は建物全体をすぐに飲み込んだ。
B200784,enhance,Regular exercise can enhance your overall well-being.,定期的な運動はあなたの総合的な健康を向上させることができます。
B200785,enroll,Please enroll your name in the register.,氏名を名簿に記入してください。
B200786,enterprise,The enterprise is expanding its operations to new markets.,その企業は新たな市場に事業を拡大しています。
B200787,entertaining,The movie was very entertaining.,その映画はとても愉快だった。
B200788,enthusiastically,She enthusiastically cheered for her favorite team.,彼女は熱狂的に彼女のお気に入りのチームを応援しました。
B200789,entitle,The author can entitle their book with any name they choose.,著者は自分が選んだ名前で本に表題をつけることができます。
B200790,entrepreneur,She is a successful entrepreneur.,彼女は成功した起業家です。
B200791,environment,We should all take responsibility for protecting the environment.,私たちはみんな環境を守る責任を持つべきです。
B200792,environmentally,I try to live environmentally by recycling and conserving energy.,私はリサイクルやエネルギーを節約して、環境に優しく生活しようとしています。
B200793,environmentally friendly,The company disposes of its waste products in an environmentally friendly manner.,会社は廃棄物を環境に配慮した方法で処理しています。
B200794,envy,I envy him.,私は彼がうらやましい。
B200795,equal,He has no equal in the field of electronics.,エレクトロニクスの分野で彼に肩を並べる者はいない。
B200796,equal,No one equals him in intelligence.,知力では誰も彼にはかなわない。
B200797,equation,The equation is not correct.,式が正しくありません。
B200798,equip,He equipped himself with the necessary tools for the job.,彼は仕事のために必要な道具を装備した。
B200799,equity,Equity is essential for a fair society.,公平は公正な社会にとって不可欠です。
B200800,erect,"With an erect posture and piercing gaze, she commanded respect from the courtroom.",背筋を伸ばした姿勢と鋭いまなざしで、彼女は法廷から尊敬の念を集めていた。
B200801,erupt,"The volcano erupted, spewing ash and lava into the air.",火山が噴火し、火山灰と溶岩を空中に噴出した。
B200802,eruption,"The volcano had a sudden eruption, causing widespread damage.",その火山は突発的な噴火を起こし、広範囲に被害をもたらしました。
B200803,essayist,She is a renowned essayist.,彼女は著名な随筆家です。
B200804,essentially,"Essentially, he is a good person.",本質的に彼は良い人です。
B200805,estate,He inherited a large estate from his grandfather.,彼は祖父から大きな不動産を相続しました。
B200806,estimate,The estimator provided a detailed cost estimate for the construction project.,見積もり担当者は建設プロジェクトの詳細な見積もりを提供しました。
B200807,estimated,"The estimated cost of the project is $10,000.",プロジェクトの見積もり費用は1万ドルです。
B200808,eternally,The artist is eternally a boy.,その画家は、いわば永遠の少年だ。
B200809,ethic,Ethics is an important aspect of decision-making.,倫理は意思決定の重要な側面です。
B200810,ethnic,She is proud of her ethnic heritage.,彼女は自分の民族的な遺産に誇りを持っています。
B200811,evacuate,The government ordered residents to evacuate [[due to]] the approaching hurricane.,政府は近づいているハリケーンのために住民に避難するよう命じました。
B200812,evacuation,"During the hurricane, the residents were ordered to evacuate their homes.",ハリケーンの間、住民は自宅を避難するよう命じられました。
B200813,evaluate,I need to evaluate the performance of my employees.,私は従業員のパフォーマンスを評価する必要があります。
B200814,evaluation,The evaluation of the project was positive.,プロジェクトの評価は良かったです。
B200815,everlasting,The love between them was everlasting.,彼らの間の愛は永遠だった。
B200816,evidently,She is evidently sick.,彼女は明らかに病気だ。
B200817,evil,He is an evil person.,彼は邪悪な人物です。
B200818,evil,Evil sometimes wins.,悪が勝つということもあります。
B200819,evolution,Evolution is a gradual development.,進化は徐々の発展です。
B200820,evolve,Technology continues to evolve at a rapid pace.,テクノロジーは急速に進化し続けています。
B200821,exactness,He always measures with exactness.,彼はいつも正確に計測します。
B200822,exaggerate,"Her dramatic retelling was full of exaggerates, stretching minor inconveniences into epic trials.",些細な不都合を壮大な試練に引き伸ばすため、彼女のドラマチックな語りは誇張に満ちていた。
B200823,exaggeration,She always exaggerates her accomplishments.,彼女はいつも自分の成果を誇張します。
B200824,exalt,The medieval church despised the body and exalted the spirit.,中世の教会は肉体をさげすみ霊をたたえた。
B200825,examinee,"Hearing the bell, the examinees knew it was time to stop.",ベルの音を耳にしたので、試験を受けている人たちは終了の時刻であることを知った。
B200826,exceed,The number of attendees exceeded our expectations.,参加者の数は私たちの予想を超えました。
B200827,excel,She excels in playing the piano.,彼女はピアノの演奏で優れています。
B200828,exception,I made an exception and let him stay up late.,私は例外を作り、彼に遅くまで起きていてもいいと言った。
B200829,exceptional,She has exceptional talent in singing.,彼女は歌唱力が非常に優れている（例外的）です。
B200830,exceptionally,She performed exceptionally well in the competition.,彼女はその競技会で非常に優秀な成績を収めた。
B200831,excessive,She has an excessive amount of clothes in her closet.,彼女はクローゼットに過剰な量の服を持っています。
B200832,exclaim,I couldn't help but exclaim when I saw the beautiful sunset.,美しい夕日を見て、私は思わず叫ばずにはいられませんでした。
B200833,exclamation mark,I can't believe it! There's an exclamation mark at the end of the sentence.,信じられない！文の最後に感嘆符があるんだ。
B200834,exclude,You should exclude that option from the list.,リストからそのオプションを除外するべきです。
B200835,exclusion,The exclusion of certain individuals from the event caused controversy.,特定の個人のイベントからの除外は論争を引き起こしました。
B200836,exclusively,She is exclusively focused on her career.,彼女は仕事に完全に集中しています。
B200837,excursion,We went on an excursion to the beach with our classmates.,私たちはクラスメートと一緒にビーチへの小旅行に行きました。
B200838,execute,He will execute the plan tomorrow.,彼は明日計画を実行する予定です。
B200839,execution,The execution of the plan went smoothly.,計画の実行はスムーズに行われました。
B200840,executive,The executive decision was made to proceed with the project.,プロジェクトを進めるために、経営陣による決定がなされました。
B200841,executive,The foreign executives visited the manufacturing plant.,外国からの経営陣は製造工場を見学した。
B200842,exhaust,The mechanic pointed to the rusted exhaust and informed me it needed immediate replacement.,整備士は錆びた排気管を指さして、すぐに交換が必要だと教えてくれた。
B200843,exhausting,The meeting was lengthy and exhausting.,会議は長くて疲れるものでした。
B200844,exhaustion,"After working long hours every day, he finally reached a point of exhaustion.",毎日長時間働いた後、彼はついに疲労の限界に達した。
B200845,exhibit,Her smile exhibits her happiness.,彼女の笑顔は彼女の幸せを表しています。
B200846,exile,He was forced into exile after the revolution.,彼は革命後、追放された。
B200847,existing,There are many existing buildings in the city.,都市には多くの現存する建物があります。
B200848,exotic,The restaurant serves exotic dishes from around the world.,そのレストランは世界各国の外来料理を提供しています。
B200849,expansion,The expansion of the company into new markets has been successful.,企業の新たな市場への拡大は成功しています。
B200850,expectation,My expectation for the new movie is very high.,私は新しい映画に対する期待が非常に高いです。
B200851,expected,The experiment showed a deviation from the expected results.,実験結果は予想と外れることを示した。
B200852,expedition,The team embarked on an expedition to explore the uncharted territory.,チームは未踏の地を探検するために遠征に出発しました。
B200853,experiment,She will experiment with different ingredients to create a new recipe.,彼女は異なる材料を試して新しいレシピを作ります。
B200854,expert,He is expert at figures.,彼は数字に詳しい。
B200855,explode,The fireworks exploded in the night sky.,花火が夜空で爆発した。
B200856,exploit,Employers sometimes exploit their workers.,雇い主は、時に従業員を搾取する。
B200857,explorer,The explorer discovered a hidden treasure in the jungle.,探検家はジャングルで隠された宝物を発見しました。
B200858,explosive,The explosive device detonated with a loud bang.,爆発物が大きな音とともに爆発した。
B200859,explosive,Explosives went off with a bang.,爆薬がどかんと鳴った。
B200860,export,The exports increased by 30 billion dollars.,輸出は３００億ドル増加した。
B200861,export,The company plans to export their products to foreign markets.,その会社は自社製品を外国市場に輸出する予定です。
B200862,expressive,She has a very expressive face.,彼女は表情の豊かな顔をしています。
B200863,exquisite,The chef prepared an exquisite meal for the guests.,シェフはゲストのために絶妙な食事を用意しました。
B200864,extension,I need to file for an extension on my taxes.,私は税金の延長を申請する必要があります。
B200865,extensive,The hotel has extensive facilities for guests to enjoy.,ホテルには広範な施設があり、ゲストが楽しむことができます。
B200866,external,The external walls of the building are made of glass.,建物の外壁はガラス製です。
B200867,extract,"The scientist carefully analyzed the plant extract, hoping to isolate its medicinal properties.",科学者は植物エキスを注意深く分析し、その薬効成分を分離しようとした。
B200868,extract,He used a pair of tweezers to extract the splinter from his finger.,彼はピンセットを使って指から木片を引き抜いた。
B200869,extraordinarily,He was extraordinarily important in your life.,彼はあなたの人生において非常に重要だったです。
B200870,exultant,The crowd was exultant when their team won the championship.,自分たちのチームが優勝したとき、観客は歓喜に沸いた。
B200871,eyebrow,She raised her eyebrow in surprise.,彼女は驚きで眉を上げた。
B200872,eyelash,She applied mascara to her eyelashes.,彼女はまつ毛にマスカラを塗りました。
B200873,eyelid,She had surgery to correct her droopy eyelids.,彼女はたるんだまぶたを修正する手術を受けました。
B200874,fabric,She bought a beautiful fabric to make a dress.,彼女はドレスを作るために美しい織物を買いました。
B200875,fabulous,She looked fabulous in her new dress.,彼女は新しいドレスで素晴らしく見えました。
B200876,facilitate,Technology can facilitate communication between people who are far apart.,技術は遠く離れた人々の間のコミュニケーションを容易にすることができます。
B200877,facilities,The hotel provided adequate facilities for the conference.,ホテルは会議のために十分な設備を提供しました。
B200878,factor,Lack of exercise is a major factor in weight gain.,運動不足は体重増加の主要な要因です。
B200879,faculty,The faculty of this university is highly respected.,この大学の教員は非常に尊敬されています。
B200880,faint,I fainted.,私は気を失いました。
B200881,faith,Having faith in oneself is important for personal growth.,自分自身を信じることは、個人の成長にとって重要です。
B200882,falter,I hope you don't falter in your decision.,あなたが決断に迷わないことを願っています。
B200883,fame,He achieved fame and fortune through his acting career.,彼は俳優としてのキャリアを通じて名声と財産を手に入れた。
B200884,familiarize,I need to familiarize myself with the new software.,新しいソフトウェアに慣れる必要があります。
B200885,fantastically,The party was fantastically fun.,パーティーは異様に楽しかった。
B200886,far,The shop is at the far end of this market.,その店ならこの市場の端にあります。
B200887,fascinated,The fascinated crowd eagerly watched the magician's mesmerizing performance.,魅了された群衆はマジシャンの魅惑的なパフォーマンスを熱心に見ていました。
B200888,fascination,Her beauty and charm were a source of fascination for everyone.,彼女の美しさと魅力は、みんなにとって魅惑の源でした。
B200889,fat,Where is the fat located?,どの辺に脂肪がついているの？
B200890,fatal,The car accident was fatal.,その車の事故は致命的だった。
B200891,fate,Fate brought us together.,運命が私たちを結びつけた。
B200892,father-in-law,My father-in-law is coming to visit us this weekend.,義理の父が今週末に私たちを訪ねてきます。
B200893,faulty,The faulty machine caused the production to stop.,故障した機械のせいで生産が停止した。
B200894,fear,They feared being overheard.,彼らは立ち聞きされるのを恐れた。
B200895,fearsome,The fearsome dragon breathed fire and destroyed the village.,恐ろしいドラゴンが火を吹いて村を破壊しました。
B200896,feat,Her latest album is a feat of musical genius.,彼女の最新アルバムは音楽の天才の偉業だ。
B200897,feature,All the papers featured the case.,全新聞がその事件を大きく取り上げた。
B200898,fed up,I am fed up with this constant noise.,この絶え間ない騒音にうんざりしています。
B200899,federal,The federal government is responsible for national defense.,連邦政府は国防に責任を持っています。
B200900,feedback,I would appreciate your feedback on the project.,プロジェクトに対するフィードバックをいただけると幸いです。
B200901,fellow,My fellow Americans: ask not what your country can do for you; ask what you can do for your country.,アメリカ合衆国の同胞諸君、国家が諸君のために何をしてくれるかを求めず、諸君が国家のために何をできるかを求めよう。
B200902,female,The job advertisement specifically requested females.,求人広告には「女性を求む」とはっきり書かれていた。
B200903,ferryboat,I took a ferryboat to cross the river.,私は渡し船で川を渡りました。
B200904,fiber,I need to increase my daily intake of fiber.,私は毎日の食物繊維摂取量を増やす必要があります。
B200905,fictional,She loves reading fictional novels.,彼女はフィクションの小説を読むのが好きです。
B200906,fierce,The fierce lion roared loudly in the jungle.,獰猛なライオンがジャングルで大声でほえました。
B200907,fighting,They were fighting in the battlefield.,彼らは戦場で戦っていた。
B200908,figurative,Her poems often use figurative language to convey complex emotions and ideas.,彼女の詩は、複雑な感情やアイデアを伝えるために比喩的な言葉を使うことが多い。
B200909,file,The debtor filed for bankruptcy.,債務者は破産を申請しました。
B200910,filial,He showed filial piety by taking care of his elderly parents.,彼は高齢の両親の世話をすることで親孝行を示しました。
B200911,finance,The government finances are severely squeezed.,国家財政は厳しく逼迫している。
B200912,financially,I am financially stable.,私は財政的に安定しています。
B200913,fine,The machine is working fine.,機械は正常に動作しています。
B200914,fine,I was fined a dollar.,１ドルの罰金を科せられた。
B200915,finely,She finely chopped the vegetables.,彼女は野菜を細かく切りました。
B200916,fingernail,I need to trim my fingernails.,私は指のつめを切る必要があります。
B200917,fire,I will fire up the grill and start cooking.,グリルに火をつけて料理を始めます。
B200918,fire brigade,The fire brigade arrived quickly to extinguish the fire.,消防隊は火災を早く鎮火するために到着しました。
B200919,firearms,Firearms are regulated by strict laws in many countries.,多くの国で、火器は厳しい法律によって規制されています。
B200920,fireplace,I love sitting by the fireplace and reading a book.,私は暖炉のそばに座って本を読むのが好きです。
B200921,firmness,The firmness of the foundation is crucial for the stability of the building.,建物の安定性にとって、基礎の堅固さは重要です。
B200922,first language,English is my first language.,英語は私の第一言語です。
B200923,first-person,"From a first-person perspective, I always try to understand others' points of view.",第一人称の視点から、私は常に他人の見解を理解しようとしています。
B200924,firstly,"Firstly, let's discuss the importance of time management.",まずは、時間管理の重要性について話しましょう。
B200925,fiscal,The government implemented various fiscal policies to stimulate economic growth.,政府は経済成長を促進するために様々な財政政策を実施しました。
B200926,fit,It was a perfect fit.,服がぴったり合っていた。
B200927,fixed,The position of the camera is fixed.,カメラの位置は固定されています。
B200928,flame,The flame danced in the wind.,炎が風に舞った。
B200929,flap,The flag flaps in the wind.,旗が風にはためいています。
B200930,flash,It happened in a flash.,あっと言う間の出来事でした。
B200931,flash,The lightning flashed.,稲妻が光った。
B200932,flat,He ran the 100 meters in 10 seconds flat.,彼は100メートルを10秒ジャストで走った
B200933,flaw,"Despite his flaw, he is still a great leader.",彼の欠点にもかかわらず、彼はまだ素晴らしいリーダーです。
B200934,flawless,Her flawless diamond necklace sparkled in the sunlight.,彼女の完璧なダイヤモンドのネックレスが太陽の光で輝いていた。
B200935,flax,Flax seeds are a great source of omega-3 fatty acids.,亜麻の種はオメガ-3脂肪酸の良い供給源です。
B200936,flee,The thief tried to flee from the scene of the crime.,泥棒は犯行現場から逃走しようとした。
B200937,fleet,The company operates a fleet of trucks for its delivery service.,同社は配送サービスのためにトラックを運行しています。
B200938,flesh,He cut his finger on the sharp edge of the knife and flesh started to bleed.,彼はナイフの鋭い刃で指を切り、肉が出血し始めた。
B200939,flexibility,Flexibility is important in adapting to new situations.,新しい状況に適応するためには柔軟性が重要です。
B200940,flexible,The yoga instructor demonstrated how flexible she was by effortlessly bending into a pretzel shape.,ヨガのインストラクターは、プレッツェルの形に簡単に曲がることで、自分がどれだけ柔軟であるかを示しました。
B200941,flexibly,VISUACT supports flexibly the varied environments and needs of our customers and offers a variety of operational procedures.,VISUACTは、お客様の多様な環境やニーズにも柔軟に対応し、さまざまな運用方法をご提供します。
B200942,flip,I like to flip pancakes in the air.,私はパンケーキを空中で裏返すのが好きです。
B200943,fluency,She speaks English with fluency.,彼女は流ちょうな英語を話します。
B200944,fluid,The plans are still fluid.,計画はまだ流動的である。
B200945,flutter,I saw a beautiful butterfly fluttering in the garden.,庭でぱたぱたと羽ばたく美しい蝶を見ました。
B200946,focus,The image is not in focus.,その映像はピントがあっていない。
B200947,follower,She has a large number of followers on social media.,彼女はソーシャルメディアで多くのフォロワーを持っています。
B200948,following,"Following careful consideration, the judge made her final decision.",慎重に検討した結果、裁判官は最終決定を下した。
B200949,folly,His actions were a clear example of folly.,彼の行動は愚かさの明白な例だった。
B200950,fondly,She fondly remembers her childhood.,彼女は幼少期を懐かしく思い出しています。
B200951,foolishly,She behaved quite foolishly.,彼女はずいぶん愚かな振る舞いをしたものだ。
B200952,footnote,Please include a footnote at the bottom of the page.,ページの下部に脚注を追加してください。
B200953,force,She was forced to confess.,彼女は無理矢理白状させられた。
B200954,forcefully,She spoke forcefully to make her point.,彼女は自分の意見を力強く述べた。
B200955,foreman,The foreman is responsible for overseeing the construction site.,現場監督は工事現場の監督を担当しています。
B200956,foresee,I can foresee the future.,私は将来を予知することができます。
B200957,forestry,Forestry is the science and practice of managing and caring for forests.,林学は森林の管理と保護の科学と実践です。
B200958,formation,The formation of the new committee was announced today.,新しい委員会の設立が今日発表されました。
B200959,formerly,He was formerly a doctor.,彼は以前は医者でした。
B200960,formidable,"The storm was a formidable force, causing widespread destruction.",嵐は恐ろしい力で、広範な破壊を引き起こしました。
B200961,forthcoming,The forthcoming event will be a great opportunity for networking.,今度のイベントはネットワーキングの絶好の機会となるでしょう。
B200962,foul,There's a foul smell in the kitchen.,台所はひどく不快な臭いがします。
B200963,found,They founded the company last year.,彼らは去年その会社を設立した。
B200964,fox,The fox is known for its cunning nature.,キツネはその狡猾な性格で知られています。
B200965,fragrance,The fragrance of the flowers filled the room.,花の香りが部屋に広がった。
B200966,frame,He was framed for the crime he didn't commit.,彼は犯罪を犯していないのに額に入れられた。
B200967,frankly,"Frankly, I don't think it's a good idea.",率直に言って、それは良い考えだとは思いません。
B200968,frantically,She searched frantically for her lost keys.,彼女は狂気のように失くした鍵を探した。
B200969,fraud,He was arrested for fraud.,彼は詐欺で逮捕された。
B200970,freak,"Don't freak out, everything will be fine.",大慌てしないで、すべてうまくいくよ。
B200971,free,The last hostages were finally freed yesterday.,昨日、最後の人質がようやく解放された。
B200972,friendly,She is very friendly and always willing to help others.,彼女はとても好意的で、いつも他の人を助けることを喜んでいます。
B200973,frigate,The frigate patrolled the waters for enemy submarines.,フリゲート艦は敵の潜水艦を追跡するために水域を巡回しました。
B200974,frontier,The explorers reached the frontier of the unknown territory.,探検家たちは未知の領域の国境に到達した。
B200975,frugal,She is known for being frugal and never wasting money.,彼女は倹約なことで知られ、お金を決して無駄にしない。
B200976,fulfill,He always fulfills his promises.,彼はいつも約束を果たします。
B200977,fume,The fume from the factory filled the air with a foul smell.,工場からの煙が空気を悪臭で満たした。
B200978,functional,This software has many functional features.,このソフトウェアには多くの機能的な特徴があります。
B200979,functionality,The functionality of this device is impressive.,このデバイスの機能性は素晴らしいです。
B200980,fundamental,This book provides a fundamental understanding of the subject.,この本はその科目の基本的な理解を提供します。
B200981,funk,I love listening to funk music.,私はファンク音楽を聴くのが大好きです。
B200982,funky,I love listening to funky jazz music.,私はファンキーなジャズ音楽を聴くのが大好きです。
B200983,furious,She was furious when she found out he had lied to her.,彼女は彼が彼女に嘘をついたことを知ったときに怒り狂った。
B200984,furiously,He furiously slammed the door.,彼は激しくドアを叩きつけて閉めた
B200985,furor,The crowd was in a furor after their team won the championship.,チームが優勝した後、群衆は興奮状態になった。
B200986,gaiety,The party was filled with gaiety and laughter.,パーティーは陽気さと笑いに満ちていた。
B200987,gambling,He has a gambling addiction.,彼はギャンブル依存症です。
B200988,gang,The gang gathered in the alleyway.,一団は路地裏に集まった。
B200989,gangster,He was recruited as a gangster at a young age.,彼は若いうちに犯罪組織の一員として勧誘されました。
B200990,gardener,The gardener is pruning the bushes in the garden.,植木屋が庭の木々を剪定しています。
B200991,gasp,The audience gasped in disbelief as the magician made the seemingly impossible become possible right before their eyes.,観客は、魔術師が彼らの目の前で不可能と思われることを可能にしたとき、信じられないと驚いて息をのんだ。
B200992,gateway,The gateway to success is hard work.,成功への出入口は努力です。
B200993,gaudy,Her outfit was so gaudy that it hurt my eyes.,彼女の服装はとても派手で、目が痛くなるほどでした。
B200994,gaze,She looked at him with an adoring gaze.,彼女は崇拝の眼差しで彼を見つめた。
B200995,gear,I need to replace the gear in my car.,私は車の歯車を交換する必要があります。
B200996,generalization,Generalization is an important concept in computer science.,一般化はコンピュータ科学において重要な概念です。
B200997,generalize,It is important to generalize the results of the study to a larger population.,研究の結果をより広い人口に一般化することが重要です。
B200998,generosity,Her generosity knows no bounds.,彼女の寛大さは限りがありません。
B200999,generously,She always donates generously to charity.,彼女はいつも慈善団体に寛大に寄付をしています。
B201000,genius,He is a genius in mathematics.,彼は数学の天才だ。
B201001,genre,The fantasy genre is known for its imaginative and magical elements.,ファンタジーのジャンルは、想像力豊かで魔法的な要素で知られています。
B201002,gently,She spoke gently to the child.,彼女は子供に優しく話しました。
B201003,genuine,She has a genuine smile that lights up the room.,彼女は部屋を明るくする本物の笑顔を持っています。
B201004,genuinely,She genuinely cares about her students.,彼女は生徒のことを心から気にかけています。
B201005,geographic,Geographic information systems are used to analyze and visualize spatial data.,地理情報システムは、空間データを分析し可視化するために使用されています。
B201006,germ,Washing your hands regularly helps to prevent the spread of germs.,定期的に手を洗うことは、ばい菌が広がるのを防ぐのに役立ちます。
B201007,getaway,I need a getaway from the city.,私は都市からの逃避が必要です。
B201008,ghetto,The ghetto was a segregated area where Jewish people were forcibly confined in Europe in the past.,ゲットーは、過去のヨーロッパでユダヤ人が強制的に閉じ込められた隔離された地域でした。
B201009,giveaway,I accidentally gave away the surprise party.,うっかりとサプライズパーティーのことを漏らしてしまった。
B201010,glacis,"Under the moonlight, soldiers cautiously scaled the steep glacis of the fort, hoping to surprise the defenders within.",月明かりの下、兵士たちは砦の険しい壁を慎重によじ登り、中にいる守備兵を驚かせようとした。
B201011,glamorous,She looked glamorous in her evening gown.,彼女はイブニングガウンでうっとりさせる魅力を持って見えました。
B201012,glare,There's a lot of glare.,太陽の照り返しが強い。
B201013,gleam,We saw the gleam of a distant lighthouse.,遠い灯台のかすかな光を見た。
B201014,glee,She watched the performance with glee.,彼女は歓喜の気持ちでパフォーマンスを見た。
B201015,global warming,These gases can lead to global warming.,これらのガスは地球規模の温暖化をもたらし得る。
B201016,globally,"The company operates globally, with offices in over 50 countries.",その会社は世界的に展開しており、50以上の国にオフィスを持っています。
B201017,glocal,The company's glocal strategy has led to its success in various markets.,その会社のグローカル戦略が、さまざまな市場での成功をもたらしました。
B201018,gloomy,The weather is gloomy today.,今日はどんよりとした天気ですね。
B201019,glorify,We should glorify God for all His blessings.,私たちは神のすべての恵みをほめたたえるべきです。
B201020,glow,The glow of the light was intense.,光の輝きが強かった。
B201021,goat,The goat is grazing in the field.,ヤギが畑で草を食べています。
B201022,god,God is always watching over us.,神はいつも私たちを見守っています。
B201023,godly,She has a godly devotion to her faith.,彼女は信仰心が深い。
B201024,good,We should always [[try to]] do good and help others [[in need]].,私たちは、常に善を行い、困っている人を助けるようにしなければなりません。
B201025,goodwill,He showed great goodwill towards his neighbors.,彼は隣人に対して大きな善意を示しました。
B201026,gook,Please clean up the gook on the floor.,床の汚物を片付けてください。
B201027,gorge,She gorged on chocolate cake.,彼女はチョコレートケーキをがつがつ食べた。
B201028,gossip,She loves to gossip and spread tittle-tattle about others.,彼女はうわさ話を好んでし、他人についてのうわさ話を広めます。
B201029,governmental,The governmental policies have a significant impact on the economy.,政府の政策は経済に大きな影響を与えます。
B201030,gracefulness,The dancer exuded gracefulness and beauty.,ダンサーは気品と美しさを発散させていた。
B201031,grade,Each student will be graded individually.,各学生は個々に評価されます。
B201032,gradual,The company implemented a gradual approach to the new policy.,会社は新しい方針に段階的なアプローチを取り入れました。
B201033,grain,I bought a bag of grain from the store.,私は店から一袋の穀物を買いました。
B201034,grand,The grand palace stood proudly at the center of the city.,壮大な宮殿が市の中心に誇らしげに立っていました。
B201035,graphically,He makes it a point to speak clearly and graphically. He always talks turkey about any problem.,彼は、はっきり生き生きと話すのが常だ。彼は、いつもどんな問題も端的に話す。
B201036,grasp,This work is beyond my grasp.,この作品を私は理解できない。
B201037,gravestone,The gravestone was engraved with the name of the deceased.,墓石には亡くなった人の名前が刻まれていました。
B201038,gravitation,The force of gravitation pulls objects towards each other.,引力の力は物体を互いに引き寄せます。
B201039,greatness,His greatness as a leader was recognized by all.,彼の偉大さは、すべてに認められた。
B201040,grief,She couldn't hide her grief when she heard the news.,彼女はそのニュースを聞いた時、深い悲しみを隠すことができなかった。
B201041,grieve,She grieved over the loss of her beloved pet.,彼女は愛しいペットの喪失を悲しんだ。
B201042,grim,His grim expression scared me.,彼の険しい表情に怖くなった。
B201043,grin,She gave me a big grin when she saw me.,彼女は私に会った時に大きな笑顔をくれた。
B201044,grip,He had a firm grip on the steering wheel.,彼はハンドルをしっかり握っていた。
B201045,grip,The lecture gripped the audience.,その講演は聴衆の心をつかんだ。
B201046,gross,His gross manners offended his companions.,彼の無作法は仲間を怒らせた。
B201047,growing,There is a growing need for intergenerational communication and understanding.,世代間のコミュニケーションと理解の必要性が増しています。
B201048,grown-up,"He is, as it were, a grown-up baby.",彼はいわば成人した赤ん坊だ。
B201049,grown-up,I feel like a grown-up now that I have my own apartment.,自分のアパートを持っているので、私は成人したような気がします。
B201050,guarantee,Equality is guaranteed by the Constitution.,平等は憲法で保障されている。
B201051,guard,The palace was heavily guarded.,宮殿は物々しい警戒ぶりだった。
B201052,guerrilla,Our troops were constantly harassed by the guerrillas.,我が軍は絶えずゲリラの攻撃を受けた。
B201053,guideline,You must follow the guidelines for essay writing.,作文のガイドラインに従う必要があります。
B201054,gulp,I took a gulp of water after running.,ランニングの後、私は一口の水を飲みました。
B201055,gum,I chewed a piece of gum after lunch.,昼食後にガムを噛みました。
B201056,gunshot,The sound of a gunshot echoed through the empty street.,銃声が人気のない通りに響き渡った。
B201057,guts,I'm a person with guts and a strong will.,私にはガッツとやる気があります。
B201058,gymnastic,She is a talented gymnastic.,彼女は才能ある体操選手です。
B201059,habitant,The habitant of the small village lives a simple life.,その小さな村の住人はシンプルな生活を送っています。
B201060,hail,The crowd hailed the victorious team with cheers and applause.,群衆は勝利したチームを歓声と拍手で迎えた。
B201061,hairy,"She has long, hairy legs.",彼女は長くて毛深い足をしています。
B201062,hammer,He hammered at the window.,彼は窓をとんとんたたいた。
B201063,handicap,He overcame his physical handicap and became a successful athlete.,彼は身体の障害を克服して成功した選手になりました。
B201064,handicraft,She enjoys making handicrafts in her free time.,彼女は暇な時間に手芸を楽しんでいます。
B201065,handout,I received a handout from the charity organization.,私はチャリティ団体から施し物を受け取りました。
B201066,handrail,Hold onto the handrail while going up the stairs.,階段を上る時は手すりにつかまってください。
B201067,hang,I'm getting the hang of this new machine.,この新しい機械の使い方がわかりかけてきたところです。
B201068,hard drive,Save it on the external hard drive.,外付けのハードディスクに保存して下さい。
B201069,hardware,I need to buy some new hardware for my computer.,コンピューター用の新しいハードウェアを購入する必要があります。
B201070,harm,I mean no harm.,私には悪意はありません。
B201071,harmless,The chemical used in this product is harmless to humans.,この製品に使用されている化学物質は人体に無害です。
B201072,harrow,I used a harrow to prepare the soil for planting.,まぐわを使って、植え付けのために土壌を準備しました。
B201073,haste,I need to finish this report in haste.,私は急ぎでこのレポートを終わらせる必要があります。
B201074,hastily,He hastily packed his bags and left for the airport.,彼は急いで荷物を詰めて空港に向かった。
B201075,hatching,The artist used cross-hatching to create shading in the drawing.,アーティストはクロスハッチング(交差する線で影を描く技法)を使って絵に陰影を作りました。
B201076,haunt,Ghosts haunt the old house at night.,夜には幽霊が古い家に出没する。
B201077,haunting,The haunting melody stayed in my mind for days.,その絶えず心に浮かぶ旋律は数日間私の頭から離れなかった。
B201078,hay,The farmer stored the hay in the barn for the winter.,農夫は冬のために干し草を納屋に保管しました。
B201079,hazardous,The chemicals used in this experiment are hazardous.,この実験で使用される化学物質は危険です。
B201080,headquarters,The company's headquarters is located in New York.,会社の本部はニューヨークにあります。
B201081,healthcare,I work in the healthcare industry.,私は医療業界で働いています。
B201082,heap,There was a heap of books on the table.,テーブルの上には本の山がありました。
B201083,heap,He heaped up a fortune.,彼は富を築いた。
B201084,heartbreaking,The news of her passing was heartbreaking.,彼女の死の知らせは胸も張り裂けんばかりだった。
B201085,heartwarming,Watching the sunset with my loved ones is always heartwarming.,愛する人と見る夕日は、いつも心温まる。
B201086,hedge,I trimmed the hedge in my garden.,私は庭の生け垣を刈りました。
B201087,helicopter,The helicopter landed on the rooftop.,ヘリコプターは屋上に着陸しました。
B201088,hell,He felt like he was in hell.,彼は地獄にいるような気がした。
B201089,helper,The helper assisted the elderly woman with her groceries.,助ける人は高齢の女性が買い物をするのを手伝いました。
B201090,hemp,Hemp is a versatile plant that can be used for various purposes.,麻はさまざまな目的に使用できる多目的な植物です。
B201091,herb,I love the smell of fresh herbs in the garden.,私は庭の新鮮なハーブの香りが好きです。
B201092,heritage,She inherited a valuable heritage from her ancestors.,彼女は祖先から貴重な世襲財産を受け継いだ。
B201093,hesitation,Her hesitation made me doubt her sincerity.,彼女のためらいが、私に彼女の誠実さを疑わせました。
B201094,highlight,Highlights of the match will be shown after the news.,試合のハイライトはニュースの後に放映される。
B201095,high-tech,Japan is a leader in the world's high-tech industry.,日本は世界のハイテク産業のリーダーだ。
B201096,hijack,"To prevent hijacks, all carry-on baggage is carefully inspected.",ハイジャック防止のため機内持ち込み手荷物の検査が厳重だ。
B201097,hijack,The criminals attempted to hijack the truck and steal the cargo.,犯罪者たちはトラックをハイジャックし、貨物を盗もうとした。
B201098,hilarious,The comedian's performance was hilarious.,そのコメディアンのパフォーマンスはとてもおかしかった。
B201099,hint,She subtly hinted at her disapproval.,彼女は微妙に彼女の不承認をほのめかしました。
B201100,holder,She is the holder of the highest score in the competition.,彼女は競技で最高得点を持つ人です。
B201101,hollow,The old tree had a hollow trunk.,その古い木には空洞のある幹がありました。
B201102,holocaust,The Holocaust was a tragic event in human history.,ホロコーストは人類史上での悲劇的な事件でした。
B201103,homeward,I always feel a sense of relief when I start my journey homeward.,自分の家(国)の方へ旅立つとき、いつも安心感を感じます。
B201104,hone,The sculptor meticulously selected a smooth hone of Belgian bluestone.,彫刻家は、ベルギーの青石から滑らかな砥石を丹念に選んだ。
B201105,honor,Will you honor this check?,この小切手で支払いを認めてくれますか。
B201106,honorable,He is an honorable man.,彼は立派な人です。
B201107,hood,She pulled up the hood of her jacket to protect herself from the rain.,彼女は雨から身を守るためにジャケットのフードを上げた。
B201108,hook,I used a hook to hang my coat on the wall.,私はフックを使ってコートを壁に掛けました。
B201109,hook,"I got several bites, but could not hook a fish.",何回か当たりはあったが針にはかからなかった。
B201110,hospice,"The hospice provides accommodation for visitors and pilgrims, especially those associated with the monastery.",そのホスピスは、特に僧院に関連する訪問者や巡礼者のための宿泊施設を提供しています。
B201111,hospitable,The hotel staff were very hospitable and made us feel welcome.,ホテルのスタッフはとてももてなしのよく、私たちを歓迎してくれました。
B201112,hospitality,The hotel staff provided excellent hospitality to their guests.,ホテルのスタッフは、ゲストに対して素晴らしいおもてなしを提供しました。
B201113,hospitalize,She was hospitalized for a week due to a severe illness.,彼女は重い病気のために1週間入院しました。
B201114,hourly,I get paid an hourly wage at my job.,私は仕事で時給をもらっています。
B201115,housekeeper,The housekeeper takes care of all the household chores.,主婦は家事全般を担当します。
B201116,housemaster,The housemaster is responsible for the students' well-being in the dormitory.,舎監は寮生の福祉に責任を持っています。
B201117,housewife,The housewife cooked a delicious meal for her family.,家庭の主婦は家族のために美味しい食事を作った。
B201118,hover,The helicopter began to hover in the sky.,ヘリコプターが空に浮かび始めました。
B201119,hug,I gave her a warm hug.,私は彼女に暖かいハグをしました。
B201120,hugely,She is hugely talented.,彼女は非常に才能がある。
B201121,human rights,Respecting human rights is essential for a just and equal society.,人権を尊重することは公正で平等な社会にとって不可欠です。
B201122,humane,All animals deserve humane treatment.,すべての動物は人道的な扱いに値する。
B201123,humanist,She is a dedicated humanist who believes in the power of education and empathy.,彼女は教育と共感の力を信じる献身的な人文主義者です。
B201124,humanize,Technology has the power to humanize our interactions.,テクノロジーには、私たちの交流を人間的なものにする力がある。
B201125,humble,He is a humble man.,彼は謙虚な人です。
B201126,humbug,"He claimed to be a prince, but it was all humbug.",彼は王子だと主張したが、それはすべて詐欺だった。
B201127,humiliate,He tried to humiliate her in front of everyone.,彼はみんなの前で彼女を屈辱させようとした。
B201128,humiliating,The humiliating defeat left him feeling ashamed.,屈辱的な敗北は彼を恥ずかしくさせた。
B201129,humiliation,He felt a deep sense of humiliation after being publicly criticized.,彼は公に批判された後、深い屈辱感を感じた。
B201130,hunting,He enjoys hunting in the forest.,彼は森で狩りを楽しんでいます。
B201131,hush,"Please hush, I'm trying to concentrate.",集中しているので、静かにしてください。
B201132,hybrid,She adopted a hybrid dog from the shelter.,彼女は保護施設から雑種犬を引き取った。
B201133,hygiene,Maintaining good hygiene is important for overall health.,衛生を保つことは全体的な健康にとって重要です。
B201134,hyperbole,"Using hyperbole, she claimed to have a million things to do.",誇張法を使って、彼女はやることが100万個あると主張しました。
B201135,hyphen,Please use a hyphen to separate the words.,単語を区切るためにハイフンを使用してください。
B201136,iceman,The iceman delivered a fresh block of ice to the restaurant.,氷屋はレストランに新鮮な氷の塊を配達しました。
B201137,icon,She is an icon of style and elegance.,彼女はスタイルとエレガンスの象徴です。
B201138,icy,The icy road sparkled in the sunlight.,凍結した道路が日光を浴びてまばゆく光った。
B201139,ideally,"Ideally, I would like to travel the world.",理想的には、世界中を旅したいです。
B201140,identical,The twins have identical haircuts.,双子は同じ髪型です。
B201141,identification,Identification is required to enter the building.,建物に入るためには身分証明が必要です。
B201142,identify,Can you identify the person in this photo?,この写真の人物を特定できますか？
B201143,ideology,His ideology shaped his political beliefs.,彼のイデオロギーが彼の政治的信念を形作った。
B201144,idiot,He's such an idiot.,彼は本当に白痴だね。
B201145,idle,She spends her weekends being idle and relaxing at home.,週末は家でのんびりと過ごす。
B201146,idolize,Many people idolize celebrities and try to emulate their lifestyles.,多くの人々が有名人を偶像化し、彼らのライフスタイルを模倣しようとします。
B201147,ignorance,His ignorance about history is evident.,彼の歴史に対する無学さは明らかだ。
B201148,ignorant,He is ignorant of the facts.,彼は事実を知らない。
B201149,illustrate,This diagram will illustrate the process of photosynthesis.,この図は光合成の過程を説明します。
B201150,illustration,This book contains beautiful illustrations.,この本には美しいイラストが含まれています。
B201151,imagery,The poet used vivid imagery to capture the reader's attention.,詩人は鮮明なイメージを使って読者の注意を引きつけた。
B201152,imitation,She is a master of imitation.,彼女は模倣の名人だ。
B201153,immerse,The kids love to immerse themselves in the pool on hot summer days.,夏のあつい日に、子供達はプールに浸かって遊ぶのが大好きだ。
B201154,immigrant,She is an immigrant from Mexico.,彼女はメキシコからの移民です。
B201155,immoral,His actions were considered immoral by society.,彼の行動は社会から不道徳とされた。
B201156,immortal,Vampires are often portrayed as immortal beings.,吸血鬼はしばしば不死の存在として描かれています。
B201157,immortality,The search for immortality has been a topic of fascination for centuries.,不死を求める探求は何世紀にもわたって魅力のある話題となってきた。
B201158,impartial,The judge was impartial in the trial.,裁判官は裁判において公平だった。
B201159,impatiently,She tapped her foot impatiently while waiting for the bus.,彼女はバスを待っている間、いらいらして足を踏み鳴らした。
B201160,imperative,The doctor felt a strong imperative to warn the patient about the risks of the surgery.,医師は手術のリスクについて患者に警告しなければならないと強く感じた。
B201161,impermanent,"Life is impermanent, so we should cherish every moment.",人生は永続しないので、私たちはすべての瞬間を大切にすべきです。
B201162,implement,These implements are in common use.,これらの道具は一般に用いられている。
B201163,implement,The company plans to implement a new software system next month.,会社は来月新しいソフトウェアシステムを導入する予定です。
B201164,implication,What was the implication of his remark?,彼の発言は含みとして何を言いたかったのですか。
B201165,imply,Her words imply that she knows more than she is letting on.,彼女の言葉には、彼女が口にしている以上のことを知っていることが暗示されている。
B201166,impolite,He was being impolite to the waiter.,彼はウェイターに無作法だった。
B201167,impolitely,He impolitely interrupted the conversation.,彼は無礼にも会話を遮った。
B201168,import,I need to import some goods from China.,私は中国からいくつかの商品を輸入する必要があります。
B201169,impose,The government decided to impose a new tax on luxury goods.,政府は贅沢品に新たな税金を課すことを決定した。
B201170,impossibility,Achieving world peace seems like an impossibility.,世界平和を実現することは不可能のように思われる。
B201171,impractical,The idea of using a banana as a phone is impractical.,バナナを電話として使うというアイデアは実用的ではない。
B201172,impressed,I was impressed by his music.,私は彼の音楽に感動した。
B201173,impressionism,Impressionism is a style of art that focuses on capturing the fleeting impressions of a scene.,印象主義は、風景の一瞬の印象を捉えることに焦点を当てた芸術のスタイルです。
B201174,impressionist,The museum's new exhibit features works by renowned impressionists like Monet and Renoir.,この美術館の新しい展示では、モネやルノワールといった著名な印象派の作品を取り上げている。
B201175,imprison,The judge decided to imprison the criminal for his actions.,裁判官はその犯罪者を彼の行為のために投獄することを決定しました。
B201176,imprisonment,He was sentenced to imprisonment for his crimes.,彼は犯罪のために投獄された。
B201177,improbable,It is improbable that I will win the lottery.,私が宝くじに当たる可能性はありそうもない。
B201178,improperly,He was improperly dressed for the occasion.,彼はその場にふさわしくない格好をしていた。
B201179,improved,The improved software interface led to greater efficiency and user satisfaction among employees.,ソフトウェア インターフェイスの改善により、従業員の効率とユーザー満足度が向上しました。
B201180,impulse,He couldn't resist the impulse to buy the new video game.,彼は新しいビデオゲームを買う衝動を抑えられなかった。
B201181,impulsive,She made an impulsive decision to quit her job and travel the world.,彼女は衝動的な決断をして仕事を辞めて世界を旅することにした。
B201182,inaccurate,The information provided in the report is inaccurate.,報告書に記載されている情報は不正確です。
B201183,inadequate,The company's response to the customer's complaint was inadequate.,会社の対応は顧客のクレームに対して不十分でした。
B201184,inanimate,The inanimate object lay motionless on the ground.,その無機物は、地面に横たわって動かない。
B201185,inborn,Her talent for music is inborn.,彼女の音楽の才能は生まれつきです。
B201186,incense,I love the smell of incense in the morning.,朝の香りが大好きです。
B201187,incentive,The company offers various incentives to motivate its employees.,会社は従業員を刺激するためにさまざまなインセンティブを提供しています。
B201188,inch,"The climber inched his way up the sheer rock face, each grip testing his strength.",登山者は垂直な岩壁を、ひとつひとつの手がかりに力を込めながら、少しずつ登っていった。
B201189,incur,His reckless behavior could incur serious consequences.,彼の無謀な行動は重大な結果を招くかもしれません。
B201190,incurable,He was diagnosed with an incurable disease.,彼は不治の病気と診断されました。
B201191,indebted,I am deeply indebted to my parents for their support.,私は両親のサポートに深く感謝しています。
B201192,indent,You should indent the first line of each paragraph.,各段落の最初の行には字下げをするべきです。
B201193,independently,She decided to live independently after graduating from college.,彼女は大学を卒業した後、独立して生活することを決めました。
B201194,indescribable,The beauty of the sunset was indescribable.,夕日の美しさは言葉では言い表せなかった。
B201195,index,"I couldn't find the information I needed, so I checked the index of the book.",必要な情報が見つからなかったので、本の索引を調べました。
B201196,indifferent,She was indifferent to his opinion.,彼女は彼の意見に関心がなかった。
B201197,indignity,He suffered great indignity when he was publicly humiliated.,彼は公衆の面前で辱められて大きな屈辱を受けた。
B201198,indispensable,Water is indispensable for life.,水は生活に欠くことのできないものです。
B201199,individual,Each individual is different.,個人はそれぞれ異なっている。
B201200,indulge,I like to indulge in chocolate cake on special occasions.,特別な日にはチョコレートケーキを堪能するのが好きです。
B201201,indulgent,She is self-indulgent and always puts her own needs before others.,彼女は自己中心的で、常に自分の要求を他人よりも優先します。
B201202,industrialize,Many countries have industrialized their economies to boost growth and development.,多くの国々は成長と発展を促進するために経済を産業化してきています。
B201203,ineffective,The new marketing strategy turned out to be ineffective.,新しいマーケティング戦略は効果がないことがわかった。
B201204,inert,The inert gas does not react with other elements.,不活性ガスは他の元素と反応しない。
B201205,inexperienced,She is inexperienced in handling difficult situations.,彼女は難しい状況の対処に経験がない。
B201206,infant,The hospital provides specialized care for infants.,その病院は乳児のための専門的なケアを提供しています。
B201207,infect,The virus can infect humans easily.,ウイルスは人間を簡単に感染させることができます。
B201208,infected,The wound was infected and started to suppuration.,傷口が感染し、うみ始めました。
B201209,infectious,Infectious diseases can spread quickly in crowded areas.,混雑した地域では感染症が急速に広がることがあります。
B201210,infer,"From the evidence presented, we can infer that she is guilty.",提示された証拠から、彼女が有罪であると推測することができます。
B201211,inference,"Upon observing the clues at the crime scene, the detective made a logical inference about the suspect's identity.",犯行現場の手がかりを観察して、刑事は容疑者の身元を論理的に推理した。
B201212,inflammation,The doctor prescribed medication to reduce the inflammation in my knee.,医者は私の膝の炎症を抑えるために薬を処方しました。
B201213,inflammatory,The doctor prescribed medication to reduce the inflammatory response.,医者は炎症反応を抑えるために薬を処方しました。
B201214,inflate,He used a pump to inflate the balloon with air.,彼はポンプを使って風船に空気を入れました。
B201215,inflation,The inflation rate in the country has been steadily increasing.,その国のインフレ率は着実に上昇しています。
B201216,influence,The statelet is heavily influenced by the superpower.,小国は大国の強い影響を受けています。
B201217,influential,She is an influential figure in the fashion industry.,彼女はファッション業界で有力な人物です。
B201218,influenza,I got the influenza vaccine to protect myself from getting sick.,私は体調を崩さないようにインフルエンザのワクチンを受けました。
B201219,informal,"I'm going to a party tonight, so I'll be dressed informally.",今夜はパーティーに行くから、カジュアルな格好で行くよ。
B201220,infringe,Using someone else's work without permission can infringe on their copyright.,許可なく他人の作品を使用することは、著作権を侵害する可能性があります。
B201221,infringement,The company was sued for copyright infringement.,その会社は著作権侵害で訴えられました。
B201222,inhabit,Many different species inhabit the rainforest.,多くの異なる種が熱帯雨林に住んでいます。
B201223,inherit,She will inherit her father's fortune.,彼女は父の財産を相続する予定です。
B201224,initial,The experiment failed in the initial stages.,実験は最初の段階でつまずいた。
B201225,initiative,The company launched a new initiative to promote sustainability.,会社は持続可能性を促進するための新しい取り組みを開始しました。
B201226,injection,I received an injection at the doctor's office.,私は医者のオフィスで注射を受けました。
B201227,injured,He was injured in a car accident.,彼は交通事故で負傷しました。
B201228,innate,Her innate talent for music was evident from a young age.,彼女の生まれつきの音楽の才能は若い頃から明らかでした。
B201229,innocently,She innocently believed everything he said.,彼女は無邪気に彼が言うことをすべて信じていた。
B201230,innovation,Innovation is the key to success in today's competitive market.,イノベーションは今日の競争市場で成功の鍵です。
B201231,innovative,She is known for her innovative ideas.,彼女は革新的なアイデアで知られています。
B201232,input,Any input would be appreciated!,どんなインプットでもいただければありがたいです。
B201233,inquire,I need to inquire about the availability of the product.,私はその商品の入手可能性について問い合わせる必要があります。
B201234,inseparable,Their bond is inseparable.,彼らの絆は分けられない。
B201235,inside,The inside temperature of the room was too hot for comfort.,部屋の内部温度は快適ではなく、あまりにも高かった。
B201236,inside,The inside of the museum was beautifully decorated.,博物館の内部は美しく飾られていた。
B201237,inspect,The mechanic will inspect the car before selling it.,車を売る前に、メカニックが検査します。
B201238,inspector,The inspector examined the crime scene for any evidence.,警察官は犯罪現場を証拠物を探すために調査しました。
B201239,inspirational,His story is truly inspirational.,彼の話は本当に激励になる。
B201240,instantly,He responded instantly to my message.,彼は私のメッセージにただちに反応しました。
B201241,instill,Parents should instill good values in their children.,親は子供に良い価値観をしみ込ませるべきです。
B201242,instinct,Her instinct told her to trust him.,彼女の本能は彼を信じるように言った。
B201243,institution,The institution was established in 1990.,その機関は1990年に設立されました。
B201244,instruct,I will instruct you on how to use the new software.,新しいソフトウェアの使い方を教えます。
B201245,insufficient,The amount of food provided was insufficient for the number of guests.,提供された食べ物の量は、ゲストの数に対して不十分でした。
B201246,insult,It is an insult to her.,それは彼女に対する屈辱だ。
B201247,insult,He insulted me in front of everyone.,彼はみんなの前で私を侮辱した。
B201248,integrate,It is important to integrate new employees into the company culture.,新入社員を企業文化に統合することが重要です。
B201249,intellectual,She is known for her intellectual prowess.,彼女は知的な才能で知られています。
B201250,intellectual,He likes to posture as an intellectual.,彼は知識人ぶるのが好きだ。
B201251,intent,She was intent on her book.,彼女は本に夢中になっていた。
B201252,interactive,The interactive game allows players to communicate with each other.,対話型のゲームはプレイヤー同士のコミュニケーションを可能にします。
B201253,interfere,I don't want to interfere in their personal matters.,私は彼らの個人的な問題に干渉したくない。
B201254,interior,The interior of the house was beautifully decorated.,家の内部は美しく飾られていました。
B201255,interpersonal,Interpersonal skills are important for building strong relationships.,人間関係を築くためには対人スキルが重要です。
B201256,interpret,She can interpret languages fluently.,彼女は言語を流暢に通訳できます。
B201257,interpretation,The interpretation of the data is crucial for understanding the results.,データの解釈は結果を理解するために重要です。
B201258,interpreter,The interpreter helped us communicate with the foreign delegates.,通訳者は私たちが外国の代表団とコミュニケーションを取るのを助けました。
B201259,interruption,I apologize for the interruption during the meeting.,会議中のじゃまをお詫びします。
B201260,intersection,The intersection was congested with traffic.,交差点は交通渋滞で混んでいました。
B201261,intimate,They have an intimate relationship.,彼らはたいへん親しい関係を持っています。
B201262,intransitive,A complete intransitive verb takes neither complement nor object.,完全自動詞は補語も目的語もとらない。
B201263,intravenous,The patient received intravenous medication.,患者は静脈内投薬を受けた。
B201264,intrude,I don't like it when people intrude on my personal space.,私の個人的な空間に他人が侵入するのは好きではありません。
B201265,intruder,The security system detected an intruder in the building.,セキュリティシステムは建物内で侵入者を検知しました。
B201266,intrusion,He was accused of intrusion upon her privacy.,彼は彼女のプライバシーに対する侵入を非難された。
B201267,invariable,The laws of physics are invariable.,物理法則は不変です。
B201268,invariably,She is invariably late for meetings.,彼女はいつも変わらずに会議に遅れます。
B201269,inventor,Thomas Edison is a famous inventor.,トーマス・エジソンは有名な発明者です。
B201270,inverted comma,Use an inverted comma at the beginning and end of a direct quote.,直接引用の始まりと終わりに逆さまのカンマを使ってください。
B201271,investigate,The police are investigating the crime.,警察はその犯罪を調査しています。
B201272,investigator,The investigator is gathering evidence for the case.,調査員は事件の証拠を集めています。
B201273,investment,He made a wise investment in the stock market.,彼は株式市場で賢明な投資をした。
B201274,investor,The investor made a significant profit from their investments.,投資家は投資から大きな利益を得ました。
B201275,invisible,The invisible force pulled the object towards it.,目に見えない力が物体を引き寄せた。
B201276,invitingly,"The aroma of freshly baked bread invitingly wafted from the cozy bakery window, drawing in passersby with its irresistible warmth.",こぢんまりとしたベーカリーの窓からは焼きたてのパンの香りが漂い、通りすがりの人たちを惹きつけてやまない。
B201277,invoke,The priest invoked the spirit of his ancestors.,司祭は彼の祖先の霊を呼び出した。
B201278,involvement,Her involvement in the project was crucial for its success.,彼女のプロジェクトへの関与は成功に不可欠でした。
B201279,ironically,"Ironically, the weather forecast said it would be sunny all day, but it ended up raining.",皮肉にも、天気予報では一日中晴れると言っていたが、結局雨が降った。
B201280,irrational,His decision to quit his stable job and pursue his dream of becoming an artist seemed irrational to many.,彼が安定した仕事を辞めてアーティストになるという夢を追求するという彼の決断は、多くの人にとって理性的でないように思えた。
B201281,irresistible,The aroma of freshly baked cookies was irresistible.,焼きたてのクッキーの香りは抵抗できなかった。
B201282,irresistibly,She was irresistibly drawn to him.,彼に抵抗できないほど引かれていた。
B201283,irresponsible,He is known for his irresponsible behavior.,彼は無責任な行動で知られている。
B201284,irritated,He became irritated.,彼は腹をたてた。
B201285,irritating,His constant complaining is irritating.,彼の絶え間ない不満はいらだたせる。
B201286,irritation,Her constant complaining is a source of irritation for me.,彼女の絶え間ない不満は私にとってイライラの原因です。
B201287,islander,The islander enjoys a peaceful life surrounded by the ocean.,島の住民は海に囲まれた平和な生活を楽しんでいます。
B201288,issue,The government issued a statement on the matter.,政府はその問題について声明を発表しました。
B201289,italicize,You can italicize the text in this document.,このドキュメントではテキストをイタリック体で印刷することができます。
B201290,itch,My body itches all over.,体中がかゆいのです。
B201291,jam,I managed to jam all my clothes into the suitcase.,私はスーツケースに自分の全ての服を押し込むことができました。
B201292,jaw,He broke his jaw in the accident.,彼は事故であごを折った。
B201293,jealously,She looked at him with jealously in her eyes.,彼女は嫉妬深さを目に宿して彼を見つめた。
B201294,jeopardize,His reckless behavior could jeopardize the lives of others.,彼の無謀な行動は他の人々の命を危険にさらす可能性がある。
B201295,jeweler,I bought a beautiful necklace from a local jeweler.,私は地元の宝石商から美しいネックレスを買いました。
B201296,jog,The man next door said he goes for a jog every morning.,隣の男性は毎朝ジョギングをしていると言った。
B201297,joint,My joints ache.,体の節々が痛いです。
B201298,journalism,She studied journalism in college and now works as a reporter for a major newspaper.,彼女は大学でジャーナリズムを学び、今は大手新聞社の記者として働いています。
B201299,judo,I'm practising judo.,柔道を練習しています。
B201300,jump,The jump was impressive.,そのジャンプは印象的だった。
B201301,junk food,I try to avoid eating junk food because it is high in calories but low in nutritional value.,栄養価は低いがカロリーの高い既製食品（ポテトチップ・ポップコーンなど）を食べるのは避けるようにしています。
B201302,juror,The juror carefully considered all the evidence before reaching a verdict.,陪審員は証拠を注意深く検討した後、評決に至った。
B201303,jury,The jury reached a unanimous decision.,陪審団は満場一致の決定を下した。
B201304,justify,"He tried to justify his actions, but no one believed him.",彼は自分の行動を正当化しようとしたが、誰も信じなかった。
B201305,kangaroo,I saw a kangaroo at the zoo.,私は動物園でカンガルーを見ました。
B201306,karaoke,I'm bad at singing karaoke.,私はカラオケが苦手です。
B201307,keen,She has a keen sense of observation.,彼女は鋭い観察力を持っています。
B201308,keeper,The goalkeeper made an incredible save.,ゴールキーパーは信じられないほどのセーブをしました。
B201309,kerosene,I need to buy some kerosene for my heater.,私は暖房のために灯油を買わなければなりません。
B201310,keystroke,"You can see whatever information you need, immediately, by typing a few keystrokes.",コンピューターのキーを少し叩くだけで、必要とするどんな情報も見ることができる。
B201311,kneel,He asked her to kneel before him.,彼は彼女にひざまずくように頼んだ。
B201312,knot,She tied a knot in the rope.,彼女はロープに結び目を作りました。
B201313,knowingly,He knowingly broke the rules.,彼は知りながらルールを破った。
B201314,known,He is known for his expertise in the field.,彼はその分野での専門知識で知られています。
B201315,label,Please check the label for the product information.,製品情報はり札を確認してください。
B201316,laborer,The laborer worked hard all day.,労働者は一日中一生懸命働きました。
B201317,lack,I lack the motivation to study for the exam.,私は試験勉強のモチベーションが不足しています。
B201318,lame,He walked with a lame leg.,彼はびっこを引きながら歩いた。
B201319,lance,The knight charged forward with his lance.,騎士はやりを持って突撃した。
B201320,landing,The spaceship made a smooth landing on the moon.,宇宙船は月面にスムーズに上陸しました。
B201321,landlady,The landlady is very kind and helpful.,女性の家主はとても親切で助けになります。
B201322,landslide,The heavy rain caused a landslide in the mountainous area.,大雨が山岳地帯で地すべりを引き起こしました。
B201323,lap,She rested her laptop on her lap.,彼女はラップトップをひざに置いた。
B201324,laptop,I bought a new laptop yesterday.,私は昨日新しいノートパソコンを買いました。
B201325,lark,I woke up early and heard the cheerful song of a lark outside my window.,私は早起きをして、窓の外でヒバリの明るい歌声を聞きました。
B201326,laser,The scientist used a laser to cut through the metal.,科学者は金属を切るためにレーザーを使用しました。
B201327,last minute,I booked a flight [[at the last minute]].,私はギリギリでフライトを予約しました。
B201328,lastly,"Lastly, I would like to thank everyone for their support.",最後に、皆さんのサポートに感謝したいと思います。
B201329,last minute,I know it’s a bit of last-minute.,少し直前過ぎる事は承知しておりますが。
B201330,later,"I prefer her later novels, which are more experimental than her earlier works.",私は彼女の初期の作品よりも実験的な後期の作品の方が好きだ。
B201331,latter,I prefer the latter half of the year.,私は年の後半を好みます。
B201332,laundry,I need to do the laundry today.,今日は洗濯をしなければならない。
B201333,lava,"The volcano erupted, spewing hot lava into the air.",火山が噴火し、高温の溶岩を空中に噴出した。
B201334,lawmaker,The lawmaker proposed a new bill to address the issue.,立法者は問題に対処するための新しい法案を提案しました。
B201335,lawn,The children played on the lawn.,子供たちは芝生で遊んだ。
B201336,lawsuit,The company is facing a lawsuit for copyright infringement.,その会社は著作権侵害の訴訟を受けています。
B201337,layabout,He is such a layabout.,彼は本当になまけ者だ。
B201338,leaflet,I picked up a leaflet about the new restaurant in town.,町の新しいレストランのちらしを拾いました。
B201339,leak,There was a leak in the pipe.,パイプに漏れがありました。
B201340,leak,The news leaked out.,ニュースがもれた。
B201341,lean,She is trying to lean against the wall for support.,彼女は支えとして壁に寄りかかろうとしています。
B201342,leap,She took a leap and jumped over the hurdle.,彼女はぴょんと飛び越えてハードルを飛び越えました。
B201343,learning,I enjoy learning new things every day.,私は毎日新しいことを学ぶことを楽しんでいます。
B201344,lease,Our lease is up in May and I’d like to move to a new office.,賃貸借契約期間が5月で終わるから新しい事務所に移りたいな。
B201345,leash,She held the leash tightly as she walked her dog.,彼女は犬を散歩する際に皮ひもをしっかりと握っていた。
B201346,least,It's the least we can do.,それは私たちができるせめてものことです。
B201347,lecturer,The lecturer gave an informative presentation on the topic.,講演者はそのトピックについての情報を提供するプレゼンテーションを行いました。
B201348,leek,I love to cook with leek.,私はネギを使って料理するのが大好きです。
B201349,legend,The legend of King Arthur has been passed down for centuries.,アーサー王の伝説は何世紀にもわたって伝えられてきた。
B201350,legendary,He is a legendary musician.,彼は伝説のミュージシャンです。
B201351,legislate,The government plans to legislate new regulations to protect the environment.,政府は環境を保護するために新しい規制を制定する予定です。
B201352,legislation,The government is working on new legislation to protect the environment.,政府は環境を保護するための新しい法律を作成しています。
B201353,legislative,The legislative branch is responsible for making laws.,立法府は法律を制定する責任を負います。
B201354,legislator,The legislator proposed a new law to protect the environment.,法律制定者は環境保護のための新しい法律を提案しました。
B201355,legislature,The legislature passed a new law to protect the environment.,立法機関は環境保護のための新法案を可決した。
B201356,legitimate,The company has a legitimate reason for terminating the employee.,会社は従業員を解雇する正当な理由があります。
B201357,leisurely,She leisurely sipped her coffee while reading a book.,彼女は本を読みながら、コーヒーをゆっくりと飲んだ。
B201358,lengthen,She used hair extensions to lengthen her hair.,彼女は髪を長くするためにエクステンションを使用しました。
B201359,lengthy,The meeting was lengthy and exhausting.,会議は長くて疲れるものでした。
B201360,leopard,The leopard stealthily stalked its prey through the dense jungle.,ヒョウは密林を通じて獲物をこっそりと追いかけました。
B201361,lest,He studied hard lest he fail the exam.,彼は試験に落ちないように一生懸命勉強した。
B201362,level,They are now leveling the road with a bulldozer.,彼らはブルドーザーで道ならしをしている。
B201363,liberal,She has a liberal approach to politics.,彼女は政治に対して自由主義的なアプローチを持っています。
B201364,lick,The dog loves to lick my face.,犬は私の顔をなめるのが大好きです。
B201365,lid,Please close the lid of the box.,箱の蓋を閉めてください。
B201366,lifeless,He seems really depressed and lifeless today. I wonder what took the wind out of his sails.,彼は今日、とても落ち込んでいて、生気がない。何が彼のやる気をなくさせたんだろう。
B201367,lifetime,The memories we create last a lifetime.,私たちが作り出す思い出は一生続く。
B201368,lighten,She used a lamp to lighten the room.,彼女は部屋を明るくするためにランプを使いました。
B201369,lighting,The lighting in this room is too bright.,この部屋の照明は明るすぎます。
B201370,likewise,"I enjoy reading, and likewise, my sister loves to read.",私は読書を楽しんでいますし、同様に、私の姉も読書が大好きです。
B201371,limb,The dog lost a limb in the accident.,その犬は事故で手足を失った。
B201372,line,"I lined my coat with a soft, fuzzy material to keep me warm.",コートの裏地には、モコモコとした柔らかい素材を使い、暖かく過ごせるようにしました。
B201373,linen,I love wearing linen clothes in the summer.,夏にはリネンの服を着るのが好きです。
B201374,liner,The liner adds an extra layer of warmth to the jacket.,裏地はジャケットに追加の暖かさをもたらします。
B201375,ling,I have a beautiful ling plant in my garden.,私の庭には美しいギョリュウモドキの植物があります。
B201376,linger,"She lingered at the party, not wanting to leave.",彼女はパーティーでぐずぐずして、立ち去りたくなかった。
B201377,list,All the names are listed in alphabetical order.,名前はすべてアルファベット順に載っています。
B201378,listener,She is a good listener and always lends an ear when someone needs to talk.,彼女は良い聞き手で、誰かが話を聞きたいときはいつも耳を傾けてくれます。
B201379,literal,The literal meaning of the word is different from its figurative interpretation.,その単語の文字通りの意味は、比喩的な解釈とは異なります。
B201380,literally,He took her words literally.,彼は彼女の言葉を文字通りに受け取った。
B201381,litter,Please pick up your litter and throw it in the trash can.,ごみを拾ってゴミ箱に捨ててください。
B201382,living,The pauper was begging for a living.,貧困者が乞食をしていた。
B201383,load,The truck was loaded with boxes.,トラックは箱で満載されていました。
B201384,loan,I need to apply for a loan to buy a new car.,新しい車を買うためにローンを申し込む必要があります。
B201385,lobby,I waited in the lobby for my friend to arrive.,友達が到着するのを待つために、私はロビーで待っていました。
B201386,loneliness,Loneliness can be a difficult emotion to overcome.,孤独は克服が難しい感情です。
B201387,long-distance,I have been in a long-distance relationship for two years.,私は2年間遠距離恋愛をしています。
B201388,long-term,Investing in stocks is a good strategy for long-term financial growth.,株式投資は長期的な財務成長のための良い戦略です。
B201389,loosely,He held the rope loosely in his hand.,彼はロープを手に緩く握っていた。
B201390,lousy,I had a lousy day at work.,仕事がうんざりするほどあった一日だった。
B201391,lower,She lowered her eyebrows in disapproval.,彼女は不快そうに顔をしかめた。
B201392,lowland,The city is located in a lowland area.,その都市は低地の地域に位置しています。
B201393,lucrative,The new business venture proved to be highly lucrative.,この新しい事業は非常に儲かることが判明した。
B201394,lush,The lush green forest was breathtaking.,緑豊かな森は、息をのむほど美しかった。
B201395,luxurious,The hotel room was luxurious and spacious.,ホテルの部屋はぜいたくで広々としていました。
B201396,luxury,The price of the luxury car was exorbitant.,高級車の価格は法外でした。
B201397,lyric,The song has beautiful lyrics.,その歌は美しい詩を持っています。
B201398,madam,"Excuse me, madam. Can I help you with anything?",すみません、奥様。何かお手伝いできますか？
B201399,madame,Madame is a title used to address a married woman.,「Madame」は、既婚の女性を呼ぶために使われる敬称です。
B201400,madness,His behavior was a clear manifestation of madness.,彼の行動は明らかな狂気の現れだった。
B201401,maestro,He is a master of the violin and a maestro in the orchestra.,彼はヴァイオリンの名手であり、オーケストラのマエストロです。
B201402,magnify,The microscope can magnify small objects.,顕微鏡は小さな物体を拡大することができます。
B201403,major,What's your major?,専攻は何ですか。
B201404,make,Does anybody know the make of the getaway car?,逃走車のメーカーを知っている人はいますか?
B201405,malady,She was diagnosed with a rare malady.,彼女は珍しい疾病と診断されました。
B201406,malaria,Malaria is a life-threatening disease caused by parasites that are transmitted to people through the bites of infected female Anopheles mosquitoes.,マラリアは、寄生虫によって引き起こされる命に関わる病気で、感染した雌のハマダラカに刺されることで人に感染します。
B201407,mama,I love my mama so much.,私はとてもおかあちゃんが大好きです。
B201408,mango,I love eating mangoes in the summer.,夏にマンゴーを食べるのが大好きです。
B201409,manipulate,The government instrumentalised the media to manipulate public opinion.,政府はメディアを手段として利用して、世論を操作しました。
B201410,mansion,The mansion was filled with luxurious furniture and elegant decorations.,その大邸宅は豪華な家具と優雅な装飾品で溢れていた。
B201411,manual,I prefer manual labor over using machines.,私は機械を使うよりも手作業を好む。
B201412,manual,Such manuals should be written in simpler language.,こういう手引書はもっと分かりやすく書くべきだ。
B201413,manufacture,The company specializes in the manufacture of electronic devices.,その会社は電子機器の製造に特化しています。
B201414,manufacture,This machine was manufactured in France.,この機械はフランスで製造されました。
B201415,manufacturer,The manufacturer produces high-quality products.,そのメーカーは高品質な製品を生産しています。
B201416,manufacturing,Polyurethane is commonly used in the manufacturing of coatings and resins.,ポリウレタンは塗料や樹脂の製造によく使用されます。
B201417,marathon,I trained for months to prepare for the marathon.,私は数ヶ月間トレーニングしてマラソンに備えました。
B201418,margin,The margin of the paper is wide.,紙の余白は広いです。
B201419,marketing,Marketing plays a crucial role in promoting products and increasing sales.,マーケティングは製品の宣伝と売上の増加において重要な役割を果たしています。
B201420,martial art,He studied martial arts for many years.,彼は多年にわたり武道を学んだ。
B201421,mask,She wore a mask to protect herself from the dust.,彼女はほこりから身を守るためにマスクを着用しました。
B201422,mass,The mass of the object is measured in kilograms.,物体の質量はキログラムで測定されます。
B201423,massacre,The massacre of innocent civilians shocked the entire nation.,無辜の市民の虐殺は、国全体を震撼させた。
B201424,massage,I booked a massage for tomorrow.,明日、マッサージを予約しました。
B201425,masseur,The masseur gave me a relaxing massage.,マッサージ師は私にリラックスしたマッサージをしてくれました。
B201426,master,The dog obeyed its master's commands.,犬は主人の命令に従った。
B201427,masterpiece,The Mona Lisa is considered a masterpiece of art.,モナリザは芸術の傑作とされています。
B201428,mastery,He has achieved mastery in playing the piano.,彼はピアノの演奏をマスターしています。
B201429,mate,I'm meeting my mate for lunch.,昼食に友達と会っています。
B201430,mathematical,Mathematical equations can be solved using various methods.,数学の方程式はさまざまな方法を使って解くことができます。
B201431,mature,She is a mature and responsible adult.,彼女は成熟した責任感のある大人です。
B201432,mausoleum,The mausoleum is a beautiful and peaceful place to honor the deceased.,霊廟は亡くなった人々を敬う美しく平和な場所です。
B201433,mean,The mean of the test scores was 65.,テストの点数の平均は65だった。
B201434,means,The telephone is a means of communication.,電話はひとつの通信手段である。
B201435,mechanize,Many factories have mechanized their production processes.,多くの工場が生産プロセスを機械化しています。
B201436,media,The media plays a crucial role in shaping public opinion.,メディアは公共の意見形成に重要な役割を果たしています。
B201437,medication,I need to take my medication every day.,私は毎日薬を飲まなければなりません。
B201438,medieval,The castle was built during the medieval period.,その城は中世に建てられました。
B201439,mediocre,His performance was mediocre at best.,彼のパフォーマンスはせいぜい平凡なものでした。
B201440,melody,The melody of the song was enchanting.,その歌のメロディは魅惑的だった。
B201441,memorial,They held a memorial service for the victims of the accident.,彼らは事故の犠牲者のために追悼式を行った。
B201442,mentor,My mentor has been guiding me throughout my career.,私の指導者は私のキャリアを通じて私を指導してきました。
B201443,merchandise,The store offers a wide range of merchandise for sale.,その店舗では、販売用の幅広い商品が提供されています。
B201444,mercy,He showed mercy to his opponent.,彼は相手に慈悲を示した。
B201445,merge,The two companies decided to merge in order to expand their market share.,2つの会社は市場シェアを拡大するために合併することを決定しました。
B201446,merger,The merger between the two companies was approved by the shareholders.,2つの会社の合併は株主によって承認されました。
B201447,mess,I always mess up when I try to cook a new recipe.,新しいレシピを作ろうとするといつも失敗する。
B201448,messenger,The messenger left for London in secret.,使者はひそかにロンドンへ出発した。
B201449,metaphor,Her smile is a ray of sunshine.,彼女の笑顔は太陽の光です。
B201450,metric,The metric system is used in most countries around the world.,世界のほとんどの国でメートル法が使用されています。
B201451,micro,Microorganisms are too small to be seen with the naked eye.,肉眼では見えないほど微小な生物が存在します。
B201452,microbe,Microbes play a crucial role in the decomposition of organic matter.,微生物は有機物の分解において重要な役割を果たしています。
B201453,microcomputer,The microcomputer in my office is quite old.,私のオフィスのマイクロコンピュータはかなり古いです。
B201454,micrometer,I used a micrometer to measure the thickness of the paper.,私は測微計を使って紙の厚さを測りました。
B201455,microorganism,Microorganisms play a crucial role in the decomposition of organic matter.,微生物は有機物の分解において重要な役割を果たしています。
B201456,microphone,I need to buy a new microphone for my podcast.,私はポッドキャスト用に新しいマイクを買う必要があります。
B201457,microscope,I used a microscope to examine the cells.,私は顕微鏡を使って細胞を観察しました。
B201458,microscopic,Protozoan is a type of microscopic organism.,原生動物は微小な生物の一種です。
B201459,microscopy,Microscopy is a technique used to observe objects that are too small to be seen by the naked eye.,顕微鏡検査は、肉眼で見るには小さすぎる物体を観察するために用いられる技術である。
B201460,microwave,I heated up my leftovers in the microwave.,私は電子レンジで残り物を温めました。
B201461,midst,She found herself in the midst of a bustling crowd.,彼女は賑やかな人混みの中にいる自分自身を見つけた。
B201462,mighty,He is a mighty warrior.,彼は強力な戦士です。
B201463,migration,Migration is a natural phenomenon that has been happening for centuries.,移住は何世紀も前から起こっている自然現象です。
B201464,mill,The old mill by the river has been converted into a charming restaurant.,川のそばの古い製粉所は、魅力的なレストランに改装されました。
B201465,millimeter,The length of the pencil is 150 millimeters.,鉛筆の長さは150ミリメートルです。
B201466,millionaire,He became a millionaire overnight.,彼は一夜にして百万長者になった。
B201467,mimic,The parrot is a perfect mimic of human speech.,オウムは人間の話し言葉を完璧に模倣する。
B201468,mine,This diamond mine produces some of the world's most valuable gems.,このダイヤモンド鉱山は世界で最も価値のある宝石を生産しています。
B201469,miniature,She has a miniature model of the Eiffel Tower on her desk.,彼女の机の上にはエッフェル塔のミニチュア模型があります。
B201470,minister,The prime minister addressed the nation in a televised speech.,首相はテレビ演説で国民に対応しました。
B201471,mint,I love the refreshing taste of mint.,私はハッカのさわやかな味が好きです。
B201472,misconception,There is a common misconception that all snakes are venomous.,一般的な誤解として、すべてのヘビが毒を持っていると思われています。
B201473,misfortune,She has experienced a lot of misfortune in her life.,彼女は人生でたくさんの不運を経験してきました。
B201474,misleading,The advertisement was misleading and caused many people to make the wrong decision.,その広告は人を誤解させ、多くの人々が誤った決定をする原因となりました。
B201475,missile,The missile was launched from a military base.,ミサイルは軍事基地から発射されました。
B201476,mist,The mist covered the entire forest.,かすみが森全体を覆っていた。
B201477,mistreat,The animal activist group investigated the zoo after receiving reports that the animals were being mistreated by the staff.,動物が職員に虐待されているとの報告を受け、動物活動団体が動物園を調査した。
B201478,mistrustful,He is mistrustful of others.,彼は他人を疑い深い。
B201479,misunderstand,"I'm sorry, but I think you misunderstand what I meant.",ごめんなさい、でも私の意味することを誤解していると思います。
B201480,mix,"The weather turned sleety, with a mix of rain and snow.",天気はみぞれのようになり、雨と雪が混ざっていた。
B201481,mixture,I made a delicious mixture of fruits for the smoothie.,私はスムージーのためにおいしいフルーツの混合物を作りました。
B201482,mobility,The development of electric vehicles has greatly improved mobility.,電気自動車の開発は、移動性を大幅に向上させました。
B201483,mock,"Try a 50 minute mock examination, and know just how good you really are.",50分の模擬試験に挑戦して、試験であなたの実力がどれくらいかがわかります。
B201484,modernization,The country underwent a period of modernization in the late 19th century.,その国は19世紀末に現代化の時代を経験しました。
B201485,modernize,The company plans to modernize its manufacturing process.,会社は製造プロセスを現代化する予定です。
B201486,modest,She is known for her modesty.,彼女は謙虚さで知られています。
B201487,modification,The modification of the building was necessary to meet safety regulations.,建物の修正は安全規制を満たすために必要でした。
B201488,mogul,He is a mogul in the stock market.,彼は株式市場で大物だ。
B201489,mold,The statue was cast in a mold.,その像は型に入れられて作られた。
B201490,momentarily,She paused momentarily before answering the question.,彼女は質問に答える前にちょっと間を置いた。
B201491,momentary,The car came to a momentary stop before continuing on its way.,車は一瞬停止してから進行しました。
B201492,monastery,The monks lived a peaceful life in the monastery.,修道士たちは修道院で平和な生活を送っていました。
B201493,moody,She can be moody sometimes.,彼女は時々気分が変わりやすいです。
B201494,moonlight,"The moonlight shone through the window, casting a soft glow in the room.",月光が窓から差し込み、部屋に柔らかな輝きを投げかけた。
B201495,moonscape,The astronauts marveled at the desolate moonscape.,宇宙飛行士たちは、荒涼とした月面の眺めに驚嘆した。
B201496,moral,He always tries to make moral decisions.,彼は常に道徳的な決断をしようと努力しています。
B201497,morality,Morality is the foundation of a civilized society.,道徳は文明社会の基盤です。
B201498,morally,It is morally wrong to steal.,盗むことは道徳的に間違っています。
B201499,mortal,All living beings are mortal.,すべての生物は必ず死ぬ運命です。
B201500,mortar,I used a mortar to grind the spices.,スパイスを挽くのにすり鉢を使った。
B201501,mortgage,I need to apply for a mortgage to buy a house.,家を買うために住宅ローンを申し込む必要があります。
B201502,mortify,The teacher's harsh words mortified the student.,先生のきつい発言が、生徒に恥をかかせた
B201503,mother-in-law,My mother-in-law is coming to visit us this weekend.,今週末、夫の母が私たちを訪ねてきます。
B201504,motion,The motion of the waves was mesmerizing.,波の動きは魅了的でした。
B201505,motivated,"The motivated workers exceeded all expectations, completing the project ahead of schedule and under budget.",やる気のある従業員はすべての期待を上回り、プロジェクトを予定より早く、予算内で完了させました。
B201506,motorbike,I rode my motorbike to work today.,今日はバイクで仕事に行きました。
B201507,motorist,The motorist drove through the city at high speed.,モータリストは高速で街を走りました。
B201508,mount,She loves to mount the horse and go for a ride.,彼女は馬に乗って散歩するのが大好きです。
B201509,mournful,She wore a mournful expression after hearing the news.,彼女はそのニュースを聞いて悲しみに沈んだ表情をしていた。
B201510,mover,The mover helped us move all our furniture to the new house.,引っ越し業者が私たちの家具を新しい家に運ぶのを手伝ってくれました。
B201511,moving,The car is moving slowly.,車がゆっくりと動いています。
B201512,muddy,I slipped and fell into the muddy puddle.,私は滑って泥の水たまりに落ちた。
B201513,multiple,There are multiple options to choose from.,選ぶための多数のオプションがあります。
B201514,multiply,She likes to multiply her savings by investing in stocks.,彼女は株式投資で貯金を増やすことが好きです。
B201515,mumble,He spoke in a mumble.,彼はぶつぶつと話した。
B201516,mumble,She tends to mumble when she's nervous.,彼女は緊張するともぐもぐ言いがちです。
B201517,murmur,The murmur of the flowing river was soothing.,流れる川のざわめきが心地よかった。
B201518,muse,"She sat by the window, lost in her thoughts, as she mused about the meaning of life.",彼女は窓辺に座り、考えにふけりながら、人生の意味について深く考えました。
B201519,musical,I love going to musicals.,私はミュージカルを見に行くのが大好きです。
B201520,mustache,He grew a thick mustache.,彼は太い口ひげを生やした。
B201521,mutability,The mutability of the weather makes it difficult to plan outdoor activities.,天候の変わりやすさは、屋外の活動を計画するのが難しくなります。
B201522,mutable,The weather in the desert is notoriously mutable.,砂漠の天気は変わりやすいことで悪名高い。
B201523,mutter,The machine's engines released a steady mutter as it idled.,マシンのエンジンはアイドリングしながら、安定して音を発した。
B201524,mutter,She would often mutter to herself when she was deep in thought.,彼女は物思いにふけるとよく独り言をつぶやいていた。
B201525,mutton,I love the taste of mutton.,私は羊の肉の味が大好きです。
B201526,mystify,Her mysterious smile mystified him.,彼女の神秘的な笑顔は彼を惑わせた。
B201527,nano,The scientist is working on a new nano technology.,科学者は新しいナノテクノロジーに取り組んでいます。
B201528,narcissistic,He is so narcissistic that he can't stop talking about himself.,彼は自己陶酔のため、自分自身について話すのを止められない。
B201529,narrator,The narrator of the story provided a unique perspective.,物語の語り手は独特な視点を提供しました。
B201530,narrowly,The path through the forest was narrowly wide enough for one person.,森の中の道は一人分しか通れないほど狭かった。
B201531,nationwide,The nationwide event attracted thousands of participants.,全国的なイベントは数千人の参加者を集めました。
B201532,nationwide,He is well known nationwide.,彼は全国的に名が通っている。
B201533,native speaker,She speaks English as if she were a native speaker.,彼女はまるで母語を話すように英語を話します。
B201534,naughty,The naughty child drew on the walls with crayons.,いたずらな子供がクレヨンで壁に絵を描いた。
B201535,naval,The naval fleet conducted a training exercise in the Pacific Ocean.,海軍艦隊は太平洋で訓練演習を行った。
B201536,navigate,He learned how to navigate a ship.,彼は船を操縦する方法を学びました。
B201537,navigation,The navigation system on the ship guided us safely to our destination.,船のナビゲーションシステムが私たちを安全に目的地まで案内しました。
B201538,navy,The navy ships gathered at the harbor for a military exercise.,海軍の艦船が軍事演習のために港で集まった。
B201539,neat,She keeps her room neat and tidy.,彼女は部屋をきちんと整理しています。
B201540,necessarily,I don't necessarily agree with his decision.,彼の決断に必ずしも同意するわけではありません。
B201541,necessity,Education is a necessity for personal growth.,教育は個人の成長に必要不可欠です。
B201542,need,I have a need for speed.,私はスピードを必要としています。
B201543,needless,Buying a new car when your old one is still in good condition is needless.,古い車がまだ良い状態であるのに新しい車を買うのは不必要です。
B201544,needy,We should help the needy.,我々は貧しい人たちを援助すべきだ。
B201545,negatively,He always speaks negatively about his job.,彼はいつも自分の仕事に否定的に話します。
B201546,neglect,He was blamed for neglect of duty.,彼は義務怠慢で非難された。
B201547,neighboring,I live in a neighboring town.,私は隣町に住んでいます。
B201548,neither,He [[neither smokes nor drinks|neither ... nor]].,彼は煙草も吸わず、酒も飲まない。
B201549,neither ... nor,I neither like coffee nor tea.,私はコーヒーも紅茶もどちらでも好きではありません。
B201550,neither,Neither team played well in the game.,どちらのチームもその試合ではよくなかった。
B201551,neither,Neither is beautiful.,どちらも美しくない。
B201552,nerve,"The musician, despite her crippling stage fright, nerved herself up and delivered a stunning performance.",このミュージシャンは、ステージ恐怖症にもかかわらず、緊張を解きほぐし、見事なパフォーマンスを披露した。
B201553,nerve,It took a lot of nerve to stand up and speak in front of that large audience.,あの大勢の観衆の前で立ち上がって話すには、相当な勇気が必要だったよ。
B201554,nervously,She nervously tapped her fingers on the table.,彼女は神経質にテーブルで指を叩いた。
B201555,net surfer,Tom is a skilled net surfer who can find information on any topic.,トムはどんなトピックでも情報を見つけることができる熟練したネットサーファーです。
B201556,neurosis,She has been diagnosed with neurosis.,彼女は神経症と診断されました。
B201557,newscaster,The newscaster delivered the latest news to the viewers.,ニュース放送者は最新のニュースを視聴者に伝えました。
B201558,newsworthy,The scandal involving the famous actor is newsworthy and has attracted a lot of attention.,有名な俳優に関するスキャンダルは報道価値があり、多くの注目を集めています。
B201559,next,What's next on the agenda?,次の議題は何ですか?
B201560,nicely,She played the piano nicely.,彼女は見事にピアノを演奏した。
B201561,nightclub,I went to a nightclub last night.,昨夜、私はナイトクラブに行きました。
B201562,nightmare,I had a terrifying nightmare last night.,昨夜、恐ろしい悪夢を見ました。
B201563,nobility,The nobility in England includes the title of Duke.,イギリスの貴族には公爵の称号が含まれています。
B201564,noble,She carried herself with noble grace.,彼女は高貴な優雅さを持っていた。
B201565,nobleman,The nobleman lived in a grand castle.,貴族は壮大な城に住んでいました。
B201566,nod,She nodded in agreement.,彼女は同意してうなずきました。
B201567,nomad,The nomads traveled across the vast desert with their herds.,遊牧民は群れを連れて広大な砂漠を旅しました。
B201568,nomination,Her nomination for the award was well-deserved.,彼女の受賞のノミネートは当然だった。
B201569,nominee,She is the nominee for the award.,彼女はその賞の候補者です。
B201570,nonprofessional,Wearing pajamas to the interview was a major nonprofessional move that cost her the job.,パジャマを着て面接に臨んだことは、一人前ではないことを示す重大な行動であり、彼女は仕事を失うことになった。
B201571,non-smoking,This is a non-smoking area.,これは禁煙エリアです。
B201572,northward,They traveled northward to reach their destination.,彼らは目的地に到達するために北へ旅行しました。
B201573,nostril,I could feel the cold air entering my nostrils.,私は冷たい空気が鼻孔に入ってくるのを感じることができました。
B201574,nought,I have achieved nought in my efforts.,私の努力は何も成果を上げていません。
B201575,nourish,Eating a balanced diet helps nourish the body.,バランスの取れた食事を摂ることで体を養うことができます。
B201576,nourishment,Fruits and vegetables are rich in nourishment.,果物や野菜は滋養分が豊富です。
B201577,novelty,The novelty of the new gadget impressed everyone.,新しいガジェットの新奇さはみんなを感動させました。
B201578,now,"Now it rises, now it sinks.",浮かんだと思うとまた沈む。
B201579,nuisance,The noisy neighbors are a nuisance.,うるさい隣人は迷惑です。
B201580,numerical,She has a numerical advantage over her opponents.,彼女は相手より数的優位に立っている。
B201581,nursery,I decorated the nursery with colorful toys and cute furniture.,私は子供部屋にカラフルなおもちゃと可愛い家具を飾りました。
B201582,nut,I love eating nuts.,私は木の実を食べるのが大好きです。
B201583,nutshell,"In a nutshell, a walnut is a type of grain.",要するに、クルミは穀物の一種です。
B201584,oath,He took an oath to protect his country.,彼は自国を守るために誓いを立てた。
B201585,obedience,Obedience is the key to success.,従順さは成功の鍵です。
B201586,obedient,She is an obedient student who always follows the rules.,彼女はいつもルールに従う従順な生徒です。
B201587,obey,It is important to obey the rules.,ルールに従うことは重要です。
B201588,obituary,The local newspaper published an obituary for the beloved community leader.,地元の新聞は、敬愛された地域のリーダーの死亡記事を掲載しました。
B201589,object,He objected to our plan.,彼は僕たちの計画に反対した。
B201590,objective,It is very difficult for anybody to be objective about his own character.,誰にとっても自分の性格を客観的に見ることは非常に困難なことである。
B201591,obligation,It is our obligation to follow the rules and regulations.,ルールと規則に従うことは私たちの義務です。
B201592,observer,The scientist acted as an observer during the experiment.,科学者は実験中に観察者として行動しました。
B201593,obsess,She obsesses over every little detail.,彼女は細部にこだわりすぎる。
B201594,obsession,Her obsession with cleanliness is starting to become a problem.,彼女の清潔への執着は問題になりつつある。
B201595,obsessive,He has an obsessive personality.,彼は執着する性格だ。
B201596,odd,It's odd that he didn't show up to the meeting.,彼が会議に現れなかったのは奇妙だ。
B201597,offend,I didn't mean to offend you with my comment.,私のコメントであなたを傷つけるつもりはありませんでした。
B201598,offender,The police arrested the offender for breaking the law.,警察は法律を破った違反者を逮捕した。
B201599,offense,He was charged with a serious offense.,彼は重大な犯罪で起訴された。
B201600,offhand,I can't think of the answer offhand.,即座に答えを思いつくことができません。
B201601,official,The official announced the new policy.,役人は新しい政策を発表しました。
B201602,offshore,The company has offshore operations in several countries.,その会社は複数の国で沖合いの業務を行っています。
B201603,ointment,You should apply some ointment.,なんか軟膏でも塗っておきなよ。
B201604,olive,Oil is extracted from olives.,オリーブの実から油が取れる。
B201605,Olympia,"The Olympic Games originated in Olympia, a plain in the western part of the Peloponnese peninsula in Greece.",オリンピックは、ギリシャのペロポネソス半島西部にあるオリンピアという平原で始まりました。
B201606,Olympiad,The Olympiad is a four-year period between one Olympic Games and the next.,オリンピア紀は、一つのオリンピック競技大会と次の競技大会の間の4年間です。
B201607,once,"I [[used to]] dislike broccoli, but once I tried it with cheese, I loved it.",私は以前、ブロッコリーが嫌いだったが、一度チーズと一緒に試してみたら、大好きになった。
B201608,openly,He openly expressed his opinion.,彼は公然と意見を表明した。
B201609,operator,The operator of the machine is responsible for its maintenance.,機械のオペレーターは、そのメンテナンスに責任を持っています。
B201610,opponent,He faced a tough opponent in the debate.,彼は討論で厳しい相手に立ち向かった。
B201611,optimism,Optimism is the key to a happy life.,楽天主義は幸せな人生の鍵です。
B201612,optimist,She is an optimist who always sees the bright side of things.,彼女は常に物事の明るい面を見る楽天主義者です。
B201613,optimistic,She always has an optimistic outlook on life.,彼女は常に楽観的な人生の見方を持っています。
B201614,optional,An air conditioner is available as an optional extra.,エアコンは追加料金で選べます
B201615,oral,Oral communication is an important skill in the workplace.,職場では口頭コミュニケーションが重要なスキルです。
B201616,orator,The orator delivered a powerful speech that moved the audience.,演説者は感動的なスピーチを行った。
B201617,orchestral,The symphony orchestra performed a beautiful piece.,交響楽団が美しい曲を演奏しました。
B201618,orchid,I bought a beautiful orchid for my mother's birthday.,私は母の誕生日に美しいランを買いました。
B201619,organizer,She is the organizer of the event.,彼女はイベントの主催者です。
B201620,original,Compare the translation with the original.,訳文を原文と比較しなさい。
B201621,originality,Her originality shines through in her unique artwork.,彼女の独創性は、彼女のユニークなアート作品に輝いています。
B201622,originally,"She originally wanted to be a doctor, but she changed her mind and became a teacher.",彼女は元々医者になりたかったが、考えを変えて教師になった。
B201623,originate,The conflict originated from a disagreement over resources.,紛争は資源に関する意見の相違から引き起こされました。
B201624,ornament,She hung the ornament on the Christmas tree.,彼女はクリスマスツリーに装飾品を掛けました。
B201625,ounce,I need to measure one ounce of flour for this recipe.,このレシピには小麦粉を1オンス計量する必要があります。
B201626,outback,I went on a camping trip in the outback.,私は奥地にキャンプ旅行で行きました。
B201627,outbreak,There was an outbreak of a contagious disease in the city.,市内で感染症の発生がありました。
B201628,outcome,The outcome of the meeting was a success.,会議の結果は成功だった。
B201629,outdistance,He easily outdistanced his competitors in the race.,彼はレースで競争相手を簡単にはるかに引き離しました。
B201630,outdo,She always tries to outdo her colleagues in everything she does.,彼女はいつも同僚たちに対して何事でもまさろうと努力しています。
B201631,outfit,She put on a stylish outfit for the party.,彼女はパーティーのためにおしゃれな装備を身に着けた。
B201632,outgrow,Children often outgrow their clothes quickly.,子供たちはよく服をすぐに合わなくなる。
B201633,outing,We had a great outing to the beach.,私たちはビーチへの素晴らしいお出かけをしました
B201634,outlet,I couldn't find any available outlets to charge my phone.,携帯電話を充電できるコンセントが見つからなかった。
B201635,outline,The artist sketched the outline of the landscape.,芸術家は風景の輪郭をスケッチしました。
B201636,outlive,She will outlive her siblings.,彼女は兄弟姉妹よりも長生きするでしょう。
B201637,outlook,The outlook for the economy is uncertain.,経済の見通しは不確かだ。
B201638,outpatient,"I have an appointment with the doctor, so I will be an outpatient today.",今日は医者の予約があるので、外来患者です。
B201639,output,The company aims to increase its output by 10% this year.,会社は今年、生産高を10%増やすことを目指しています。
B201640,outrage,The news of the scandal caused outrage among the public.,スキャンダルのニュースは一般の人々の怒りを引き起こしました。
B201641,outrageous,He was always [[causing a scene|cause a scene]] with his outrageous behavior.,彼はいつも乱暴な振る舞いで騒ぎを起こしていた。
B201642,outshine,Her talent outshines everyone else in the room.,彼女の才能は部屋の他の誰よりも輝いています。
B201643,outside,Outside advice may be necessary.,外部からの助言が必要かもしれません。
B201644,outside,The door was locked from the outside.,その戸は外側から鍵がしめられている。
B201645,outsider,He always felt like an outsider in his own family.,彼はいつも自分の家族の中で局外者のように感じていた。
B201646,outskirts,I live on the outskirts of town.,私は町のはずれに住んでいます。
B201647,outwardly,"She appeared calm outwardly, but inside she was panicking.",彼女は外側には落ち着いて見えたが、内心ではパニックになっていた。
B201648,oval,The table had an oval shape.,テーブルは卵形をしていました。
B201649,overall,"Relative to overall sales, that of software is insignificant.",売り上げ全体から見れば、ソフトウェアのは重要でない。
B201650,overall,"Overall, I think the project was a success.",全体的に、私はこのプロジェクトは成功だと思います。
B201651,overboard,He fell overboard and had to be rescued.,彼は船外に転落し、救助される必要があった。
B201652,overbook,This flight is overbooked.,この便は予約超過です。
B201653,overcoat,She wore a stylish overcoat to keep warm in the cold weather.,彼女は寒い天気で暖かさを保つためにおしゃれな外とうを着ていました。
B201654,overemphasize,It is impossible to overemphasize its importance.,それの重要性はどんなに強調してもし過ぎることはない。
B201655,overestimate,Don't overestimate your abilities.,自分の能力を過大評価しないでください。
B201656,overhear,I overhear a conversation between two strangers.,見知らぬ2人の会話を耳にする。
B201657,overlap,The two circles overlap each other.,二つの円が重なり合っている。
B201658,overlook,I often overlook small details.,私はよく細かいことを見落とします。
B201659,overly,She is overly cautious about everything.,彼女は何事にも過度に慎重です。
B201660,overseas,Their colleague was transferred to an overseas branch.,彼らの同僚は海外の支店に転勤になった。
B201661,overshadow,His success overshadowed the achievements of his teammates.,彼の成功はチームメイトの功績を覆い隠した。
B201662,oversize,The package was too big to fit in the mailbox because it was oversize.,パッケージはオーバーサイズだったため、ポストに収まりませんでした。
B201663,overstep,He tends to overstep his authority.,彼は権限を越える傾向があります。
B201664,overtake,The runner overtook his competitors and won the race.,ランナーは競争相手を追い抜いてレースに勝ちました。
B201665,overthrow,They conspired to overthrow the government.,彼らは政府を転覆させるための陰謀を企てた。
B201666,overtime,He stayed late and worked overtime.,彼は遅くまで残って残業した。
B201667,overtime,He put in ten hours of overtime this week.,彼は今週１０時間残業した。
B201668,overturn,He accidentally overturned the table while reaching for his phone.,彼は携帯電話を取ろうとしてテーブルをうっかりひっくり返した。
B201669,ow,Ow! That sudden pain really hurt.,ウウッ！その突然の痛みは本当に痛かった。
B201670,owing to,"Owing to the heavy rain, the baseball game was canceled.",激しい雨のため、野球の試合は中止されました。
B201671,owl,I saw an owl in the forest.,私は森でフクロウを見ました。
B201672,ox,The farmer used an ox to plow the field.,農夫は雄牛を使って畑を耕しました。
B201673,ozone,Ozone is a gas that is composed of three oxygen atoms.,オゾンは、3つの酸素原子から構成される気体です。
B201674,pa,My pa is the best dad in the world.,とうちゃんは世界で一番素晴らしいお父さんです。
B201675,packed,The train was packed with commuters.,電車は通勤客で満員だった。
B201676,packet,I received a packet in the mail today.,今日、郵便で小包を受け取りました。
B201677,pad,I always keep a pad of paper and a pen in my bag.,私はいつもバッグにメモ帳とペンを持ち歩いています。
B201678,paintbrush,She used a paintbrush to create a beautiful landscape.,彼女は絵筆を使って美しい風景画を描きました。
B201679,pajamas,I like to wear comfortable pajamas when I sleep.,寝る時は快適なパジャマを着るのが好きです。
B201680,pallet,The potter used a wooden pallet to shape the clay.,陶工は粘土を形作るために木製のへらを使いました。
B201681,pancake,I love to eat pancake for breakfast.,朝食にパンケーキを食べるのが大好きです。
B201682,pandemic,"In the wake of the pandemic recession, many small businesses faced a pandemic of closures.",パンデミックによる不況の後、多くの中小企業が閉鎖のパンデミックに直面した。
B201683,panel,The panel on the wall is made of wood.,壁のパネルは木製です。
B201684,panic,"Don't panic, everything will be fine.",心配しないで、すべてうまくいくよ。
B201685,papaya,I love eating papaya.,私はパパイヤを食べるのが大好きです。
B201686,paperless,Many offices are now becoming paperless ones because of the technology revolution.,今日では技術革命によりペーパーレスオフィスになったところが多い。
B201687,paperwork,I need to finish my paperwork before the deadline.,締め切り前に書類を仕上げる必要があります。
B201688,parade,The parade marched through the streets of the city.,パレードは市の通りを行進した。
B201689,paradox,"It's a paradox that the more choices we have, the harder it is to make a decision.",選択肢が多ければ多いほど、決断するのが難しいというのは逆説だ。
B201690,paralysis,He suffered from paralysis after the accident.,彼は事故後、麻痺に苦しんだ。
B201691,paramedic,The paramedic quickly arrived at the scene and provided emergency medical care.,救急医療士は迅速に現場に到着し、緊急医療を提供しました。
B201692,paratrooper,The paratrooper jumped out of the plane and descended gracefully with his parachute.,パラトルーパーは飛行機から飛び降り、落下傘で優雅に降下した。
B201693,parliament,The parliament passed a new law.,議会は新しい法律を可決した。
B201694,part,They parted with a firm handshake.,彼らは固い握手を交わして別れた。
B201695,participation,Her participation in the project was crucial for its success.,彼女のプロジェクトへの参加は成功に不可欠でした。
B201696,particle,The particle is very small.,その粒子はとても小さいです。
B201697,particular,I don't have any particular preference.,特に好みはありません。
B201698,partisan,She is a passionate partisan of the Democratic Party.,彼女は民主党の熱烈な支持者です。
B201699,partnership,The two companies formed a partnership to expand their market reach.,2つの会社は市場拡大のために提携を結んだ。
B201700,passionate,She is a passionate dancer.,彼女は情熱的なダンサーです。
B201701,passionately,Miki fell passionately in love with someone she just met.,美咲は新しく出会った人と熱烈な恋をしました。
B201702,pastor,The pastor takes care of the church members.,牧師は教会員を世話します。
B201703,pastoral,The pastoral landscape was filled with grazing sheep.,羊飼いの風景は放牧されている羊でいっぱいでした。
B201704,patch,I found a patch of chickweed growing in my garden.,私の庭でハコベの群生地を見つけました。
B201705,patiently,She patiently waited for her turn.,彼女は忍耐強く自分の番を待った。
B201706,patriot,He is a true patriot who loves his country.,彼は自国を愛する真の愛国者だ。
B201707,patriotic,He is a patriotic citizen who loves his country.,彼は愛国心のある市民で、自国を愛しています。
B201708,patriotism,He showed great patriotism by serving in the military.,彼は軍に仕えることで大きな愛国心を示しました。
B201709,patron,The artist's work would not have been possible without the support of a generous patron.,寛大な後援者の支援がなければ、この芸術家の作品は実現しなかったでしょう。
B201710,pave,The construction crew will pave the road with asphalt.,建設班はアスファルトで道路を舗装する予定です。
B201711,pavement,The pavement was smooth and well-maintained.,舗装道路は滑らかで手入れが行き届いていました。
B201712,paw,The cat stretched out its paw to play with the toy.,猫はおもちゃで遊ぶために足を伸ばしました。
B201713,pawnbroker,I went to the pawnbroker to sell my old jewelry.,私は質屋に行って古い宝石を売りました。
B201714,pawnshop,I went to the pawnshop to sell my old jewelry.,私は古い宝石を売るために質屋に行きました。
B201715,payment,I made the payment for my order.,私は注文の支払いをしました。
B201716,peacefully,They lived peacefully in the small village.,彼らは小さな村で平和に暮らしていた。
B201717,peach,I love eating juicy peaches in the summer.,夏にジューシーな桃を食べるのが大好きです。
B201718,peak,The hikers reached the peak of the mountain after a long and challenging climb.,ハイカーたちは、長くて困難な登山の後、山の頂上に到達しました。
B201719,pearl,She wore a beautiful pearl necklace.,彼女は美しい真珠のネックレスを身に着けていた。
B201720,pebble,I picked up a smooth pebble on the beach.,私は浜辺で滑らかな小石を拾いました。
B201721,pedal,I pressed down on the pedal to accelerate the car.,私は車を加速させるためにペダルを踏みました。
B201722,pedantic,He is often criticized for being too pedantic.,彼は学者ぶりすぎることでよく批判される。
B201723,pedestrian,The pedestrian crossed the street at the crosswalk.,歩行者は横断歩道を渡りました。
B201724,pee,I really need to pee.,本当にトイレに行きたい。
B201725,peel,He slipped on a banana peel and took a pratfall.,彼はバナナの皮で滑ってしりもちをついた。
B201726,peel,She carefully peeled the apple with a knife.,彼女は包丁で丁寧にリンゴの皮をむいた。
B201727,peep,I heard a peep coming from the nest.,巣からピーピーという鳴き声が聞こえました。
B201728,peer,I often seek advice from my peers when I have a problem.,私は問題がある時に、同僚からアドバイスを求めることがよくあります。
B201729,peg,I hung my coat on the peg.,私はコートをピンにかけました。
B201730,penalize,The referee decided to penalize the player for his rough tackle.,レフェリーは、過激なタックルをした選手に罰則を科すことを決定しました。
B201731,penalty,The referee awarded a penalty to the opposing team.,審判は相手チームにペナルティを与えた。
B201732,penetrate,The arrow was able to penetrate the target.,矢は的に貫通することができました。
B201733,penguin,The penguin waddled across the icy terrain.,ペンギンが氷の地形をよちよちと歩いた。
B201734,penicillin,I am allergic to penicillin.,私はペニシリンにアレルギーがあります。
B201735,pension,I have been contributing to my pension for over 20 years.,私は20年以上、年金に貢献しています。
B201736,pentagon,The pentagon has five sides.,五角形は5つの辺を持っています。
B201737,perceive,I perceive a sense of calmness when I'm in nature.,自然にいると落ち着きを感じます。
B201738,percentage,The percentage of students who passed the exam is 80%.,試験に合格した学生の割合は80％です。
B201739,perception,Her keen perception of people's emotions made her an excellent counselor.,人々の感情に対する彼女の鋭い洞察力により、彼女は優れたカウンセラーとなった。
B201740,permanence,Permanence is the key to success.,永久不変牲は成功の鍵です。
B201741,permeate,The smell of fresh bread permeates the entire house.,焼きたてのパンの香りが家中に充満している。
B201742,perseverance,Perseverance is the key to success.,がんばりが成功の鍵です。
B201743,persist,She persisted in her efforts to learn the piano.,彼女はピアノを学ぶ努力を続けました。
B201744,persistence,She showed great persistence in completing the project.,彼女はプロジェクトを完遂するために大いなる忍耐力を示した。
B201745,persistent,She was persistent in pursuing her dreams.,彼女は夢を追い求めることにあくまでもやり抜いた。
B201746,personification,"The wind whispered secrets to the trees, personifying nature's voice.",風は木々に秘密をささやき、自然の声を擬人化している。
B201747,personify,"Literally, the Sun tarot card personifies positivity and success.",文字通り、太陽のタロットカードは、積極性と成功を擬人化したものです。
B201748,personnel,The personnel of the company are highly skilled and dedicated.,会社の全職員は高い技術と献身を持っています。
B201749,perspective,"From my perspective, the situation seems quite different.",私の視点からすると、状況はかなり異なって見えます。
B201750,perspiration,I wiped the perspiration off my forehead after a long run.,長いランニングの後、汗を額から拭いた。
B201751,persuasion,He used his powers of persuasion to convince them to change their minds.,彼は説得力を持って彼らを説得して考えを変えさせた。
B201752,pessimist,She is a pessimist and always expects the worst.,彼女は悲観論者で、いつも最悪のことを予想しています。
B201753,pessimistic,She has a pessimistic view of the future.,彼女は将来に対して悲観的な見方を持っています。
B201754,petrified,"The first time I experienced an earthquake, I was petrified.",初めて地震を経験した時は、びっくり仰天しました。
B201755,petty,He was upset about such a petty issue.,彼はそのようなささいな問題について腹を立てていた。
B201756,pH,The pH of the solution is 7.,溶液のpHは7です。
B201757,pharmacist,The pharmacist filled the prescription for the patient.,薬剤師は患者の処方箋を調剤しました。
B201758,phase,This project is in the final phase.,このプロジェクトは最終段階にあります。
B201759,philosophical,She has a philosophical approach to life.,彼女は人生に対して哲学的なアプローチを持っています。
B201760,photograph,I love to photograph beautiful landscapes.,私は美しい風景を撮影するのが大好きです。
B201761,physician,The physician examined the patient thoroughly.,医者は患者を徹底的に診察しました。
B201762,pi,The value of pi is a constant.,円周率の値は不変です。
B201763,pickle,I love eating pickles with my sandwich.,私はサンドイッチと一緒にピクルスを食べるのが大好きです。
B201764,picky,She is very picky about her food.,彼女は食べ物にとてもこだわりがあります。
B201765,picture,She pictured to herself imagined city life.,彼女は都会の生活を心に描いた。
B201766,picturesque,The small town is known for its picturesque scenery.,その小さな町は絵のように美しい景色で知られています。
B201767,pillowcase,I need to buy a new pillowcase for my pillow.,私はまくらのために新しいまくらカバーを買う必要があります。
B201768,pin,She used a pin to secure the fabric in place.,彼女は布を固定するためにピンを使いました。
B201769,pine,I love the smell of pine trees.,私は松の香りが好きです。
B201770,pint,I ordered a pint of beer at the bar.,私はバーで1パイントのビールを注文した。
B201771,piracy,Piracy is a serious crime that involves the unauthorized use or reproduction of someone else's work.,海賊行為は、他人の作品の無断使用や複製を含む重大な犯罪です。
B201772,pirate,The pirate sailed the seas in his mighty pirate ship.,海賊は強力な海賊船で海を航海した。
B201773,pitch,He threw a pitch that was impossible to hit.,彼は打てないような球を投げた。
B201774,pitch,The farmer pitched the hay onto the wagon.,農夫は荷馬車の上へ干し草を放り上げた。
B201775,plague,"The plague swept through the city, causing widespread panic.",ペストが市内に広がり、広範なパニックを引き起こしました。
B201776,planning,The actualisation of our plans requires careful planning and execution.,私たちの計画の実現化には注意深い計画と実行が必要です。
B201777,playmate,I used to have a playmate when I was a child.,子供の頃、遊び友達がいました。
B201778,playwright,She is a talented playwright.,彼女は才能ある劇作家です。
B201779,plead,He pleaded with the judge for leniency.,彼は寛大さを求めて裁判官に嘆願した。
B201780,plot,The plot of the movie was full of twists and turns.,その映画のストーリーは紆余曲折に満ちていた。
B201781,pluck,She plucked a beautiful flower from the garden.,彼女は庭から美しい花を摘んだ。
B201782,plug,I plugged the charger into the socket.,私は充電器をコンセントに差し込みました。
B201783,plum,I picked a ripe plum from the tree.,私は木から熟した西洋スモモを摘みました。
B201784,plumber,I need to call a plumber to fix my leaky faucet.,私は水漏れする蛇口を修理するために配管工を呼ばなければなりません。
B201785,plus,Your teaching experience will be a plus in this job.,この仕事では、教師としての経験がプラスになります。
B201786,pneumonia,He was diagnosed with pneumonia and was admitted to the hospital.,彼は肺炎と診断され、入院しました。
B201787,point of view,"From my point of view, the movie was amazing.",私の見地からすると、その映画は素晴らしかった。
B201788,pointless,The meeting was pointless.,会議は無意味だった。
B201789,poison,He is alleged to have poisoned his wife.,彼は妻を毒殺したと言われている。
B201790,polar bear,The polar bear is a large bear species native to the Arctic.,北極グマは北極に生息する大型のクマの種です。
B201791,polio,Polio is a highly contagious viral infection that can cause paralysis.,小児麻痺は、麻痺を引き起こすことがある非常に感染力の高いウイルス感染症です。
B201792,polish,I used French polish to finish the furniture.,家具の仕上げにフランスニスを使いました。
B201793,politeness,This is because of the difference between Japanese politeness and American politeness.,これは日本の礼儀正しさとアメリカの礼儀正しさとの間の違いによるものです。
B201794,politically,She is politically active and often participates in protests.,彼女は政治的に活動的で、しばしば抗議活動に参加しています。
B201795,polity,The polity of this country is a constitutional monarchy.,この国の政治形態は立憲君主制です。
B201796,polo,"Football originally meant ""a game played with a ball on foot"" - unlike a game played on horseback, such as polo.",元来フットボールとは、ポロのように馬に乗って行われる競技とは違って、足で、ボールを使って行われる競技のことでした。
B201797,ponder,I like to ponder the meaning of life.,私は人生の意味をじっくり考えるのが好きです。
B201798,pop,The balloon popped when I sat on it.,私が座った時に風船がポンとはじけた。
B201799,popularity,The new movie is gaining popularity among audiences.,新しい映画は観客の間で人気を集めています。
B201800,popularize,The goal of this campaign is to popularize healthy eating habits among children.,このキャンペーンの目的は、子供たちに健康的な食生活を普及させることである。
B201801,porch,I sat on the porch and enjoyed the view.,私はポーチに座って景色を楽しんだ。
B201802,portion,"I would like a smaller portion, please.",少なめの量でお願いします。
B201803,pose,She struck a pose for the camera.,彼女はカメラに向かってポーズをとった。
B201804,posh,She always dresses in posh clothes.,彼女はいつも派手な服を着ています。
B201805,possessed,She felt like she was possessed by an evil spirit.,彼女は悪霊にとりつかれたような気がした。
B201806,postal,I need to go to the postal office to send this package.,この荷物を送るために郵便局に行かなければなりません。
B201807,postpone,I need to postpone our meeting until next week.,私は私たちの会議を来週まで延期する必要があります。
B201808,potent,He is a potent leader in the political arena.,彼は政治の世界で有力なリーダーです。
B201809,potential,He is a potential leader.,彼は将来指導者になる可能性がある。
B201810,potentially,He is potentially the best candidate for the job.,彼は最高の候補者である可能性がある。
B201811,pound,He pounds the table in frustration.,彼はイライラしてテーブルを強く打つ。
B201812,powder,The baker generously powdered the cinnamon buns with sugar.,パン屋はシナモンのパンにたっぷりと砂糖をまぶした。
B201813,powerfully,She sang powerfully and captivated the audience.,彼女は力強く歌い、観客を魅了しました。
B201814,practicality,The new car design prioritizes practicality over style.,新しい車のデザインはスタイルよりも実用性を重視しています。
B201815,practically,"Practically speaking, I don't think it will work.",実質的には、それはうまくいかないと思います。
B201816,praise,Everyone praises the boy.,誰もが皆、その少年をほめる。
B201817,prance,The horse began to prance along the field.,馬は畑を跳びながら進み始めた。
B201818,prawn,I love eating prawns.,私はテナガエビを食べるのが大好きです。
B201819,precede,I always precede my sister in line.,私はいつも姉の前に並びます。
B201820,precisely,He precisely followed the instructions.,彼は正確に指示に従った。
B201821,predicament,He is in a predicament.,彼は窮地に陥っている。
B201822,predicate,The predicate of the sentence contains the verb and provides information about the subject.,文の述部には動詞が含まれ、主語に関する情報を提供します。
B201823,predicative,"In linguistics, a predicative expression is one that provides information about the subject or object of a sentence.",言語学では、叙述的な表現とは、文の主語や目的語についての情報を提供するものを指します。
B201824,predictable,The outcome of the experiment was predictable.,実験の結果は予測可能でした。
B201825,predictive,The predictive model was highly accurate in forecasting the weather.,予測モデルは天気予報に非常に正確でした。
B201826,predictor,The predictor accurately forecasted the outcome of the match.,予測者は試合の結果を正確に予測しました。
B201827,prefect,The prefect was responsible for maintaining law and order in the city.,長官は都市の法と秩序を維持する責任がありました。
B201828,preferable,Having a positive attitude is preferable in difficult situations.,困難な状況では、前向きな態度を持つことが望ましいです。
B201829,preferably,I would preferably go to the beach this weekend.,今週末はできればビーチに行きたいです。
B201830,prehistoric,The discovery of prehistoric artifacts provides valuable insights into ancient civilizations.,有史以前の遺物の発見は、古代文明について貴重な洞察を提供します。
B201831,prehuman,The prehuman era is a fascinating period in history.,先人類の時代は歴史の中で魅力的な期間です。
B201832,preindustrial,"The preindustrial economy, reliant on manual labor and agriculture, struggled to support a growing population.",産業革命以前の経済は、肉体労働と農業に依存しており、増加する人口を支えるのに苦労していた。
B201833,prejudge,It is unfair to prejudge someone based on their appearance.,見た目で誰かを先入観で判断するのは不公平です。
B201834,preliminary,She conducted a preliminary study before starting her research.,彼女は研究を始める前に予備調査を行いました。
B201835,preoccupy,Her thoughts preoccupy her mind.,彼女の考えは彼女の心をいっぱいにする。
B201836,prescribe,Doctors prescribe medication to treat various illnesses.,医師はさまざまな病気を治療するために薬を処方します。
B201837,present,I present him with a gift on his birthday.,彼の誕生日に彼に贈り物を贈呈します。
B201838,presenter,The presenter of the TV show is very charismatic.,テレビショーの司会者はとてもカリスマ的です。
B201839,presidency,He served as the presidency for eight years.,彼は8年間、大統領職を務めました。
B201840,presidential,He is running for presidential office.,彼は大統領職を目指しています。
B201841,prestige,The company's prestige has been built on its successful track record.,その会社の威信は、成功した実績に基づいて築かれています。
B201842,prestigious,He graduated from a prestigious university.,彼は名門大学を卒業しました。
B201843,presumably,He presumably left early.,彼はおそらく早く出たのだろう。
B201844,pretend,"The children wore pretend crowns and capes, weaving tales of dragons and knights in their backyard kingdom.",子供たちはおもちゃの王冠やマントを身につけ、裏庭の王国でドラゴンや騎士の物語を紡いだ。
B201845,prevail,Justice will prevail in the end.,最後には正義が勝つだろう。
B201846,prevention,Regular exercise is one of the best ways for prevention.,定期的な運動は予防において最良の方法の一つです。
B201847,preventive,Regular exercise is a preventive measure against many diseases.,定期的な運動は多くの病気の予防策です。
B201848,previously,I have previously visited that restaurant.,私は以前にそのレストランを訪れたことがあります。
B201849,price,"The new model will be priced at $12,000.",新型は１２０００ドルの価格が付けられるだろう。
B201850,priceless,Her smile is priceless.,彼女の笑顔は値段のつけられないほど価値がある。
B201851,prick,Be careful not to prick yourself with that needle.,その針で自分を刺さないように注意してください。
B201852,primary,The primary goal of the project is to increase efficiency.,プロジェクトの主要な目標は効率を向上させることです。
B201853,prime,Prime Minister is the most important position in the government.,首相は政府で最も重要な地位です。
B201854,prime minister,The prime minister addressed the nation in a televised speech.,首相はテレビ演説で国民に呼びかけました。
B201855,principal,The principal of the school is very strict.,学校の校長はとても厳しいです。
B201856,prior,"prior to lightning strike, describe where and how the charges build up",落雷の前に、電荷がどこでどのように蓄積されるのかを説明しなさい。
B201857,priority,Priority should be given to safety in any situation.,どんな状況でも安全が最優先されるべきです。
B201858,privately,She privately told me about her plans.,彼女はひそかに私に彼女の計画を話しました。
B201859,privilege,I consider it a privilege to have been able to work with you.,あなたと一緒に仕事ができたことを特権と考えています。
B201860,probable,It is probable that it will rain tomorrow.,明日は雨が降る可能性があります。
B201861,probe,Scientists launched a probe to explore the outer reaches of the solar system.,科学者たちは、太陽系の外部領域を探査するために探査機を打ち上げました。
B201862,procedure,The procedure for applying for a visa is quite complicated.,ビザ申請の手続きはかなり複雑です。
B201863,process,Any orders you place with us will be processed promptly.,貴社からのどんなご注文にも、迅速に対処します。
B201864,professional,A professional is painting the house.,職人がその家にペンキを塗っている。
B201865,profile,I updated my profile picture.,私はプロフィール写真を更新しました。
B201866,profit,The company made a huge profit last year.,会社は昨年、大きな利益を上げました。
B201867,profitable,Investing in stocks can be profitable if done wisely.,株式投資は賢く行えば利益を上げることができます。
B201868,programmer,The programmer is working on a new software project.,プログラマーは新しいソフトウェアプロジェクトに取り組んでいます。
B201869,programming,Iteration is an important concept in programming.,反復はプログラミングにおける重要な概念です。
B201870,progress,The work is progressing steadily.,仕事は着々と進んでいる。
B201871,prohibit,Smoking is prohibited in this area.,このエリアでは喫煙は禁止されています。
B201872,project,I am currently working on a project.,私は現在、プロジェクトに取り組んでいます。
B201873,project,A new dictionary has been projected.,１冊の新しい辞書の発行が計画されている。
B201874,projection,The projection on the wall was clear and vivid.,壁に映し出された投影ははっきりと鮮明でした。
B201875,prom,I'm excited to go to the prom with my friends.,友達と一緒にダンスパーティーに行くのが楽しみです。
B201876,prominence,"With the appearance of a promising new writer, the aging novelist fell from prominence.",将来有望な新人作家の出現により、高齢の小説家は注目されなくなった。
B201877,prompt,He pressed me for a prompt reply.,彼は僕に即答をしつこく求めた。
B201878,prompt,"The artist struggled with the blank canvas, desperately searching for a visual prompt to ignite their creativity.",芸術家は真っ白なキャンバスと格闘し、創造性に火をつける視覚的な刺激を必死に探した。
B201879,prompt,His curiosity prompted him to ask questions.,彼は好奇心に駆られて質問した。
B201880,promptly,He responded promptly to my email.,彼は私のメールに迅速に返信しました。
B201881,proponent,She is a strong proponent of renewable energy.,彼女は再生可能エネルギーの熱心な提案者です。
B201882,proposed,The proposed solution is unworkable.,提案された解決策は実行不可能です。
B201883,prose,She enjoys reading prose novels in her free time.,彼女は暇な時間に散文小説を読むのを楽しんでいます。
B201884,prosecute,The district attorney agreed to prosecute the suspect for embezzlement.,地方検事は、容疑者を横領で起訴することに同意した。
B201885,prospect,The prospect of winning the lottery excited him.,宝くじに当たる見込みが彼を興奮させた。
B201886,prosper,The company continues to prosper despite the challenging economic conditions.,経済状況の厳しい中でも、会社は繁栄し続けています。
B201887,protest,He protested against the new plan.,彼はその新しい計画に抗議した。
B201888,proudly,She proudly displayed her artwork to the public.,彼女は自慢げに自分の作品を公に展示した。
B201889,proven,The evidence has proven his innocence.,その証拠は彼の無実を証明している。
B201890,province,He moved to a small province to escape the busy city life.,彼は忙しい都会の生活を逃れるために小さな州に引っ越しました。
B201891,provision,The company policy allows for the provision of medical benefits to all its employees.,会社の方針では、全ての従業員に医療給付の支給が許可されています。
B201892,proximity,The proximity of the two houses made it easy for the neighbors to socialize.,2つの家が近いため、隣人同士が交流しやすくなった。
B201893,psychologically,It is psychologically difficult for her to say no.,いやだと言うことは彼女にとって心理的に難しい。
B201894,psychology,Psychology is the study of the human mind and behavior.,心理学は人間の心と行動の研究です。
B201895,publication,The publication of her new book was eagerly anticipated by her fans.,彼女の新しい本の出版は、彼女のファンに熱望されていました。
B201896,publicity,The company used social media for publicity.,会社は広報のためにソーシャルメディアを利用しました。
B201897,publicize,The company hired a marketing agency to publicize their new product.,会社は新製品を宣伝するためにマーケティングエージェンシーを雇いました。
B201898,pudding,I love eating pudding after dinner.,夕食後にプディングを食べるのが大好きです。
B201899,pulse,I could feel my pulse racing as I ran the marathon.,私はマラソンを走っている間、鼓動が速まっているのを感じることができました。
B201900,pumpkin,What a big pumpkin!,なんて大きなかぼちゃなんだ！
B201901,punch,He threw a powerful punch at his opponent.,彼は相手に強力なパンチを放った。
B201902,punch,He threw a powerful punch at his opponent.,彼は相手に強力なパンチを放った。
B201903,punctual,He is always punctual for meetings.,彼はいつも会議に時間通りに来る。
B201904,punctuality,Punctuality is important in the workplace.,職場では時間厳守が重要です。
B201905,purchase,It was a purchase which he could not possibly afford.,それは彼にはとてもできない買い物だった。
B201906,purchase,I need to purchase a new laptop.,新しいノートパソコンを買う必要があります。
B201907,purposeful,She always has a purposeful approach to her work.,彼女は常に仕事に対して意図的なアプローチを持っています。
B201908,pursuit,The pursuit of happiness is a lifelong journey.,幸福を追求することは一生の旅です。
B201909,puzzled,He was puzzled at the question.,彼はその質問に当惑した。
B201910,qualification,She has the necessary qualification for the job.,彼女はその仕事に必要な資格を持っています。
B201911,quantify,It is impossible to quantify the value of life.,命の価値を量ることは不可能です。
B201912,quarantine,"During the pandemic, people were required to undergo quarantine upon arrival in the country.",パンデミック中、人々は国に到着した際に隔離を受けることが求められました。
B201913,quarrel,They had a quarrel over a misunderstanding.,彼らは誤解から口論になった。
B201914,quarrel,They often quarrel about money.,彼らはお金のことでよく口げんかする。
B201915,quarrelsome,He is known for being quarrelsome.,彼は議論好きで知られている。
B201916,queer,She has a queer sense of fashion.,彼女は風変りなファッションセンスを持っています。
B201917,query,I have a query about the new product.,新製品についての質問があります。
B201918,question,The expediency of the decision was questioned by many.,この決断の妥当性については、多くの人々から疑問が呈された。
B201919,queue,Please queue on this side.,こちら側に並んでください。
B201920,quiet,He prefers the quiet.,彼は静けさを好む。
B201921,quit,"After the incident, he was quit of all responsibilities.",その事件の後、彼はすべての責任から免れていた。
B201922,quotable,This quote is definitely quotable.,この引用は間違いなく引用価値がある。
B201923,quotation,She used a quotation from the book in her presentation.,彼女はプレゼンテーションでその本から引用を使いました。
B201924,quote,I'd like a quote on the following.,下記に対して価格を提示してください。
B201925,quote,He often quotes the Bible.,彼はよく聖書から引用する。
B201926,racism,Racism is a form of discrimination based on a person's race or ethnicity.,人種差別主義は、人種や民族に基づく差別の形態である。
B201927,racist,He made a racist comment during the conversation.,彼は会話中に人種差別的な発言をした。
B201928,rack,I need to buy a new rack for my kitchen.,私はキッチン用の新しいラックを買う必要があります。
B201929,radar,The radar detected the approaching aircraft.,レーダーは接近する航空機を検知しました。
B201930,radiate,The sun radiates heat and light.,太陽は熱と光を放射します。
B201931,radical,She has a radical approach to solving problems.,彼女は問題解決に対して根本的なアプローチを持っています。
B201932,radically,She has radically changed her lifestyle.,彼女は根本的にライフスタイルを変えました。
B201933,radium,Marie Curie discovered radium in 1898.,マリー・キュリーは1898年にラジウムを発見しました。
B201934,rafter,The carpenter installed the rafter to support the roof.,大工は屋根を支えるためにたる木を取り付けました。
B201935,rag,She used an old rag to clean the table.,彼女は古い布切れを使ってテーブルを掃除しました。
B201936,rainbow,I saw a beautiful rainbow after the rain.,雨の後に美しい虹を見ました。
B201937,rainstorm,I got caught in a rainstorm on my way home.,帰り道で暴風雨に遭ってしまった。
B201938,rally,They organized a rally to protest against the government's policies.,彼らは政府の政策に抗議するために集会を組織しました。
B201939,ram,Ram is the first sign of the zodiac.,雄羊座は黄道十二星座の最初のサインです。
B201940,ramp,The wheelchair ramp at the hospital entrance makes it accessible for everyone.,病院の入り口にある車椅子用の傾斜通路は、誰でも利用できるようになっています。
B201941,range,The prices range from $10 to $50.,価格は10ドルから50ドルの範囲です。
B201942,ranger,The park ranger patrols the trails to ensure the safety of visitors.,公園のレンジャーは、訪問者の安全を確保するためにトレイルを巡回しています。
B201943,rape,She was a victim of rape.,彼女は強姦の被害者でした。
B201944,rape,He denied her allegation that he raped her.,彼は、彼にレイプされたという彼女の申し立てを否定しました。
B201945,rash,She developed a rash after eating seafood.,彼女はシーフードを食べた後、発疹が出た。
B201946,rate,"This movie is R-rated, so children must be accompanied by their parents.",この映画はR指定ですので、子供は親同伴でなければなりません。
B201947,rattle,The old train rattled along the tracks.,古い列車がガタガタと線路を進んだ。
B201948,ravage,The storm caused a terrible ravage to the town.,台風で町は大変な被害を受けた。
B201949,reaction,His reaction to the news was surprising.,彼の反応は驚くべきものだった。
B201950,readily,She readily agreed to help me with my project.,彼女は快く私のプロジェクトを手伝うことに同意しました。
B201951,real estate,He invested in real estate and made a profit.,彼は不動産に投資して利益を上げました。
B201952,realization,The realization of our dreams requires hard work and determination.,私たちの夢の実現には、努力と決意が必要です。
B201953,rear,I looked in the rearview mirror to check for any cars behind me.,私は後ろを見るためにバックミラーを見ました。
B201954,reasonably,She reasonably asked for a raise after working hard for a year.,1年間頑張った後、彼女は妥当な昇給を求めた。
B201955,rebel,The rebel group launched an attack on the government forces.,反乱グループが政府軍に攻撃を仕掛けた。
B201956,rebel,Farmers rebelled against the government.,農民は政府に対して反乱を起こした。
B201957,rebellious,She was rebellious and constantly challenged authority.,彼女は反抗的であり、常に権力に挑戦しました。
B201958,recession,The country is experiencing a severe recession.,その国は深刻な景気後退を経験している。
B201959,recipe,I found a great recipe for chocolate chip cookies.,私はチョコレートチップクッキーの素晴らしいレシピを見つけました。
B201960,reckon,I reckon there are about 100 people in the room.,部屋にはおよそ100人いると思う。
B201961,recognition,Facial recognition technology is becoming more common in our daily lives.,顔認識技術は私たちの日常生活でより一般的になっています。
B201962,recollect,I tried to recollect my childhood memories.,私は子供の頃の思い出を思い出そうとした。
B201963,recollection,Her recollection of the event was vivid.,彼女のその出来事に対する思い出は鮮明だった。
B201964,recommendable,Elderly patients are not recommendable to undergo excessive antihypertensive.,高齢者では一般に過度の降圧剤は好ましくないとされている。
B201965,recommendation,Do you have any recommendations for me about the best restaurants in town?,街でおすすめのレストランがあれば教えてくれませんか？
B201966,reconsider,I think we should reconsider our decision.,私たちは私たちの決定を再考すべきだと思います。
B201967,recreation,I enjoy outdoor recreation activities such as hiking and camping.,私はハイキングやキャンプなどの屋外レクリエーション活動を楽しんでいます。
B201968,recruit,They recruit new members every year.,彼らは毎年新しいメンバーを募集しています。
B201969,rectangular,The table in the dining room is rectangular.,ダイニングルームのテーブルは長方形です。
B201970,redo,I redo my work every day.,毎日、私は仕事をやり直している。
B201971,redundant,Using too many words to express the same idea is redundant.,同じ意味を表現するために余計な言葉を使うことは冗長です。
B201972,reed,The wind rustled through the reeds by the river.,川のそばのアシが風でざわめいた。
B201973,reference,I need to check the reference book for more information.,もっと詳しい情報を得るために参考書を調べる必要があります。
B201974,referent,The arrow is a referent that points to the target.,矢印は、目標を指し示す指示物です。
B201975,refinery,The new refinery in the outskirts of town has created many job opportunities for the locals.,郊外にできた製油所は、地元の人たちに多くの雇用の機会を与えています。
B201976,reflective,The mirror is highly reflective.,鏡は非常に反射的です。
B201977,reform,The government is planning to reform the education system.,政府は教育制度を改革する予定です。
B201978,refrain,The refrain of the song was catchy and easy to remember.,その歌の繰り返し文句はキャッチーで覚えやすかった。
B201979,refresh,A cup of coffee in the morning can refresh you.,朝のコーヒー一杯で元気が出る。
B201980,refuge,The refugees sought refuge from the war-torn country.,難民たちは戦争で荒廃した国から避難を求めた。
B201981,refugee,The refugee fled their homeland in search of safety.,亡命者は安全を求めて故郷を逃れた。
B201982,refute,He tried to refute her argument with evidence.,彼は証拠を持って彼女の主張を反論しようとした。
B201983,regard,My father gives you his regards.,父からもよろしくとの事です。
B201984,regardless,Everyone is eligible regardless of nationality.,国籍に関係なくすべての人に資格がある。
B201985,reggae,I love listening to reggae music.,私はレゲイの音楽を聴くのが大好きです。
B201986,regime,The new regime implemented strict policies to maintain control.,新政権は厳しい政策を実施して統制を維持した。
B201987,regret,It's too late for regrets.,後悔先に立たず。
B201988,regrettably,"Regrettably, I won't be able to attend the meeting tomorrow.",遺憾ながら、明日の会議には出席できません。
B201989,regulate,The government plans to regulate the use of plastic bags.,政府はプラスチック袋の使用を規制する予定です。
B201990,rehearsal,We had a rehearsal for the play last night.,昨夜、私たちは演劇のリハーサルをしました。
B201991,reinforce,Regular exercise can help reinforce your immune system.,定期的な運動は免疫システムを増強するのに役立ちます。
B201992,reinforcement,The reinforcement of the bridge made it stronger and more durable.,橋の補強により、それはより強く、耐久性が高くなりました。
B201993,rejection,I faced rejection when I applied for the job.,私はその仕事に応募した時に断られました。
B201994,rejoin,She decided to rejoin the team after taking a break.,彼女は休暇を取った後、チームに再び加わることを決めました。
B201995,related,The two companies have a related business.,2つの会社は関係のあるビジネスを持っています。
B201996,relativity,The theory of relativity revolutionized our understanding of space and time.,相対性理論は、空間と時間の理解を革命的に変えました。
B201997,relaxation,Yoga is a great way to promote relaxation.,ヨガはリラクゼーションを促進する素晴らしい方法です。
B201998,relay,The exhausted horse was replaced by a fresh one to continue the relay.,疲れた馬は新しい馬に交代してリレーを続けた。
B201999,relevant,This book is relevant to the topic we are discussing.,この本は私たちが話しているトピックに関連しています。
B202000,relic,The archaeologists discovered an ancient relic buried deep underground.,考古学者たちは、地下深くに埋もれた古代の遺物を発見しました。
B202001,relief,The news of the rescue brought relief to the trapped miners.,閉じ込められた鉱夫たちに救出のニュースが安心感をもたらしました。
B202002,relieve,The doctor prescribed medication to relieve the pain.,医者は痛みを取り除くために薬を処方しました。
B202003,relieved,I felt relieved when I found my lost wallet.,財布を見つけた時、私はほっとしました。
B202004,reluctant,She was reluctant to join the party.,彼女はパーティーに参加することに気が進まなかった。
B202005,remaining,He has the residuary right to acquire the remaining estate.,彼は残余遺産の取得権を持っています。
B202006,remains,The archaeologists found fragmentary remains of pottery at the excavation site.,考古学者たちは発掘現場で破片状の陶器の遺物を見つけました。
B202007,remark,She made a sarcastic remark about his outfit.,彼女は彼の服装に皮肉な発言をした。
B202008,remarkably,She has made a remarkably quick recovery from her illness.,彼女は病気から著しく早く回復しました。
B202009,reminder,I set a reminder on my phone to remember to buy groceries.,私は買い物をするために思い出すために携帯電話にリマインダーを設定しました。
B202010,rental,I need to return my rental car by tomorrow.,明日までにレンタカーを返さなければなりません。
B202011,reorganize,The company plans to reorganize its departments.,会社は部署を再編成する予定です。
B202012,repaint,The contractor offered a discount on the entire repaint if we booked before the end of the month.,その業者は、今月末までに予約すれば、塗り替えの全工程を割引すると言ってきた。
B202013,repertoire,She has a wide repertoire of songs.,彼女は幅広い曲目のレパートリーを持っています。
B202014,repetition,Repetition is the key to success.,繰り返しは成功の鍵です。
B202015,replacement,I need a replacement for my broken phone.,壊れた携帯電話の代わりが必要です。
B202016,replica,I bought a replica of my favorite painting.,私はお気に入りの絵のレプリカを買いました。
B202017,repress,The government used force to repress the riot.,政府は暴動を抑圧するために武力を使用した。
B202018,repression,The government used repression to control the protests.,政府は抗議を鎮圧するために弾圧を行った。
B202019,reprint,The publisher decided to reprint the book due to high demand.,需要が高いため、出版社はその本を再版することに決めました。
B202020,reprove,You will have your father reprove you.,お父さんに叱られるぞ
B202021,research,I am conducting research on the effects of exercise on mental health.,私は運動が精神的健康に与える影響についての研究を行っています。
B202022,residence,I recently moved to a new residence.,最近、新しい住居に引っ越しました。
B202023,resident,I am a resident of this city.,私はこの都市の住民です。
B202024,resign,He decided to resign from his job.,彼は仕事を辞めることを決めた。
B202025,resignation,She submitted her resignation letter yesterday.,彼女は昨日、辞表を提出しました。
B202026,resistance,The resistance of the material determines its durability.,材料の抵抗力がその耐久性を決定します。
B202027,resolution,The new year is a time for setting resolutions and goals.,新年は目標や抱負を立てる時です。
B202028,resonant,The resonant sound of the bell echoed through the valley.,鐘の共鳴する音が谷間に響き渡った。
B202029,respectably,He dressed respectably for the job interview.,彼は就職面接のためにきちんとした服装をした。
B202030,respected,Mme. Smith is a respected professor at the university.,スミスさんは大学で尊敬される教授です。
B202031,respiration,Respiration is a vital process for all living organisms.,呼吸はすべての生物にとって重要なプロセスです。
B202032,respiratory,She has a respiratory infection.,彼女は呼吸器感染症を持っています。
B202033,restriction,There is a restriction on the number of guests allowed in the hotel.,ホテルに許可されるゲストの数に制限があります。
B202034,resume,We’ll resume the meeting at 10:30 tomorrow.,明日は10:30からミーティングを再開します。
B202035,retailer,She works as a retailer in a clothing store.,彼女は洋服店で小売り商人として働いています。
B202036,retard,Paint is used on metal to retard rusting.,塗料は金属のさび付きを遅らせるために使われる。
B202037,retina,The retina is a layer of tissue in the back of the eye that senses light and sends signals to the brain.,網膜は、目の奥にある組織の層で、光を感知し、脳に信号を送ります。
B202038,retirement,He is planning for his retirement.,彼は退職の計画を立てています。
B202039,retreat,The trumpets sounded the retreat.,退却のラッパが鳴った。
B202040,retreat,They had no alternative but to retreat.,彼らは退却するしかなかった。
B202041,retrieve,The police managed to retrieve the stolen goods.,警察は盗まれた商品を取り戻すことに成功しました。
B202042,revelation,The revelation of the truth made everyone gasp.,真実が明らかになったとき、みんなが息を呑んだ。
B202043,revenge,He sought revenge against his enemies.,彼は敵に対して復讐を求めた。
B202044,revenue,The company's revenue has been steadily increasing over the past year.,会社の収益は過去1年間で着実に増加しています。
B202045,reverence,She showed great reverence towards her elders.,彼女は年長者に対して大きな崇敬の念を示しました。
B202046,reverse,The judge reversed the final decision.,その裁判官は、最終判決をひるがえした。
B202047,review,I need to review the documents before the meeting.,会議前に文書を見直す必要があります。
B202048,revival,The revival of the patient's health was a miracle.,患者の健康の回復は奇跡だった。
B202049,revive,The doctor used CPR to revive the patient.,医者は心肺蘇生法を使って患者を生き返らせました。
B202050,revolution,The French Revolution was a turning point in history.,フランス革命は歴史の転換点でした。
B202051,revolutionary,She was a revolutionary leader who fought for equality.,彼女は平等のために戦った革命的なリーダーだった。
B202052,revolutionize,This new technology has the potential to revolutionize the way we communicate.,この新しい技術は、私たちがコミュニケーションする方法に革命を起こす可能性があります。
B202053,revolve,The Earth revolves around the Sun.,地球は太陽の周りを回っています。
B202054,reward,The company rewarded him with promotion.,会社は昇進で彼の業績に報いた。
B202055,rhinoceros,"The rhinoceros is a large, herbivorous mammal with a horn on its nose.",サイは、鼻の上に角のある大型の草食哺乳類です。
B202056,rhyme,The children giggled as they rhymed silly words together.,子供たちはくだらない言葉を韻を踏みながら、くすくす笑っていた。
B202057,rhythmic,The music had a rhythmic beat that made everyone want to dance.,その音楽は律動的なリズムがあり、みんなが踊りたくなるようなものだった。
B202058,rib,I felt a sharp pain in my rib when I coughed.,咳をすると肋骨が鋭い痛みを感じました。
B202059,riddle,"The farmer sifted the flour through a riddle, separating the fine, fluffy grains from the coarser bran chunks.",農夫は小麦粉を目の粗いふるいにかけ、細かくふわふわした粒と粗いふすまの固まりに分けた。
B202060,rider,The rider gracefully mounted the horse.,ライダーは優雅に馬に乗った。
B202061,ridge,I hiked along the ridge of the mountain.,私は山の背に沿ってハイキングしました。
B202062,righteousness,He fought for righteousness and justice.,彼は正義と公正のために戦った。
B202063,rightly,He rightly pointed out the flaws in the plan.,彼は正確に計画の欠点を指摘した。
B202064,rim,The rim of the cup is chipped.,カップの縁が欠けています。
B202065,rip,He accidentally ripped his shirt while playing football.,彼はサッカーをしている最中にシャツをうっかり裂いてしまった。
B202066,risk,I don't want to risk losing it.,私はそれを失う危険を冒したくない。
B202067,risky,Taking unnecessary risks can lead to dangerous consequences.,無駄なリスクを冒すと危険な結果につながることがあります。
B202068,rite,The wedding ceremony was a beautiful rite.,結婚式は美しい儀式でした。
B202069,ritual,The wedding ceremony is a beautiful ritual.,結婚式は美しい儀式です。
B202070,rival,He is my biggest rival in the competition.,彼は競争相手の中で私の最大のライバルです。
B202071,roam,I love to roam around the city and discover new places.,私は街を歩き回って新しい場所を見つけるのが好きです。
B202072,roar,The lion roared with fierceness.,ライオンは凶暴さを持ってほえました。
B202073,roast,The roast chicken was delicious.,ローストチキンは美味しかったです。
B202074,rock,The boat rocked back and forth on the rough sea.,船は荒れた海で前後に揺れた。
B202075,rocket,The rocket launched successfully.,ロケットは無事に打ち上げられました。
B202076,rocky,The hiking trail was rocky and challenging.,ハイキングコースは岩が多くて挑戦的でした。
B202077,roll,The ball began to roll down the hill.,ボールは丘を転がり始めた。
B202078,roommate,I have a new roommate.,私には新しいルームメイトがいます。
B202079,rosy,She had a rosy complexion.,彼女は頬が赤らんでいた。
B202080,round,She walked round the park.,彼女は公園を回って歩いた。
B202081,round,She rounds the corner and disappears from sight.,彼女は角を曲がって、視界から消えた。
B202082,route,The route to the summit is quite challenging.,山頂への道はかなり挑戦的です。
B202083,row,They often row about trivial matters.,彼らはよく些細なことで口げんかをします。
B202084,royalty,The princess is a member of the royalty.,その王女は王室の一員です。
B202085,rub,I need to rub the stain out of my shirt.,シャツのシミをこすり落とさないといけない。
B202086,rubble,The earthquake left a pile of rubble in the middle of the street.,地震によって、道の真ん中に瓦礫の山ができた。
B202087,rug,I bought a new rug for my living room.,リビングルーム用に新しいラグを買いました。
B202088,ruinous,The earthquake left behind a ruinous landscape.,地震は破滅的な風景を残しました。
B202089,rule,The country is ruled by an oligarchical government.,その国は寡頭政治で統治されている。
B202090,rural,I grew up in a rural area surrounded by fields and farms.,私は田舎の畑や農場に囲まれた地域で育ちました。
B202091,rush hour,I always avoid driving during rush hour.,私はいつもラッシュアワーの間は運転を避けます。
B202092,rusty,The old bicycle in the garage has a rusty chain.,ガレージにある古い自転車のチェーンは錆びています。
B202093,sack,He packed his belongings into a sack.,彼は自分の持ち物を袋に詰めた。
B202094,safeguard,The government is safeguarding the citizens’ rights.,政府は国民の権利を守っている。
B202095,sag,The sag in the middle of the old wooden bridge was quite noticeable.,古い木製の橋の真ん中のたわみはかなり目立っていました。
B202096,sage,The sage offered wise advice to the young king.,賢人は若き王に賢明な助言を提供した。
B202097,sail,The ship sailed onshore.,船は陸に向かって航行しました。
B202098,salary,I received my salary today.,今日、私は給料をもらいました。
B202099,salesmanship,His exceptional salesmanship helped him close the deal.,彼の優れた販売の手腕が彼に取引を成立させるのを助けました。
B202100,salesperson,The salesperson helped me choose the perfect dress.,販売員が私にぴったりのドレスを選ぶのを手伝ってくれました。
B202101,saleswoman,The saleswoman helped me find the perfect dress for the party.,女子店員がパーティー用のパーフェクトなドレスを見つけるのを手伝ってくれました。
B202102,salon,I'm going to the salon to get a haircut.,美容院に行って髪を切ります。
B202103,salsa,I love to dance salsa on weekends.,私は週末にサルサを踊るのが大好きです。
B202104,salty,The soup is too salty for my taste.,スープは私の好みには塩辛すぎます。
B202105,sandstone,Sandstone is a sedimentary rock composed mainly of sand-sized minerals or rock grains.,砂岩は、主に砂粒状の鉱物や岩粒で構成される堆積岩です。
B202106,sanitary,Sanitary conditions in public places are important for maintaining public health.,公共の場所における衛生状態は、公衆の健康を維持するために重要です。
B202107,sanitation,Sanitation is important for public health.,公衆衛生は重要です。
B202108,satisfactory,The service at the restaurant was satisfactory.,レストランのサービスは満足のいくものでした。
B202109,saving,He added to his savings.,彼は貯金を増やした。
B202110,saw,He saw the wood into two pieces.,彼は木をのこぎりで二つに切った。
B202111,say,"It's important to give everyone a chance to have their say, not just those in positions of power.",権力を持っている人だけでなく、誰にでも発言の機会を与えることが重要です。
B202112,scan,I scan the room for any signs of movement.,私は部屋をじっと見て、動きの兆候を探す。
B202113,scandal,The politician was involved in a major scandal.,その政治家は大きな醜聞に関与していました。
B202114,scar,She has a scar on her arm from a childhood accident.,彼女は幼少期の事故で腕に傷跡があります。
B202115,scarcely,She scarcely spoke during the meeting.,彼女は会議中ほとんど話さなかった。
B202116,scarlet,"The artist carefully mixed the cobalt blue with a touch of scarlet, creating a stunningly vibrant purple.",画家はコバルトブルーに緋色を慎重に混ぜ合わせ、驚くほど鮮やかな紫色を作り出した。
B202117,scent,I love the scent of fresh flowers.,新鮮な花の香りが大好きです。
B202118,schedule,The meeting is scheduled for tomorrow.,会議は明日予定されています。
B202119,scheduled,Please arrive half an hour before your scheduled time.,予定時刻の30分前にお越しください。
B202120,scheme,The government implemented a new scheme to support small businesses.,政府は小規模企業を支援するために新しい制度を導入しました。
B202121,scholasticism,Scholasticism was a dominant intellectual movement in medieval Europe.,(中世の)スコラ哲学は中世ヨーロッパで主流の知的運動でした。
B202122,schoolgirl,The schoolgirl is studying for her exams.,女生徒は試験勉強をしています。
B202123,scientifically,The experiment was conducted scientifically to ensure accurate results.,実験は正確な結果を得るために科学的に行われた。
B202124,scooter,I rode my scooter to the park.,私はスクーターで公園に行きました。
B202125,scramble,I like to scramble eggs for breakfast.,朝食に卵をかきまぜるのが好きです。
B202126,scratch,I accidentally scratched my arm on a sharp edge.,尖ったもので、うっかり腕を引っかいてしまった。
B202127,screen,The hiring manager will screen the applicants thoroughly to ensure the best fit for the job.,採用担当者は、最適な人材を確保するために応募者を徹底的に選考します。
B202128,screw,I really [[screwed up|screw up]] the presentation at work today.,今日、仕事でプレゼンを大失敗してしまったんです。
B202129,scribble,She likes to scribble in her notebook during class.,彼女は授業中、ノートに落書きをするのが好きだ。
B202130,scrooge,"Despite his vast wealth, the billionaire was such a scrooge that he would even haggle over the price of a cup of coffee.",その億万長者は莫大な富を持っているにもかかわらず、コーヒー一杯の値段でさえも値切るほどの守銭奴だった。
B202131,scuba,I love scuba diving in the clear blue ocean.,透明な青い海でスキューバダイビングが大好きです。
B202132,scythe,He used a scythe to cut the tall grass in the field.,彼は畑の高い草を刈るために草刈りがまを使いました。
B202133,seal,The seal swam gracefully in the water.,アザラシは水中で優雅に泳いでいました。
B202134,seasonal,I love the seasonal changes in nature.,私は自然の季節の変化が大好きです。
B202135,second person,"In English grammar, 'you' is typically used as the pronoun for the second-person perspective.",英語の文法では、「you」は通常、第二人称の視点で使われる代名詞です。
B202136,secondary,He is the secondary character in the story.,彼は物語の第2のキャラクターです。
B202137,secondly,"Secondly, I would like to discuss the importance of teamwork.",第二に、チームワークの重要性について話したいと思います。
B202138,sector,The fans in the stadium were arranged in a sector shape.,スタジアムのファンは扇形に配置されていました。
B202139,seesaw,The children played on the seesaw in the park.,子供たちは公園でシーソーで遊んだ。
B202140,segment,The segment of the population that is most affected by climate change is the elderly.,気候変動の影響を最も受ける人口の部分は高齢者です。
B202141,seldom,I seldom go to the movies.,私はめったに映画に行かない。
B202142,select,I will select the best candidate for the job.,私はその仕事のために最適な候補者を選びます。
B202143,self-confidence,Having self-confidence is important for success.,自信を持つことは成功にとって重要です。
B202144,self-confident,She is very self-confident and believes in her abilities.,彼女はとても自信があり、自分の能力を信じています。
B202145,selfless,"She always puts others' needs before her own, showing her selfless nature.",彼女はいつも自分のことよりも他人のニーズを優先し、自己の私心を示しています。
B202146,seller,The seller offered a discount on the product.,売り手はその商品に割引を提供しました。
B202147,semicolon,I always use a semicolon to separate two independent clauses.,私は常にセミコロンを使って2つの独立した節を区切ります。
B202148,semi-final,The team won the semifinals and advanced to the finals.,そのチームは準決勝に勝って決勝に進出した。
B202149,seminar,I joined a seminar to conduct research under the guidance of my professor.,私は教授の指導のもとで研究を行うためにセミナーに参加しました。
B202150,senator,The senator delivered a powerful speech in the parliament.,元老院議員は議会で力強いスピーチを行った。
B202151,sense,I can sense something strange in the air.,空気の中に何か変なものを感じます。
B202152,sensible,She always gives sensible advice.,彼女はいつも賢明なアドバイスをしてくれます。
B202153,sensitive,She has sensitive hearing and can hear even the faintest sounds.,彼女は五感が敏感で、最もかすかな音まで聞くことができる。
B202154,sentence,The accused was sentenced to death.,被告人は死刑を宣告された。
B202155,separate,I need to separate the colors from the whites before doing the laundry.,洗濯をする前に色物と白物を分ける必要があります。
B202156,separately,They decided to go separately to the party.,彼らはパーティーに分かれて行くことに決めました。
B202157,serene,"The lake was serene, reflecting the calmness of the surrounding mountains.",湖は穏やかで、周囲の山々の静けさを反映していました。
B202158,serial,I love reading serial novels.,私は連載小説を読むのが大好きです。
B202159,servant,The servant brought the tray of food to the table.,使用人が食べ物のトレイをテーブルに運んだ。
B202160,setback,The recent setback has hindered our progress.,最近の挫折が私たちの進歩を妨げている。
B202161,sexism,"Sexism is still prevalent in many industries, affecting women's career choices and opportunities.",女性差別主義はまだ多くの産業に存在し、女性の職業選択や機会に影響を与えています。
B202162,sexual,Sexual education is important for young adults.,若者にとって性教育は重要です。
B202163,sexy,She wore a sexy dress to the party.,彼女はパーティーにセクシーなドレスを着ていた。
B202164,shabby,The old house was shabby and in need of repair.,その古い家は古ぼけており、修理が必要でした。
B202165,shaken,I have shaken the bottle before opening it.,私は開ける前にボトルを振りました。
B202166,Shakespearean,She spoke in a Shakespearean manner.,彼女はシェークスピアのように話した。
B202167,shaky,The ground beneath my feet felt shaky.,私の足元は揺れるように感じた。
B202168,sharp,It's ten o'clock sharp.,１０時きっかりです。
B202169,sharply,She turned sharply to avoid the oncoming car.,彼女は向かってくる車を避けるために急に方向転換した。
B202170,shatter,He accidentally shattered the glass vase.,彼はうっかりガラスの花瓶を粉々に打ち砕いてしまった。
B202171,shed,I shed tears of happiness when I received the good news.,私は良い知らせを受けた時に幸せの涙を流しました。
B202172,shell,My sister shelled the beans.,妹は豆の皮をむいた。
B202173,shield,He used his shield to protect himself from the attack.,彼は攻撃から身を守るために盾を使った。
B202174,shift,The earthquake was caused by a shift in the fault.,その地震は断層のずれによって引き起こされました。
B202175,shipping,The shipping process can take up to two weeks.,船積みのプロセスは最大2週間かかることがあります。
B202176,shipwreck,The shipwreck was discovered by a group of divers.,難破船はダイバーのグループによって発見された。
B202177,shock,You will be shocked to hear this.,あなたはこれを聞いて衝撃を受けるだろう。
B202178,shooting,He enjoys shooting targets at the range.,彼は射撃場で的を撃つことを楽しんでいます。
B202179,shopkeeper,The shopkeeper is busy attending to customers.,店の経営者は忙しくお客様に対応しています。
B202180,shoplift,He was caught shoplifting at the mall.,彼はショッピングモールで万引きをしているところを捕まえられた。
B202181,shoplifter,The shoplifter was caught stealing from the store.,その万引き犯は店から盗みを働いているところを捕まえられた。
B202182,shoplifting,Petty crimes such as shoplifting and vandalism are on the rise in the city.,都市では万引きや器物損壊などの軽犯罪が増加しています。
B202183,shortness,I love the shortness of this skirt.,このスカートの短さが好きです。
B202184,short-term,I am planning a short-term trip to Japan.,私は短期間の日本旅行を計画しています。
B202185,show business,He has been working in the show business for over 20 years.,彼は演芸業界で20年以上働いています。
B202186,showcase,The museum has a beautiful showcase displaying ancient artifacts.,その博物館には、古代の遺物を展示している美しい陳列ケースがあります。
B202187,shower,She showered abuse on me.,彼女は私に悪口を浴びせた。
B202188,shrink,The study showed a significant population shrink in rural areas after the factory closed.,その調査は、工場の閉鎖後に地方地域で著しい人口減少が起きたことを示した。
B202189,shrink,The sweater shrank in the wash.,セーターは洗濯で縮んだ。
B202190,shrug,I shrugged my shoulders in confusion.,私は混乱して肩をすくめました。
B202191,sigh,She sighed with relief when she heard the good news.,彼女は良い知らせを聞いて安心してため息をついた。
B202192,significantly,She has significantly improved her piano skills.,彼女はピアノのスキルを大幅に向上させました。
B202193,signify,The ringing of the bell will signify the start of the ceremony.,鐘の鳴り声は式の始まりを示す。
B202194,silverware,I need to polish the silverware before the dinner party.,ディナーパーティーの前に銀器を磨かなければなりません。
B202195,simplification,The simplification of the process made it easier to understand.,プロセスの単純化により、理解しやすくなりました。
B202196,simultaneous,She is a highly skilled simultaneous interpreter.,彼女は非常に熟練した同時通訳者です。
B202197,since,They have never been heard of since.,それ以来彼らの消息は不明だ。
B202198,sincere,She gave a sincere apology for her mistake.,彼女は自分のミスに対して心からの謝罪をした。
B202199,sincerity,He always speaks with sincerity.,彼はいつも誠実に話します。
B202200,sister-in-law,My sister-in-law is coming to visit us this weekend.,今週末、義理の姉が私たちを訪ねてきます。
B202201,skateboard,I love riding my skateboard at the skate park.,スケートパークでスケートボードに乗るのが大好きです。
B202202,skateboarder,The skateboarder performed an impressive trick at the skate park.,スケートボーダーはスケートパークで見事な技を披露した。
B202203,sketch,I like to sketch landscapes in my free time.,暇な時間に風景をスケッチするのが好きです。
B202204,skilled,He is a skilled musician.,彼は熟練した音楽家です。
B202205,skillful,He is a skillful musician.,彼は熟練した音楽家です。
B202206,skillfully,He skillfully played the piano.,彼は熟練してピアノを演奏した。
B202207,skim,I like to skim through books to get a general idea of the content.,本の内容をざっと見て、大まかなアイデアを得るのが好きです。
B202208,skip,I usually skip breakfast because I'm not hungry in the morning.,朝食は普段食べない。朝はお腹が空かないから。
B202209,skylark,I saw a skylark flying in the sky.,私は空に飛ぶヒバリを見ました。
B202210,skyward,The birds flew skyward.,鳥たちは空のほうへ飛んでいった。
B202211,slam,"During the basketball game, the crowd went wild when the player executed a spectacular slam dunk.",バスケットボールの試合中、選手が見事なスラムダンクを決めたとき、観衆は熱狂した。
B202212,slang,Don't use slang if you can help it.,できることなら俗語は使わないようにしなさい。
B202213,slap,He received a slap on the face.,彼は顔に平手打ちを受けた。
B202214,slap,He slapped her across the face in anger.,彼は怒りのあまり彼女の顔を平手打ちした。
B202215,slash,a slash across his right cheek,右頬の切り傷
B202216,slaughter,The slaughter of animals for meat is a common practice in many cultures.,肉のために動物を屠殺することは、多くの文化で一般的な行為です。
B202217,slice,Can you slice the bread for me?,私のためにパンをスライスしてもらえますか？
B202218,slide,Be careful not to slide on the wet floor.,濡れた床で滑らないように注意してください。
B202219,slight,She felt a slight breeze as she walked by the beach.,彼女はビーチを歩いている間、わずかな風を感じました。
B202220,sliver,The chef grilled the sliver of salmon.,シェフはサーモンの切り身を焼いた。
B202221,sloppy,She was wearing a sloppy shirt and sweatpants.,彼女はだらしないシャツとスウェットパンツを着ていました。
B202222,smash,He used all his strength to smash the glass.,彼はガラスを粉々にするために全力を尽くした。
B202223,smokestack,The factory had a tall smokestack.,工場には高い煙突がありました。
B202224,snap,The pup snapped at my hand.,小犬は私の手にかみついた。
B202225,sneak,He tried to sneak out of the house without being noticed.,彼は気づかれずに家からこっそり抜け出そうとした。
B202226,sneer,She gave him a sneer when he tripped and fell.,彼がつまずいて転んだ時、彼女は彼をあざ笑った。
B202227,sneeze,I can't stop sneezing.,くしゃみが止まりません。
B202228,sniff,I sniffed the flowers to enjoy their fragrance.,私は花をかぐことでその香りを楽しんだ。
B202229,snore,The dog's gentle snores echoed throughout the house.,その犬のやすらかないびきが家中に響いた。
B202230,snore,He snores loudly at night.,彼は夜に大きないびきをかく。
B202231,snowball,I made a snowball and threw it at my friend.,私は雪の玉を作って友達に投げました。
B202232,soak,The bather enjoyed a relaxing soak in the hot springs.,湯治客は温泉でリラックスした入浴を楽しんだ。
B202233,soak,I like to soak in a hot bath after a long day.,長い一日の後、熱いお風呂に浸かるのが好きです。
B202234,soaked,She was soaked from head to foot.,彼女は全身ずぶぬれだった。
B202235,soaking,I love soaking in a hot bath after a long day.,長い一日の後、熱いお風呂に浸かるのが大好きです。
B202236,soar,The eagle soared high in the sky.,ワシは空高く舞い上がった。
B202237,sob,She couldn't help but sob when she heard the sad news.,彼女は悲しい知らせを聞いて、つい泣き出してしまった。
B202238,so-called,The so-called experts were proven wrong.,いわゆる専門家たちは間違っていることが証明されました。
B202239,sociable,She is a sociable person who enjoys meeting new people.,彼女は新しい人に会うことを楽しむ社交的な人です。
B202240,socialize,I enjoy socializing with my friends on the weekends.,週末に友達と交流するのが楽しいです。
B202241,softness,The fabric of the blanket is known for its softness.,毛布の生地は柔らかさで知られています。
B202242,soil,The soil in this garden is very fertile.,この庭の土壌は非常に肥沃です。
B202243,solar,Solar energy is a renewable source of power.,太陽エネルギーは再生可能な電源です。
B202244,solidity,Solidity is an important characteristic of a good building.,固さは良い建物の重要な特徴です。
B202245,soliloquy,She often indulges in soliloquy when she's alone.,彼女は一人でいる時によく独り言を言う。
B202246,solo,Nancy set out on a solo journey.,ナンシーは一人で旅に出た。
B202247,solo,Lindbergh was the first person to fly solo across the Atlantic Ocean.,リンドバーグは大西洋を単独で飛行した最初の人物でした。
B202248,solo,She performed a beautiful solo at the concert.,彼女はコンサートで美しい独唱曲を演奏しました。
B202249,solvent,"However, these solvents were identified as carcinogenic.",しかしながら、これらの溶剤は発がん性が指摘された。
B202250,somewhat,I am somewhat tired after work.,仕事の後、いくぶんか疲れています。
B202251,son-in-law,My son-in-law is a doctor.,私の娘の夫は医者です。
B202252,sonnet,She wrote a beautiful sonnet for her lover.,彼女は恋人のために美しいソネットを書いた。
B202253,sophisticated,She has a sophisticated taste in fashion.,彼女は洗練されたファッションセンスを持っています。
B202254,sort,I need to sort my closet before the move.,引っ越し前にクローゼットを整理する必要がある。
B202255,sound,A sound mind dwells in a sound body.,健全な精神は健全な肉体に宿る。
B202256,soundtrack,The soundtrack of the movie was composed by a famous musician.,その映画のサウンドトラックは有名なミュージシャンによって作曲されました。
B202257,southward,They decided to travel southward for their vacation.,彼らは休暇のために南へ旅行することを決めました。
B202258,Soviet,The Cold War ended when the Soviet Union collapsed.,冷戦はソビエトの崩壊と共に終わった。
B202259,soybean,I love cooking with soybean.,大豆を使って料理するのが好きです。
B202260,spa,I love going to the spa to relax and unwind.,リラックスして疲れを癒すためにスパに行くのが大好きです。
B202261,span,She spanned the globe in her travels.,彼女は旅行で地球を一周した。
B202262,spare,I always keep a spare set of keys in case I lose mine.,私はいつも予備の鍵を持っています。万が一自分の鍵を失くした場合のために。
B202263,spare,He spared no effort for success.,彼は成功のためには努力を惜しまなかった。
B202264,spareribs,I love eating spareribs at the barbecue restaurant.,バーベキューレストランでスペアリブを食べるのが大好きです。
B202265,spark,The sparks flew from the bonfire.,焚き火から火花が飛び散った。
B202266,sparkling,The mermaid swam gracefully in the sparkling ocean.,人魚は輝く海で優雅に泳いでいた。
B202267,sparrow,I saw a sparrow in the park.,私は公園ですずめを見ました。
B202268,specialty,Her specialty is baking delicious cakes.,彼女の専門は美味しいケーキを焼くことです。
B202269,species,There are over 8 million species of animals on Earth.,地球上には800万種以上の動物が存在しています。
B202270,specifically,She specifically asked us not to discuss the surprise party in front of her sister.,彼女は特に、妹の前でサプライズパーティーについて話さないようにと私たちに頼みました。
B202271,specify,Please specify the product you want to order.,ご注文される商品を指定してください。
B202272,spectacle,The fireworks display was a spectacular spectacle.,花火大会は素晴らしい光景だった。
B202273,speeder,The police officer caught the speeder on the highway.,警察官は高速道路でスピード違反者を捕まえた。
B202274,spellbound,He was spellbound by her beauty.,彼は彼女の美しさに魅了された。
B202275,spin,She watched the wheel spin round and round.,彼女は車輪がぐるぐる回るのを見ていた。
B202276,spite,"She couldn't understand why he would resort to such spite, sabotaging her project just because she wouldn't go out with him.",彼女は、なぜ彼女が付き合わないからといって、彼がそのように恨みに持って、彼女のプロジェクトを妨害するのか理解できなかった。
B202277,splash,I felt a splash of water on my face.,私の顔に水しぶきを感じました。
B202278,splatter,The child giggled as he chased the chocolate ice cream splatter down his chin.,チョコレートアイスクリームがあごに飛び散ったのを追いかけながら、その子はくすくす笑った。
B202279,split,I need to split the bill with my friends.,私は友達と勘定を割り勘にする必要があります。
B202280,spokesman,The spokesman for the company made a statement regarding the recent controversy.,会社のスポークスマンが最近の論争に関して声明を出しました。
B202281,spokeswoman,The spokeswoman addressed the media at the press conference.,女性スポークスマンは記者会見でメディアに対応しました。
B202282,sponsor,The company sponsored a global drive to help deprived children.,その会社は恵まれない子供たちを助ける世界的な取り組みに出資した。
B202283,spot,I spotted a deer with white spots in the forest.,私は森で白い斑点のある鹿を見つけました。
B202284,spray,By means of a super high-pressure water spray practically all the sediment is removed.,超高圧水の噴射により、ほとんどの詰まりが排除される。
B202285,spray,The water sprayed out of the nozzle.,ノズルから水が噴出した。
B202286,spread,She spread the blanket on the grass.,彼女はブランケットを草の上に広げました。
B202287,spreadsheet,I use a spreadsheet to organize my expenses.,私はスプレッドシートを使って経費を整理しています。
B202288,sprint,He won the sprint race with ease.,彼は短距離競走を楽々と勝ちました。
B202289,spur,His ambition spurred him to work harder.,彼の野望が彼をもっと一生懸命働くように駆り立てた。
B202290,squad,The squad completed their mission successfully.,そのチームはミッションを成功裏に遂行しました。
B202291,squash,I am baking a pie with this ripe squash.,この熟したかぼちゃでパイを焼いています。
B202292,squash,He squashed my hat flat.,彼は私の帽子をぺちゃんこにつぶした。
B202293,squeeze,I squeeze the lemon to get the juice.,私はレモンを絞ってジュースを取ります。
B202294,stab,He tried to stab me with a knife.,彼はナイフで私を刺そうとした。
B202295,stability,The stability of the economy is crucial for the country's development.,経済の安定は国の発展にとって重要です。
B202296,stack,I saw a stack of hay in the field.,私は畑で干し草の山を見ました。
B202297,stagger,"After a long day of work, he walked home with a tired stagger.",彼は一日の長い仕事の後、疲れた足取りで家に歩いて帰った。
B202298,stain,Your collar has a stain on it.,君の襟にはしみがついている。
B202299,stain,This fabric stains easily.,この生地はしみになりやすい。
B202300,stake,She used a stake to support the tomato plant.,彼女はトマトの植物を支えるためにくいを使いました。
B202301,stammer,He tends to stammer when he gets nervous.,彼は緊張するとどもる傾向があります。
B202302,stamp,She stamped the mud off her shoes.,彼女は足踏みをして靴の泥を落とした。
B202303,standard,This is the standard size for the product.,これは製品の標準サイズです。
B202304,standby,The standby actor was ready to [[take over]] the role.,代役の俳優は役を引き継ぐ準備ができていました。
B202305,standstill,The traffic came to a standstill due to the accident.,事故のため、交通が停止しました。
B202306,stanza,The poem consists of four stanzas.,その詩は4つの節から成り立っています。
B202307,startle,The loud noise startles the cat.,大きな音が猫を飛び上がらせる。
B202308,starvation,Millions of people around the world are facing starvation due to the ongoing drought.,世界中の何百万人もの人々が、続く干ばつのために餓死の危機に直面しています。
B202309,starve,Many people starve to death in impoverished countries.,貧しい国では多くの人々が餓死しています。
B202310,starving,I'm starving!,おなかがすいて死にそうだ。
B202311,state,The state government is responsible for public education.,州政府は公教育に責任を持っています。
B202312,state,He stated his opinion during the meeting.,彼は会議中に自分の意見を述べました。
B202313,statesman,He was a great statesman who dedicated his life to serving the people.,彼は人々に仕えるために一生を捧げた偉大な政治家でした。
B202314,statewide,"The governor delivered a televised address, urging citizens to conserve water statewide.",州知事はテレビ演説を行い、州全体で水を節約するよう市民に呼びかけた。
B202315,statistics,Statistics is an important field of study.,統計は重要な研究分野です。
B202316,steely,He had a steely determination to succeed.,彼は成功するという鋼鉄の決意を持っていた。
B202317,steer,He tried to steer the conversation away from controversial topics.,彼は議論の的となる話題から会話をそらそうとした。
B202318,steering wheel,I gripped the steering wheel tightly as I navigated through the winding mountain roads.,山道を進む中、私はハンドルをしっかり握りしめました。
B202319,stepfather,My stepfather is very kind and supportive.,私の義父はとても優しくて協力的です。
B202320,stepmother,My stepmother is very kind to me.,私の継母はとても優しいです。
B202321,stereotype,It is important to challenge stereotypes and not judge people based on assumptions.,ステレオタイプに挑戦し、仮定に基づいて人々を判断しないことが重要です。
B202322,stern,The teacher had a stern look on his face.,教師は厳しい表情を浮かべていた。
B202323,stew,I love to cook a hearty stew on a low heat.,私は弱火で心のこもったシチューを作るのが大好きだ。
B202324,stick,I found a stick on the ground.,地面に棒が落ちているのを見つけました。
B202325,stiff,The new shoes were so stiff that they gave me blisters.,新しい靴はとても堅くて、私に水ぶくれを作りました。
B202326,stimulant,Coffee is a common stimulant that many people rely on to stay awake.,コーヒーは多くの人が目を覚まさせるために頼る一般的な刺激物です。
B202327,stimulate,Listening to music can stimulate creativity.,音楽を聴くことは創造性を刺激することができます。
B202328,stimulation,Music can provide mental stimulation and enhance creativity.,音楽は精神的な刺激を与え、創造性を高めることができます。
B202329,stingy,He is so stingy that he never buys anything for himself.,彼はとてもけちなので、自分のために何も買わない。
B202330,stink,The garbage in the dumpster stinks.,ゴミ捨て場のゴミは臭いです。
B202331,stitch,A stitch in time saves nine.,時を逃さずにひと針縫えば、九針縫う手間が省ける
B202332,stock,I need to check the stock before placing an order.,注文をする前に在庫を確認する必要があります。
B202333,stock market,The stock market is experiencing a downturn.,株式市場は下降傾向にあります。
B202334,stockpile,The government's massive food stockpile dwindled rapidly after the natural disaster.,自然災害後、政府の備蓄食料は急速に減少した。
B202335,stonework,The cathedral's exterior is adorned with beautiful stonework.,大聖堂の外観は美しい石細工で飾られています。
B202336,stool,I sat on a stool at the bar.,私はバーのカウンターに腰掛けた。
B202337,stopover,I had a stopover in Tokyo during my trip to Australia.,オーストラリアへの旅行中、東京で短期滞在をしました。
B202338,stopwatch,I used a stopwatch to time my run.,ランニングの時間を計るためにストップウォッチを使いました。
B202339,store,The products are stored in the wareroom.,商品は商品保管室に保管されています。
B202340,straighten,She straightened out her hair before the party.,彼女はパーティー前に髪をまっすぐにしました。
B202341,straightforward,She gave a straightforward explanation of the process.,彼女はその経緯をわかりやすく説明してくれました。
B202342,strain,His weight strained the rope.,彼の重さでロープがぴんと張った。
B202343,strait,The ship sailed through the strait.,船は海峡を航行しました。
B202344,strand,She found a strand of hair on her pillow.,枕元に髪の毛が落ちていた。
B202345,strangle,He tried to strangle her with a rope.,彼はロープで彼女を窒息させようとした。
B202346,stress,They stressed protection of the environment.,彼らは、環境を保護する事を強く主張した。
B202347,strictly,He follows a strictly vegetarian diet.,彼は厳格な菜食主義を守っています。
B202348,stride,The athlete confidently strode onto the field.,アスリートは自信を持ってフィールドに足を踏み入れた。
B202349,striking,Her striking beauty caught everyone's attention.,彼女の人目を引く美しさが、みんなの注目を集めた。
B202350,strip,I need to strip the old paint off the walls.,壁から古いペンキを剥がさなければなりません。
B202351,strive,I strive to be the best version of myself.,私は自分自身の最高のバージョンを目指して努力しています。
B202352,stroke,He suffered a stroke and was rushed to the hospital.,彼は脳卒中を起こし、病院に急送されました。
B202353,stroke,I gently stroked my cat.,私は猫を優しく撫でた。
B202354,struggle,They struggle for a better future.,彼らはより良い未来のために奮闘しています。
B202355,stubbornly,He stubbornly refused to admit his mistake.,彼はがん固に自分の間違いを認めようとしなかった。
B202356,stuff,My nose is stuffed up.,鼻が詰まった。
B202357,stylist,She is a talented stylist who can create amazing looks.,彼女は、素晴らしいスタイルを作り出すことができる、才能のあるスタイリストです。
B202358,subcontinent,India is located on the Indian subcontinent.,インドはインド亜大陸に位置しています。
B202359,subculture,Subcultures are formed by different cultural groups within the same society.,サブカルチャーは、同じ社会内の異なる文化グループによって形成されます。
B202360,subdivision,The city is divided into several subdivisions.,市はいくつかの区に分けられています。
B202361,subjunctive,"If I were you, I would study harder.",もし私があなたなら、もっと一生懸命勉強するだろう。
B202362,submit,Please submit your application by the end of the week.,週の終わりまでに申請書を提出してください。
B202363,subplot,The subplot in the novel adds depth to the main story.,小説のわき筋は主要なストーリーに深みを加えています。
B202364,subside,The floodwaters gradually subside after the heavy rain.,大雨の後、洪水は徐々に引いていく。
B202365,substance,Water is a substance that is essential for life.,水は生命にとって不可欠な物質です。
B202366,substitute,He substituted for the injured player.,彼は怪我をした選手の代りをつとめた。
B202367,subtitle,The book had a subtitle that explained the main theme.,その本には、主題を説明する副表題がありました。
B202368,subtle,The subtle scent of flowers filled the air.,かすかな花の香りが空気に満ちていた。
B202369,subtract,"To solve this math problem, you need to subtract the second number from the first number.",この数学の問題を解くには、2番目の数を1番目の数から引く必要があります
B202370,suburb,I live in a quiet suburb.,私は静かな郊外に住んでいます。
B202371,successive,He scored successive goals in the match.,彼は試合で連続したゴールを決めた。
B202372,suck,Babies suck milk from their mother's breast.,赤ちゃんは母親の乳房からミルクを吸います。
B202373,sue,Sue decided to sue the company for wrongful termination.,スーは不当解雇で会社を訴えることに決めました。
B202374,suffering,He is indifferent to the suffering of others.,彼は他人の苦しみに対して淡淡だ。
B202375,sufficiently,The food was cooked sufficiently.,食べ物は十分に調理されていました。
B202376,suitably,He dressed suitably for the occasion.,彼はその場にふさわしい服装にした。
B202377,sulfur,Sulfur is commonly used in the production of fertilizers.,硫黄は肥料の製造によく使用されます。
B202378,sunbeam,I basked in the warm sunbeam.,私は暖かい太陽光線に浸った。
B202379,superb,The performance was superb.,パフォーマンスは素晴らしかったです。
B202380,superintendent,The superintendent oversees the maintenance of the building.,監督者は建物のメンテナンスを監督します。
B202381,supernatural,She has always been fascinated by the supernatural.,彼女は常に超自然現象に魅了されてきた。
B202382,supervise,I supervise a team of workers.,私は労働者のチームを監督します。
B202383,supervision,The supervisor provided close supervision to the team.,スーパーバイザーはチームを厳しく監督した。
B202384,supervisor,The supervisor is responsible for overseeing the team's work.,監督者はチームの仕事を監督する責任があります。
B202385,supplement,I take a daily supplement to support my immune system.,私は免疫システムをサポートするために毎日サプリメントを摂取しています。
B202386,supplier,The supplier delivered the goods on time.,供給者は物資を時間通りに配達しました。
B202387,supply,They supplied the villagers with food.,彼らは村人たちに食料を供給した。
B202388,suppress,The police were able to suppress the rebellion and restore order.,警察は反乱を鎮圧し、秩序を回復することができました。
B202389,surge,The surge of energy propelled him forward.,エネルギーの急増が彼を前に押し出した。
B202390,surrender,The enemy forces decided to surrender after a long battle.,長い戦いの後、敵軍は降伏することを決めた。
B202391,surroundings,I love exploring the beautiful surroundings of my hometown.,私は故郷の美しい環境を探検するのが大好きです。
B202392,surveillance,The police have increased surveillance on the suspect.,警察は容疑者の監視を強化しました。
B202393,suspect,I suspected he was a liar.,私は彼が嘘つきではないかと思った。
B202394,suspend,The company decided to suspend the project due to budget constraints.,会社は予算の制約により、プロジェクトを中止することを決定しました。
B202395,suspicious,He gave me a suspicious look.,彼は私に疑わしい目を向けた。
B202396,suspiciously,He looked at her suspiciously.,彼は彼女を疑い深く見つめた。
B202397,sustain,We need to sustain our efforts to protect the environment.,私たちは環境を保護するための取り組みを持続する必要があります。
B202398,swan,The swan gracefully glided across the lake.,ハクチョウは優雅に湖を滑った。
B202399,sweep,I need to sweep the floor before guests arrive.,ゲストが到着する前に床を掃かなければなりません。
B202400,swift,The stream is not very swift.,流れはさほど速くない。
B202401,swing,He has a perfect swing.,彼のスイングは実に見事だ。
B202402,swing,She loves to swing on the playground.,彼女は遊び場でブランコに乗るのが大好きです。
B202403,syllable,Each word in English is made up of one or more syllables.,英語の各単語は1つ以上の音節で構成されています。
B202404,symbolic,The Statue of Liberty is a symbolic representation of freedom.,自由の象徴である自由の女神像。
B202405,sympathetic,She is always sympathetic towards others.,彼女はいつも他人に対して同情的です。
B202406,sympathize,I sympathize with her situation.,彼女の状況に同情します。
B202407,synonym,Synonym is a word or phrase that means exactly or nearly the same as another word or phrase.,同義語とは、他の単語やフレーズとまったくまたはほぼ同じ意味を持つ単語やフレーズのことです。
B202408,tablecloth,The tablecloth adds a touch of elegance to the dining table.,テーブル掛けはダイニングテーブルにエレガントな雰囲気を加えます。
B202409,tabloid,The tabloid news was sensational and exaggerated.,タブロイドのニュースはセンセーショナルで誇張されていました。
B202410,tabloid,I saw a headline in the tabloid about a celebrity scandal.,私はタブロイド紙の見出しで有名人のスキャンダルについて読んだ。
B202411,tack,Please tack the poster to the wall.,ポスターを壁に留めてください。
B202412,tackle,"To begin with, we must tackle the problem.",まず第１に、私たちはその問題に取り組まなければならない。
B202413,tactile,The blind student uses tactile diagrams to understand the concept.,視覚障害のある学生は触覚図を使って概念を理解します。
B202414,tag,We used to play games like tag.,私達は昔鬼ごっこのような遊びをよくした。
B202415,tail,The cat wagged its tail.,猫は尾を振った。
B202416,tame,The bear is quite tame and doesn't bite.,その熊はとても飼い慣らされていて噛みついたりしない。
B202417,tan,I was browned to a nice tan.,私はこんがりと小麦色に日焼けした。
B202418,tanned,His face was still tanned from his stay in Mexico.,彼はメキシコに滞在していたために、顔がまだ日焼けしていた。
B202419,tap,I need to tap the keg for the party.,パーティーのために樽を開ける必要があります。
B202420,tatter,The storm-battered flag hung in tatters from the flagpole.,旗竿には嵐でぼろぼろになった旗がぶら下がっていた。
B202421,tattoo,She has a beautiful tattoo on her arm.,彼女は腕に美しい入れ墨の模様がある。
B202422,taunt,"The hero stood defiant, ignoring the jeering crowd's venomous taunts.",英雄は、野次を飛ばす群衆の毒のある嘲笑を無視して、反抗的に立っていた。
B202423,tease,"Don't tease your little sister, it's not nice.",妹をからかわないで、それは良くないよ。
B202424,teaspoon,I added a teaspoon of sugar to my coffee.,私はコーヒーに茶さじ一杯の砂糖を加えました。
B202425,technical,He has a technical background.,彼は専門的なバックグラウンドを持っています。
B202426,technically,"Technically, I am not allowed to disclose that information.",厳密に言うと、その情報を開示することは許されていません。
B202427,telescope,I used a telescope to observe the stars.,私は望遠鏡を使って星を観察しました。
B202428,temperate,The weather was temperate today.,今日は穏やかな天気でした。
B202429,temporarily,I will temporarily stay at my friend's house until I find a new apartment.,新しいアパートを見つけるまで、一時的に友達の家に滞在します。
B202430,temptation,She resisted the temptation to eat the entire cake.,彼女はケーキを全部食べるという誘惑に抵抗した。
B202431,tender,The steak was so tender that it practically melted in my mouth.,ステーキはとても柔らかかったので、口の中で溶けるようでした。
B202432,tenderly,She held the baby tenderly in her arms.,彼女は優しく赤ちゃんを抱いた。
B202433,tenderness,The tenderness of the fabric made it comfortable to wear.,生地の柔らかさが着心地を快適にしました。
B202434,terrace,I love sitting on the terrace and enjoying the view.,私はテラスに座って景色を楽しむのが好きです。
B202435,terrifying,The horror movie was terrifying.,ホラー映画は恐ろしかったです。
B202436,territory,The country expanded its territory through colonization.,その国は植民地化によって領土を拡大した。
B202437,test,The new drug will be tested in Vaxgen's laboratory.,バクスゲン社の研究所で新薬の試験が行われた。
B202438,testify,He will testify in court tomorrow.,彼は明日、法廷で証言する予定です。
B202439,testimony,Her testimony was crucial in solving the case.,彼女の証言は事件の解決に重要だった。
B202440,that,I didn't realize that it was that important.,私はそれがそれほど重要だとは気づきませんでした。
B202441,theme,The theme of the party is 'Hawaiian Luau'.,パーティーの主題は「ハワイアンルアウ」です。
B202442,theorist,The theorist proposed a new framework for understanding human behavior.,その理論家は、人間の行動を理解するための新しい枠組みを提案しました。
B202443,therapist,The therapist helped me work through my anxiety.,治療専門家は私が不安を乗り越えるのを手助けしてくれました。
B202444,therapy,She is undergoing therapy to help manage her anxiety.,彼女は不安を管理するために療法を受けています。
B202445,thereafter,"He finished his work, and thereafter he went home.",彼は仕事を終えて、その後家に帰りました。
B202446,thermometer,I need to check the temperature with a thermometer.,温度計で温度を確認する必要があります。
B202447,thesis,I am currently working on my thesis for my master's degree.,私は現在、修士論文に取り組んでいます。
B202448,thickly,Spread the peanut butter thickly on the bread.,パンにピーナッツバターを厚く塗ります。
B202449,thickness,The thickness of the paper is important for printing.,紙の厚さは印刷に重要です。
B202450,thigh,She injured her thigh while playing soccer.,彼女はサッカーをしている間にももを怪我しました。
B202451,thinker,She is a great thinker.,彼女は優れた考える人です。
B202452,third person,He wrote that novel in third person.,彼はその小説を三人称形式で書いた。
B202453,thirdly,"Thirdly, if you don't put in the effort and challenge difficult things, there is nothing in the world at which you will succeed.",第三に、努力を怠り、困難なことに挑戦しなければ、成功することなどこの世にない。
B202454,thirst,I quenched my thirst with a cold glass of water.,私は冷たいグラスの水で喉の渇きを癒した。
B202455,thoroughly,She thoroughly cleaned the house before the guests arrived.,彼女はゲストが到着する前に徹底的に家を掃除しました。
B202456,though,"It's a bit cold, though.",ちょっと寒いですが。
B202457,thoughtful,She is a thoughtful person who always considers others' feelings.,彼女はいつも他人の気持ちを考える思いやりのある人です。
B202458,thoughtless,He made a thoughtless comment that hurt her feelings.,彼は思いやりのない発言をして彼女の気持ちを傷つけた。
B202459,thread,I need to buy some thread to sew this button back on.,このボタンを付け直すために糸を買わなければなりません。
B202460,threaten,He threatened to expose her secret.,彼は彼女の秘密を暴露すると脅した。
B202461,thrill,The roller coaster ride was full of thrill and excitement.,ローラーコースターの乗り物はスリルと興奮に満ちていました。
B202462,thrilled,The recipient of the award was thrilled.,受賞者は興奮しました。
B202463,thrilling,The thrilling roller coaster ride made my heart race.,スリリングなジェットコースターの乗り物は私の心を高鳴らせました。
B202464,throat,I have a sore throat.,私はのどが痛いです。
B202465,tickle,I couldn't stop laughing when my friend tickled me.,友達が私をくすぐった時、笑いが止まらなかった。
B202466,tight,Hold the racket tight.,ラケットをしっかりにぎりなさい。
B202467,tightrope,She walked on the tightrope with perfect balance.,彼女は完璧なバランスで綱渡りをした。
B202468,time,I need to time myself while running.,走る時に自分の時間を計る必要があります。
B202469,timeless,Her beauty is timeless.,彼女の美しさは時代を問わない。
B202470,timeliness,The timeliness of his arrival was impressive.,彼の到着の時宜にかなっていることは印象的だった。
B202471,times,"Even times odd is even, odd times odd is odd.",偶数掛ける奇数は偶数、奇数掛ける奇数は奇数。
B202472,timing,I need to adjust the timing of my schedule.,私はスケジュールのタイミングを調節する必要があります。
B202473,tip,She tipped her head to the side.,彼女は頭を横に傾けた。
B202474,tiptoe,"She tiptoed into the room, trying not to wake anyone.",彼女は誰も起こさないように部屋に忍び込んだ。
B202475,tiredness,I feel exhausted after a long day at work.,仕事の長い一日の後、私は疲れています。
B202476,tiresome,The repetitive tasks at work can be tiresome.,仕事の繰り返しの作業には、うんざりすることがあります。
B202477,toenail,I need to trim my toenail.,足のつめを切る必要があります。
B202478,toil,She toils day and night to provide for her family.,彼女は家族を養うために日夜骨折って働いています。
B202479,tolerant,She is a tolerant person who accepts people from all walks of life.,彼女はあらゆる人々を受け入れる寛大な人です。
B202480,tolerate,I can't tolerate his rude behavior.,彼の無礼な態度には我慢できない。
B202481,toll,The toll for using the highway was surprisingly high.,高速道路の使用料金が驚くほど高かった。
B202482,tomb,She visited her father's tomb on his birthday.,彼女は父の誕生日に墓参りをした。
B202483,ton,The cargo ship can carry up to 10 tons of goods.,その貨物船は最大で10トンの貨物を運ぶことができます。
B202484,tonne,The shipment weighed 10 tonnes.,積荷の重さは10トンでした。
B202485,torch,I used a torch to light up the dark room.,暗い部屋を照らすためにたいまつを使いました。
B202486,tortoiseshell,She refastened her hair with a comb made of tortoiseshell.,彼女はべっ甲でできたくしで髪をもう一度束ねた。
B202487,torture,Torture is a violation of human rights.,拷問は人権侵害です。
B202488,tough,He is a tough competitor.,彼は強敵だ。
B202489,toxic,Exposure to toxic chemicals can have serious health effects.,有毒な化学物質にさらされると、重篤な健康影響が出る可能性があります。
B202490,trace,The dog traced the rabbit into the forest.,犬はウサギの跡を追って森の中へ入った。
B202491,track,The huntsman tracked the deer through the forest.,ハンターは森を通じて鹿を追跡しました。
B202492,trade,Once people traded furs for sugar here.,かつてここでは、人々は毛皮と砂糖を交換した。
B202493,trader,The trader traveled to different countries to buy and sell goods.,商人は異なる国々を訪れて商品を買い付け、売買を行った。
B202494,trail,The hunters trailed the deer over the mountain.,狩猟者たちは山を越えてシカの跡を追った。
B202495,trailer,I saw a trailer on the highway.,私は高速道路でトレーラーを見ました。
B202496,trainee,The trainee is learning new skills at the company.,訓練生は会社で新しいスキルを学んでいます。
B202497,trainer,The trainer helped me improve my fitness level.,トレーナーは私のフィットネスレベルを向上させるのを手伝ってくれました。
B202498,trait,Her kindness is a trait that everyone admires.,彼女の優しさは、誰もが称賛する特徴です。
B202499,traitor,He was accused of being a traitor to his country.,彼は国に対する裏切り者として告発された。
B202500,tramp,He tramped through the forest.,彼は森をドシンドシンと歩いた。
B202501,trample,The trample of horses' hooves echoed in the distance.,馬の蹄の踏み鳴らす音が遠くで響いていた。
B202502,transcript,I need a transcript of my grades.,成績の写しを必要としています。
B202503,transfer,The company rejected his request for a transfer.,会社は彼の転勤願いを却下した。
B202504,transfusion,I had a transfusion of blood after my accident.,私は事故の後、輸血をしました。
B202505,transient,The beauty of life lies in its transient nature.,人生の美しさは、その一時的な性質にある。
B202506,transistor,The transistor revolutionized the field of electronics.,トランジスタは電子工学の分野を革命的に変えました。
B202507,transition,The transition from summer to autumn is always beautiful.,夏から秋への移り変わりはいつも美しいです。
B202508,transitive,"With verbs there are intransitive verbs that don't take an object, and transitive verbs that do take an object.",動詞には目的語をとらない自動詞と、目的語をとる他動詞があります。
B202509,translation,Translation is the process of converting text from one language to another.,訳すことは、テキストを一つの言語から別の言語に変換するプロセスです。
B202510,translator,The translator did an excellent job translating the document.,翻訳者は文書の翻訳を素晴らしい仕事でした。
B202511,transmission,The transmission of information through the internet is fast and efficient.,インターネットを通じた情報の伝送は速くて効率的です。
B202512,transmit,The radio waves transmit information from one device to another.,無線波は情報を一つの機器から別の機器に伝えます。
B202513,transparent,"The glass is transparent, allowing light to pass through.",ガラスは透明で、光が通り抜ける。
B202514,transport,Oil is transported by tanker.,石油はタンカーで運ばれる。
B202515,traverse,I had to traverse the entire forest to reach the other side.,私は他の側にたどり着くために森全体を横切らなければならなかった。
B202516,tray,She placed the tea cups on the tray.,彼女はティーカップをトレーに置きました。
B202517,tread,Be careful not to tread on the wet floor.,濡れた床に踏み込まないように注意してください。
B202518,treat,I like to treat myself to a spa day every once in a while.,たまには自分へのご褒美にスパに行くのが好きなんだ。
B202519,treaty,The two countries signed a treaty to promote trade and cooperation.,両国は貿易と協力を促進するために条約に署名しました。
B202520,trek,I embarked on a challenging trek through the mountains.,私は山々を通って長くつらい旅に出ました。
B202521,tremendously,She has improved tremendously since she started practicing every day.,彼女は毎日練習を始めてから途方もなく上達しました。
B202522,tremor,I felt a tremor in the ground.,地面の揺れを感じた。
B202523,trial,The trial lasted for several weeks.,裁判は数週間続いた。
B202524,triangle,The triangle has three sides.,三角形は三つの辺を持っています。
B202525,tribe,The tribe gathered around the fire to celebrate their victory.,部族は勝利を祝うために火の周りに集まった。
B202526,trick,George was tricked into buying the land.,ジョージは詐欺にかかってその土地を買わされた。
B202527,tricky,Dealing with tricky situations requires careful consideration.,こうかつな状況に対処するには注意深い考慮が必要です。
B202528,trio,The trio performed a beautiful song together.,三ツ組は一緒に美しい歌を演奏しました。
B202529,trip,She tripped on the stone.,彼女は石につまずいた。
B202530,trivial,The problem was trivial and didn't require much effort to solve.,その問題はささいなもので、解決するのに多くの努力を必要としなかった。
B202531,trolley,I used a trolley to transport the heavy boxes.,重い箱を運ぶために手押し車を使いました。
B202532,troop,The troop marched in formation.,部隊は整列して行進した。
B202533,trophy,He proudly displayed his trophy collection in his living room.,彼は誇らしげに自分のトロフィーコレクションをリビングルームに展示した。
B202534,tropic,The tropic climate is perfect for growing tropical fruits.,熱帯気候は熱帯果物の栽培に最適です。
B202535,troublesome,Dealing with difficult customers can be troublesome.,難しい顧客との取引は迷惑かもしれません。
B202536,trunk,The elephant uses its trunk to pick up food.,象は鼻を使って食べ物を取ります。
B202537,trust,Society is built on trust.,社会というものは信用の上に成り立っている。
B202538,trusty,He is my trusty companion.,彼は私の信頼できる相棒です。
B202539,truthful,He always speaks the truth.,彼はいつも真実を話す。
B202540,truthfulness,We should always verify information and question the truthfulness of common beliefs.,私たちは常に情報というものを検証し、常識を疑ってみる必要があります。
B202541,tub,I filled the tub with hot water and relaxed.,私はお湯でおけを満たしてリラックスしました。
B202542,tuberculosis,He was diagnosed with tuberculosis and had to undergo treatment.,彼は結核と診断され、治療を受ける必要がありました。
B202543,tug,He tugged at the rope to pull it closer.,彼はロープをぐいと引いてそれを近づけた。
B202544,tuition,The tuition for this university is quite expensive.,この大学の授業料はかなり高いです。
B202545,tulip,I planted tulips in my garden.,私は庭にチューリップを植えました。
B202546,tumor,He was diagnosed with a brain tumor.,彼は脳腫瘍と診断されました。
B202547,tunnel,The train passed through a long tunnel.,電車は長いトンネルを通り抜けました。
B202548,turbulent,The turbulent waves crashed against the rocky shore.,荒れ狂う波が岩礁に激突した。
B202549,tutor,I hired a tutor to help me with my math homework.,数学の宿題を手伝ってもらうために家庭教師を雇いました。
B202550,twinkle,He had a twinkle in his eye.,彼の目に小さなきらめきがあった。
B202551,twisted,His face was twisted with pain.,彼の顔は苦痛でいがんだ。
B202552,typhoid,He contracted typhoid while traveling in a foreign country.,彼は外国で旅行中に腸チフスに感染しました。
B202553,tyranny,The people revolted against the tyranny of the dictator.,人々は独裁者の圧制に対して反乱を起こした。
B202554,tyrant,"The tyrant ruled with an iron fist, oppressing the people.",暴君は鉄の拳で統治し、人々を抑圧しました。
B202555,ultimate,He reached the ultimate level of success.,彼は成功の究極のレベルに達した。
B202556,ultimately,He ultimately decided to pursue a career in medicine.,彼は最終的に医学のキャリアを追求することを決めた。
B202557,unacceptable,It is unacceptable to use foul language in this classroom.,この教室で汚い言葉を使うのは許されない。
B202558,unashamedly,I will unashamedly admit that I still read picture books.,今でも絵本を読んでいることを、私は気後れすることなく認めるでしょう。
B202559,unattractive,The subtopia is a visually unattractive suburban housing area.,サブトピアは見た目に魅力のない郊外の住宅地です。
B202560,unauthorized,The unauthorized access to the system was detected and blocked.,システムへの不正アクセスが検出され、ブロックされました。
B202561,unavailable,The product is currently unavailable.,その商品は現在利用できません。
B202562,unaware,She was unaware of the danger lurking nearby.,彼女は近くに潜んでいる危険に気づかなかった。
B202563,unbearable,The heat in the room was unbearable.,部屋の中の暑さは耐えられなかった。
B202564,unbeatable,He is unbeatable in chess.,彼はチェスでは無敵だ。
B202565,unchanged,The weather remained unchanged throughout the day.,一日中天気は変わらなかった。
B202566,uncharacteristic,That's uncharacteristic of him.,それは彼らしくない。
B202567,unclearly,"He explained the instructions unclearly, causing confusion among the team.",彼は指示を不明瞭に説明したため、チーム内に混乱を引き起こしました。
B202568,uncomfortably,The chair was uncomfortably hard.,椅子は心地よくなく硬かった。
B202569,uncommon,She has an uncommon talent for playing the piano.,彼女はピアノを演奏するのに普通でない才能を持っています。
B202570,unconcerned,She is unconcerned with the opinions of others.,彼女は他人の意見に興味がない。
B202571,unconscious,He fell unconscious after the accident.,彼は事故の後、意識を失った。
B202572,underestimate,Never underestimate the power of determination.,決意の力を決して過小評価してはいけません。
B202573,undergraduate,She is an undergraduate student at the university.,彼女は大学の学部生です。
B202574,underground,The subway is an underground transportation system.,地下鉄は地下の交通システムです。
B202575,underground,The hypocenter of the earthquake was located deep underground.,地震の震源地は地下深くに位置していました。
B202576,underneath,The hiker's excoriation of the tree bark revealed the beautiful patterns underneath.,ハイカーが樹皮をはぐことによって、その下にある美しい模様が現れました。
B202577,undersea,The divers explored the undersea cave.,ダイバーたちは海中の洞窟を探検しました。
B202578,understandable,The instructions were clear and understandable.,指示は明確で分かりやすかった。
B202579,understanding,She has a deep understanding of the subject.,彼女はその科目に深い理解を持っています。
B202580,understanding,My employer is very supportive and understanding.,私の雇い主はとてもサポートしてくれるし、理解もあります。
B202581,undertake,I will undertake the project next week.,来週、私はそのプロジェクトに着手します。
B202582,underwater,The submarine uses sonar to navigate underwater.,潜水艦は水中で航行するために音波水中探知機を使用します。
B202583,underwear,I need to buy new underwear.,新しい下着を買わなければならない。
B202584,undoubtedly,"Undoubtedly, she is the best candidate for the job.",確かに、彼女はその仕事の最適な候補者です。
B202585,undreamed,The success she achieved was undreamed-of.,彼女が達成した成功は夢にも思わなかった。
B202586,undressed,She undressed and put on her pajamas.,彼女は着物を脱いでパジャマを着た。
B202587,unease,I felt a sense of unease as I walked through the dark alley.,暗い路地を歩いている間、私は不安を感じました。
B202588,uneasily,"She paced back and forth uneasily, unable to shake off the feeling of unease.",彼女は不安そうに行ったり来たりして、不安な気持ちを振り払うことができなかった。
B202589,unenthusiastic,"Despite the exciting news, John remained unenthusiastic.",エキサイティングなニュースにもかかわらず、ジョンは無気力なままでした。
B202590,uneven,"The ground was uneven, with numerous rocks and bumps.",地面は凸凹で、無数の岩や段差がある。
B202591,unfamiliar,I am unfamiliar with this place.,私はこの場所をよく知りません。
B202592,unfashionable,She always wears unfashionable clothes.,彼女はいつも流行り遅れの服を着ています。
B202593,unforeseen,The storm caused unforeseen damage to the city.,嵐が都市に予知しない被害をもたらしました。
B202594,ungodly,He has an ungodly amount of wealth.,彼は神を恐れないほどの富を持っています。
B202595,unhappiness,She couldn't hide her unhappiness when she received the bad news.,彼女は悪い知らせを受け取ったとき、自分の悲しみを隠すことができなかった
B202596,unhelpful,"Her so-called advice was just a load of rubbish advice, completely unhelpful.",彼女のいわゆるアドバイスは、くだらないアドバイスの積み重ねで、まったく役に立たなかった。
B202597,unimaginable,The beauty of the sunset was unimaginable.,夕日の美しさは想像できなかった。
B202598,unimaginably,"Beneath the surface of the ocean lay an unimaginably diverse ecosystem, teeming with life beyond our wildest dreams.",海面の下には想像を絶するほど多様な生態系があり、私たちの想像を超える生命が息づいている。
B202599,united,The United Nations promotes united efforts to address global challenges.,国連は、世界の課題に取り組むための一致した取り組みを推進しています。
B202600,universal,Education is a universal right.,教育はすべての人々の権利です。
B202601,unjustly,He was unjustly accused of the crime.,彼は不正に犯罪の罪で告発された。
B202602,unkind,She was unkind to her classmates.,彼女はクラスメートに不親切でした。
B202603,unlike,"Unlike most people, she enjoys spending time alone.",ほとんどの人とは違って、彼女は一人で過ごすことを楽しんでいます。
B202604,unlimited,The possibilities are unlimited.,可能性は限りないです。
B202605,unload,The workers unload the cargo from the truck.,労働者たちはトラックから貨物を降ろします。
B202606,unlock,I need to unlock the door before we can go inside.,中に入る前に、ドアの錠を開ける必要があります。
B202607,unmistakable,Her talent is unmistakable.,彼女の才能はまぎれもない。
B202608,unmistakably,Her talent was unmistakably evident in her performance.,彼女の演技には、その才能がまぎれもなく表れていた。
B202609,unnatural,Her smile looked unnatural.,彼女の笑顔は不自然に見えた。
B202610,unofficial,This is an unofficial website.,これは非公式のウェブサイトです。
B202611,unpopular,The unpopular movie received negative reviews from critics.,不人気な映画は批評家から否定的な評価を受けました。
B202612,unrealistic,The plot of the movie was so unrealistic that it was hard to believe.,映画のストーリーは非現実的すぎて信じられなかった。
B202613,unreasonable,His demands were unreasonable.,彼の要求は理性を欠いていた。
B202614,unreliable,He is an unreliable person.,彼は信頼できない人です。
B202615,unrest,The country is experiencing political unrest.,その国は政治的な不安定状態にある。
B202616,unsafe,It is unsafe to walk alone at night in this neighborhood.,この地域では夜に一人で歩くのは危険です。
B202617,unsatisfactory,The service at the restaurant was unsatisfactory.,レストランのサービスは不満足でした。
B202618,unselfish,"She always puts others' needs before her own, showing how unselfish she is.",彼女はいつも自分の利益よりも他人のニーズを優先し、自分がいかに利己的でないかを示しています。
B202619,unstoppable,He virtually lives at the office; he’s there from morning until late at night.,彼は事実上オフィスに住んでいるようなものだ。朝から夜遅くまでそこにいるからね。
B202620,unsuccessful,He made several unsuccessful attempts to start his own business.,彼は自分のビジネスを始めようと何度も挑戦したが、うまくいかなかった。
B202621,unsuitable,His behavior was unsuitable for the occasion.,彼の行動はその場にふさわしくなかった。
B202622,unsure,I feel unsure about my decision.,私は自分の決断に不安を感じています。
B202623,untalented,He is an untalented musician.,彼は才能のない音楽家です。
B202624,unthinkably,"The scientist conducted the experiment, knowing full well the unthinkably high stakes involved.",その科学者は、想像を絶するような高いリスクを十分に承知の上で実験を行った。
B202625,untie,She carefully untied the knot.,彼女は丁寧に結び目を解きました。
B202626,unto,He gave unto them the gift of knowledge.,彼は彼らに知識の贈り物を与えた。
B202627,untreated,The untreated wood is susceptible to damage from insects and weather.,処理されていない木材は、虫や天候からのダメージを受けやすいです。
B202628,untrimmed,"The cottage garden overflowed with vibrant blooms, untrimmed and unruly but bursting with life.",コテージの庭には鮮やかな花が咲き乱れ、刈り込みもされておらず、手に負えないが、生命力にあふれている。
B202629,unusualness,The unusualness of the situation made everyone feel uncomfortable.,その状況の異常さが皆を不快にさせました。
B202630,unwilling,She was unwilling to go to the party.,彼女はパーティーに行く気が進まなかった。
B202631,unwise,It would be unwise to make such a hasty decision.,そんな急な決断をするのは分別のないことだろう。
B202632,unworldly,The wilderness was a beautiful and somewhat unworldly place.,その荒野は美しくまたこの世のものとは思われないような場所だった。
B202633,upbringing,My upbringing greatly influenced my values and beliefs.,私の生い立ちは、私の価値観や信念に大きな影響を与えた。
B202634,update,The news agency reported the latest updates on the situation.,通信社は状況の最新情報を報告しました。
B202635,upgrade,We will replace the current version with the upgrade.,現在のバージョンは、アップグレード版で置き換えます。
B202636,upgrade,I need to upgrade my computer to improve its performance.,コンピュータの性能を向上させるためにアップグレードする必要があります。
B202637,upright,He stood in an upright position.,彼はまっすぐな姿勢で立っていた。
B202638,upright,Stand upright when I'm talking to you.,私が君に向かって話している時はまっすぐ立っていなさい。
B202639,upset,Everything he says upsets me.,彼の言うことはいちいち頭に来る。
B202640,upside-down,His book was upside down.,彼の本はさかさまだった。
B202641,upside-down,The acrobat performed an amazing upside-down stunt.,曲芸師は素晴らしいさかさになった芸を披露しました。
B202642,urban,She loves the urban lifestyle.,彼女は都会のライフスタイルが大好きです。
B202643,urge,I urge you to reconsider your decision.,あなたに決定を再考するように促します。
B202644,urgently,I need your help urgently.,私はあなたの助けが至急必要です。
B202645,user,The user logged into the system.,使用者がシステムにログインしました。
B202646,usher,I was ushered to my seat.,私は自分の席まで案内してもらった。
B202647,utility,The utility company provides electricity and water to the residents.,公共事業会社は住民に電気と水を供給しています。
B202648,utilize,I utilize technology to streamline my work process.,私は技術を利用して仕事のプロセスを効率化しています。
B202649,utter,She uttered a scream of terror.,彼女は恐怖の叫び声を発した。
B202650,utterly,I am utterly exhausted after running a marathon.,マラソンを走った後、私は全く疲れ果てています。
B202651,vacant,There is a vacant seat in the theater.,劇場には空席があります。
B202652,vaccine,The vaccine is a preventive measure against infectious diseases.,ワクチンは感染症に対する予防策です。
B202653,valentine,I received a beautiful Valentine card from my secret admirer.,私は秘密の恋人から美しいバレンタインカードを受け取りました。
B202654,valid,The argument presented in the paper is valid.,論文で提示された議論は妥当です。
B202655,value,We value punctuality.,我々は時間を守ることを尊ぶ。
B202656,vanish,The magician made the rabbit vanish into thin air.,マジシャンはウサギを跡形もなく消し去った。
B202657,vanity,Her vanity knows no bounds.,彼女の虚栄心はとどまるところを知らない。
B202658,variation,"The variation in the color patterns of birds helps them [[blend into]] their environment, making it difficult for predators to spot them.",鳥の色柄のバリエーションは、環境に溶け込み、捕食者に見つかりにくくする効果があります。
B202659,varied,There are varied options to choose from.,選ぶためのさまざまなオプションがあります。
B202660,venture,He started his own venture and became a successful entrepreneur.,彼は自分のベンチャーを始めて成功した起業家になった。
B202661,venue,The venue for the concert is a large stadium.,コンサートの会場は大きなスタジアムです。
B202662,verbal,She has excellent verbal skills.,彼女は優れた言葉のスキルを持っています。
B202663,verbally,She verbally expressed her dissatisfaction with the decision.,彼女は口頭で決定に不満を表現しました。
B202664,verse,He recited a beautiful verse.,彼は美しい詩を朗読した。
B202665,verse,He likes to verse his thoughts in poetry.,彼は詩に自分の思いを詠むのが好きです。
B202666,version,This is the latest version of the software.,これはソフトウェアの最新バージョンです。
B202667,versus,The match ended with a score of 3 versus 2.,試合は3対2で終わった。
B202668,very,The very opposite is the truth.,まさにその反対が真実なのです。
B202669,veteran,He is a veteran in the field of medicine.,彼は医学の分野でのベテランです。
B202670,vibrate,The phone vibrates when I receive a message.,メッセージを受け取ると、携帯電話が振動します。
B202671,vibration,The earthquake caused a lot of vibration in the area.,地震がその地域でたくさんの震えを引き起こしました。
B202672,viewer,The viewer watched the TV.,視聴者はテレビを観ました。
B202673,vigor,She tackled the project with great vigor.,彼女は精力的にこのプロジェクトに取り組んだ。
B202674,vigorous,He is a vigorous athlete who trains every day.,彼は毎日トレーニングをする精力的なアスリートです。
B202675,vigorously,He vigorously pursued his dreams.,彼は精力的に夢を追い求めた。
B202676,villa,I spent my vacation in a beautiful villa in the south of France.,私はフランス南部の美しい別荘で休暇を過ごしました。
B202677,villager,The villager greeted me with a warm smile.,村人は温かい笑顔で私に挨拶した。
B202678,vinegar,I like to use vinegar in my salad dressings.,私はサラダドレッシングに酢を使うのが好きです。
B202679,violate,He was arrested for violating the law.,彼は法律を破ったことで逮捕された。
B202680,virtual reality,Virtual reality allows users to experience a simulated world.,仮想現実はユーザーがシミュレートされた世界を体験することを可能にします。
B202681,virtually,He virtually lives at the office; he’s there from morning until late at night.,彼は事実上オフィスに住んでいるようなものだ。朝から夜遅くまでそこにいるからね。
B202682,virtue,1. Honesty is a virtue that should be valued.,正直は尊重されるべき美徳です。
B202683,visibly,The damage to the car was visibly evident.,車の損傷は目に見えて明らかでした。
B202684,vital,Regular exercise is vital for maintaining good health.,定期的な運動は健康を維持するために不可欠です。
B202685,vitamin,I take a vitamin supplement every morning.,毎朝、ビタミンのサプリメントを摂取しています。
B202686,vocalist,She is a talented vocalist.,彼女は才能ある歌手です。
B202687,volunteer,They are in need of volunteers.,彼らはボランティアを必要としている。
B202688,vomit,Get rid of this vomit yourself!,この嘔吐物を取り除きなさい。
B202689,voter,The voter turnout in the election was higher than expected.,選挙の投票者数は予想よりも高かった。
B202690,vow,She made a vow to always be there for her best friend.,彼女は常に親友のそばにいると誓いました。
B202691,wage,The minimum wage in this country is $15 per hour.,この国の最低賃金は時給15ドルです。
B202692,waist,I have a pain in my waist.,腰が痛いです。
B202693,waistcoat,He wore a stylish waistcoat to the party.,彼はパーティーにおしゃれなチョッキを着ていました。
B202694,wait,The wait seemed interminable.,待ち時間は果てしなく長く感じられました。
B202695,walkabout,I went on a walkabout in the Australian Outback.,私はオーストラリアの奥地でウォークアバウト（放浪の旅）をした。
B202696,walker,I saw a walker in the park.,私は公園で歩く人を見ました。
B202697,wallboard,I need to buy some wallboard for the renovation.,リノベーションのために壁張り用材を買わなければなりません。
B202698,walnut,I used a nutcracker to crack open the walnuts.,私はくるみを割るためにくるみ割りを使いました。
B202699,want,There is a want of honesty in this society.,この社会には誠実さが欠けている。
B202700,warship,The warship sailed across the ocean.,軍艦が海を航行しました。
B202701,wartime,"During the wartime, many families were separated due to military service.",戦時中、多くの家族が軍務により離れ離れになりました。
B202702,wasp,I saw a wasp in the garden.,私は庭でスズメバチを見ました。
B202703,water,I watered the plants in my garden.,私は庭の植物に水をかけました。
B202704,waterproof,"This jacket is waterproof, so you can wear it in the rain.",このジャケットは防水なので、雨の中でも着ることができます。
B202705,weaken,Exercise can weaken your immune system if done excessively.,過度に運動すると免疫系が弱まることがあります。
B202706,weakly,She exercises weakly.,彼女は弱々しく運動します。
B202707,wealthy,She comes from a wealthy family.,彼女は裕福な家庭の出身です。
B202708,wearisome,The long and repetitive task was wearisome.,長くて繰り返される仕事はうんざりさせるものだった。
B202709,weary,I felt weary after a long day at work.,仕事の長い一日の後、私は疲れを感じました。
B202710,weave,The tapestry on the wall is made of arras weave.,壁にかかっているタペストリーはアラス織りで作られています。
B202711,wed,I am getting wed next month.,私は来月結婚します。
B202712,weed,I need to pull out the weeds in my garden.,私は庭の雑草を抜かなければなりません。
B202713,welcome,Welcome to our hotel!,私たちのホテルへようこそ！
B202714,welfare,He is working for social welfare.,彼は社会福祉のために働いている。
B202715,well-balanced,She maintains a well-balanced diet to stay healthy.,彼女は健康を保つためにバランスの取れた食事を摂っています。
B202716,well‐built,The house is well-built.,その家はしっかりした造りです。
B202717,well-organized,She gave a well-organized presentation at the conference.,彼女は会議でよく整理されたプレゼンテーションを行った。
B202718,well-paid,He has a well-paid job.,彼は高給の仕事を持っています。
B202719,western,I love watching western movies.,私は西洋の映画を見るのが好きです。
B202720,wheat,Wheat is a staple crop in many countries.,小麦は多くの国で主要な作物です。
B202721,whereas,"She is very outgoing, whereas her sister is shy.",彼女はとても社交的だが、彼女の姉は内向的だ。
B202722,whichever,"Whichever wins, I'll be happy.",どっちが勝っても嬉しい。
B202723,whip,The rain whipped against the window.,雨が窓を打った。
B202724,whiskey,I enjoy sipping on a glass of whiskey in the evening.,夜に一杯のウイスキーをゆっくりと味わうのが好きです。
B202725,whisper,She leaned in close to whisper in his ear.,彼女は彼の耳元でささやくために近づいた。
B202726,whistle,He whistled for his dog.,彼は口笛を吹いて犬を呼んだ。
B202727,widen,The road was widened to accommodate more traffic.,道路は交通量を増やすために広げられました。
B202728,widow,She became a widow at a young age.,彼女は若くして未亡人になった。
B202729,width,The width of the table is 120 centimeters.,テーブルの幅は120センチメートルです。
B202730,wilderness,The wilderness is a vast and untamed land.,荒野は広大で手つかずの土地です。
B202731,will,I will go to the party tomorrow.,明日、パーティーに行きます。
B202732,willing,I am willing to help you with your project.,私はあなたのプロジェクトを手伝うことを喜んでします。
B202733,willingly,She willingly helped her friend move to a new apartment.,彼女は喜んで友達の引っ越しを手伝いました。
B202734,win,The result of the vote was a win for the Liberals.,投票の結果は自由党の勝利だった。
B202735,wind,The path winds through the forest.,道は森を曲がりくねって進む。
B202736,winding,The road through the mountains is winding.,山道はうねっています。
B202737,windshield,I need to replace the cracked windshield on my car.,私は車の割れたフロントガラスを交換する必要があります。
B202738,wink,As quick as a wink.,まばたきのように素早い。
B202739,wipe,Please wipe the table with a cloth.,テーブルを布でふいてください。
B202740,wire,She wired she was coming soon.,彼女はすぐ行くと電報を打った。
B202741,wit,She is known for her quick wit.,彼女は機知に富んでいることで知られています。
B202742,withdraw,I need to withdraw some money from the bank.,私は銀行からお金を引き出す必要があります。
B202743,withdrawal,The country announced a complete withdrawal of its troops from the region.,その国はその地域からの完全な軍隊の撤退を発表しました。
B202744,witness,I was a witness to the accident.,私はその事故の目撃者でした。
B202745,witty,She always has a witty remark for every situation.,彼女は常にどんな状況にも機知に富んだコメントを持っています。
B202746,wolf,The wolf howled at the moon.,オオカミは月に向かって遠吠えした。
B202747,wondrous,The view from the top of the mountain was wondrous.,山の頂上からの景色は素晴らしかったです。
B202748,woodcarving,Woodcarving is a traditional art form that involves carving designs and figures out of wood.,木彫りは、木材からデザインや人物像を彫り出す伝統的な芸術形態です。
B202749,wordlessly,"Feeling a shared sense of grief, they exchanged glances wordlessly, understanding each other's pain without needing to speak.",悲しみを共有した2人は、言葉を交わすことなく視線を交わし、話すまでもなく互いの痛みを理解した。
B202750,workaholic,"Feeling exhausted but still energized by the project, she set out on another workaholic weekend, determined to crack the final hurdle.",疲労困憊しながらも、このプロジェクトにエネルギーを感じていた彼女は、最後の難関を突破しようと決意し、またもや仕事中毒な週末を過ごした。
B202751,workbench,He spent hours working at the workbench.,彼は何時間も仕事台で働いていました。
B202752,workman,The workman repaired the broken machine.,作業員は壊れた機械を修理しました。
B202753,worktable,I need to clean my worktable before starting a new project.,新しいプロジェクトを始める前に、仕事台を掃除しなければなりません。
B202754,worldly,She has a worldly perspective on life.,彼女は人生に対して世俗的な視点を持っています。
B202755,worldview,Her artwork reflects her unique worldview.,彼女の作品は彼女独自の世界観を反映しています。
B202756,worldwide,The movie became a worldwide sensation.,その映画は全世界に知れ渡った。
B202757,worm,I saw a worm crawling on the ground.,私は地面を這っている虫を見ました。
B202758,worn-out,The old shoes were worn-out and no longer comfortable to wear.,古い靴は擦り切れていて、もう履き心地が悪かった。
B202759,worrying,Having too many responsibilities can be worrying.,責任が多すぎると悩みの種になることがあります。
B202760,worse,His condition changed for the worse.,彼の容体が悪化した。
B202761,worsen,The heavy rain worsened the flooding in the area.,激しい雨がその地域の洪水をさらに悪化させました。
B202762,worship,They attended worship.,彼らは礼拝式に参加した。
B202763,worst,He behaved worst at the party.,彼はパーティーでいちばんひどく振る舞った。
B202764,worthless,He felt worthless after failing the exam.,彼は試験に失敗した後、自分自身が価値のない存在だと感じた。
B202765,wound,He was wounded by a bullet.,彼は弾丸で負傷した。
B202766,wreck,He identified the wreck of the Titanic.,彼は「タイタニック号」の残骸を確認した。
B202767,wrongly,He was wrongly accused of stealing.,彼は不当に窃盗の罪で告発された。
B202768,X-ray,I need to get an X-ray of my broken arm.,私は折れた腕のX線を撮る必要があります。
B202769,yacht,I went sailing on a luxurious yacht.,私は豪華なヨットでセーリングに行きました。
B202770,yawn,I suppressed a yawn.,私はあくびをかみ殺した。
B202771,yawn,I couldn't help but yawn during the boring lecture.,つまらない講義中、ついあくびをしてしまった。
B202772,yearn,I yearn to travel the world and experience new cultures.,私は世界を旅して新しい文化を体験したいとあこがれています。
B202773,yell,He yelled at me for being late.,彼は遅刻した私を怒鳴りつけた。
B202774,yield,The farmer's hard work yielded a bountiful harvest.,農夫の努力が豊かな収穫をもたらした。
B202775,youthful,She has a youthful appearance.,彼女は若々しい外見をしています。
B202776,yummy,This cake is so yummy!,このケーキはとてもおいしいです！
B202777,zebra,I saw a zebra at the zoo.,私は動物園でシマウマを見ました。
B202778,zip,I heard the zip of the bullet as it flew past.,私は弾丸が飛び去る音を聞いた。
B202779,zoom,The plane began to zoom upwards.,飛行機は急上昇し始めました。
