id,word,example_en,example_ja
B100001,abandon,The crew abandoned the ship.,乗組員は船を放棄した。
B100002,able,He was not able to open the box.,彼はその箱を開けることができなかった。
B100003,abnormal,The test results showed abnormal levels of chemicals in the water.,試験結果は、水中の化学物質の異常なレベルを示しました。
B100004,aboard,"The bus fell off the cliff, killing all 10 aboard.",バスが崖から転落し、乗っていた１０名全員が死亡した。
B100005,aborigine,The aborigine tribes have lived in this area for thousands of years.,この地域には原住民の部族が何千年も住んでいます。
B100006,above,The above statement is true.,前述の声明は真実です。
B100007,absence,You have to account for your absence.,君は欠席の理由を説明しなければならない。
B100008,absent,John was absent from school yesterday.,ジョンは昨日、学校を欠席した。
B100009,absolute,That's absolute nonsense!,それは全く馬鹿げた話だ。
B100010,absolutely,You are absolutely right.,全くおっしゃる通りです。
B100011,absorb,Plants absorb sunlight to perform photosynthesis.,植物は光合成を行うために太陽光を吸収します。
B100012,abstract,The concept of love is quite abstract.,愛の概念はかなり抽象的です。
B100013,abundance,The orchard yielded an abundance of apples this year.,その果樹園は今年、りんごをあり余るほどたくさん実らせました。
B100014,abundant,This region is known for its abundant natural resources.,この地域は豊富な自然資源で知られています。
B100015,academic,The academic atmosphere in this university is very stimulating.,この大学の校風はとても刺激的です。
B100016,academy,She graduated from the academy with honors.,彼女は学士院を優秀な成績で卒業しました。
B100017,accent,She speaks English with a foreign accent.,彼女は外国なまりのある英語を話す。
B100018,acceptance,Her acceptance of the award was met with applause.,彼女の受賞の受け入れは拍手で迎えられました。
B100019,access,A bridge gives access to the island.,橋でその島へ渡れるようになっている。
B100020,accessible,This airport is easily accessible by bus.,この空港はバスで楽に行けます。
B100021,accessory,The shop sells expensive accessories for women.,その店では女性用の高価なアクセサリーを売っている。
B100022,accidental,Columbus' discovery of America was accidental.,コロンブスがアメリカを発見したのは、偶然だった。
B100023,accidentally,I accidentally dropped my phone in the pool.,誤って携帯電話をプールに落としてしまいました。
B100024,accompany,I'll accompany you to the airport.,空港までお伴しましょう。
B100025,accomplish,This plan is impossible to accomplish.,この計画は達成不可能だ。
B100026,according to,"According to the weather forecast, it will rain tomorrow.",天気予報によると、明日は雨が降るそうです。
B100027,account,You have to account for the result.,君はその結果を説明しなければならない。
B100028,accountant,The accountant made a misstatement in the financial report.,会計士は財務報告書で誤った陳述をしました。
B100029,accuracy,The accuracy of this machine is impressive.,この機械の精度は素晴らしい。
B100030,accurate,The information provided by the research team was accurate.,研究チームから提供された情報は正確でした。
B100031,accurately,He accurately described what happened there.,彼はそこで起きたことを正確に描写した。
B100032,accuse,He was accused of stealing the necklace.,彼はネックレスを盗んだと告発されました。
B100033,accustom,You need to accustom yourself to the new environment.,新しい環境に慣れる必要があります。
B100034,ache,I have a dull ache here.,ここに鈍痛があります。
B100035,achievement,His achievement in the field of science is remarkable.,科学の分野における彼の功績は目覚ましい。
B100036,acknowledge,I acknowledge that I made a mistake.,私は自分が間違いを犯したことを認めます。
B100037,acknowledgment,Your acknowledgment of your mistake is the first step towards improvement.,あなたが自分の間違いを認めることは、改善への最初のステップです。
B100038,acquaintance,I bumped into an old acquaintance at the supermarket yesterday.,昨日、スーパーマーケットで昔の知り合いに偶然会った。
B100039,acquire,The company plans to acquire a new software to improve their system.,その会社は、システムを改善するために新しいソフトウェアを取得する予定です。
B100040,act,The spy was caught in the act of espionage.,そのスパイはスパイ活動中に捕まった。
B100041,active,She is an active member of the community.,彼女はコミュニティの活動的なメンバーです。
B100042,actress,The actress received a standing ovation for her performance.,その女優は彼女の演技に対してスタンディングオベーションを受けました。
B100043,ad,I saw an interesting ad in the newspaper today.,今日、新聞で面白い広告を見ました。
B100044,adapt,We need to adapt our strategies to the changing market conditions.,私たちは、変化する市場状況に対応するために、戦略を適応させる必要があります。
B100045,address,The government is taking action to address human rights abuse in the country.,政府は国内の人権侵害に対処するための措置を取っています。
B100046,addressee,Please ensure that the addressee receives this letter.,この手紙が受信人に確実に届くようにしてください。
B100047,administration,The administration of this company is very efficient.,この会社の管理は非常に効率的です。
B100048,admiration,His unwavering dedication to his work is truly worthy of admiration.,彼の仕事への揺るぎない献身は本当に賞賛に値する。
B100049,admission,The museum offers free admission to students on weekends.,週末には、学生は無料でその博物館に入場できる。
B100050,adopt,Many companies are looking to adopt innovative technologies to improve their services.,多くの企業が、サービスを改善するために革新的な技術を採用することを検討しています。
B100051,adorable,It’s so adorable.,とても可愛らしいですね。
B100052,advance,We need to advance our plans for the project.,私たちはプロジェクトの計画を進める必要があります。
B100053,adverb,Some English adverbs function as adjectives.,英語の副詞の中には形容詞の役目をするものがある。
B100054,adverbial,Adverbial time clauses (here 'when') write about the future in the present tense.,時の副詞節(ここではwhen)は、未来のことがらを現在時制で表します。
B100055,advert,I saw an advert for a new car on TV.,テレビで新しい車の広告を見ました。
B100056,advertise,We need to advertise our new product to increase sales.,私たちは新製品を広告して売上を増やす必要があります。
B100057,adviser,My adviser gave me some valuable advice for my future career.,私の忠告者は、私の将来のキャリアに対して貴重なアドバイスをくれました。
B100058,aerobics,She goes to aerobics once a week.,彼女は週に１回エアロビクスをやっている。
B100059,affect,The heavy rain affected the traffic.,激しい雨が交通に影響を与えました。
B100060,affection,She is hungry for affection.,彼女は愛情に飢えている。
B100061,afford,I can't afford to buy a new car.,私は新しい車を買う余裕がありません。
B100062,after,"After I finish my homework, I will watch TV.",宿題を終えたら、テレビを見ます。
B100063,afterward,I will clean the house afterward.,私はあとで家を掃除します。
B100064,agenda,Please make sure to review the agenda before the meeting.,会議前に必ず議題を確認してください。
B100065,aggressive,The fight between the two teams was aggressive.,2つのチーム間の戦いは激しかった。
B100066,agreement,They reached an agreement on the terms of the contract.,彼らは契約条件に合意しました。
B100067,agricultural,The agricultural sector plays a vital role in the country's economy.,農業部門は、国の経済において重要な役割を果たしています。
B100068,agriculture,Agriculture plays a vital role in the economy of many countries.,農業は多くの国々の経済で重要な役割を果たしています。
B100069,aid,The Red Cross provides aid to disaster victims.,赤十字は災害被災者に援助を提供しています。
B100070,aid,We aided him with money.,私達はお金を出してあげて彼を援助した。
B100071,aim,My aim is to become a successful entrepreneur.,私の目標は、成功した起業家になることです。
B100072,air-conditioning,The air-conditioning in this room is very efficient.,この部屋のエアコンは非常に効率的です。
B100073,air force,My brother is serving in the air force.,私の兄は空軍で勤務しています。
B100074,airline,I booked my flight with a popular airline.,私は人気のある航空会社でフライトを予約しました。
B100075,alarm,They were alarmed at the news.,彼らはその知らせを聞いてびっくりした。
B100076,alcohol,He decided to quit drinking alcohol for his health.,彼は健康のためにアルコールを飲むのをやめることに決めました。
B100077,alcoholic,He never touches alcoholic drinks.,彼は、いっさいアルコールは口にしない。
B100078,alike,"Despite their differences, the two paintings are very much alike.",それらの違いにもかかわらず、その2つの絵は非常に似ています。
B100079,alike,The three sisters look very much alike.,その三姉妹はとても似ている。
B100080,allergic,I'm allergic to fish.,私は魚アレルギーです。
B100081,allowance,The government has decided to increase the allowance for low-income families.,政府は低所得家庭への割り当てを増やすことを決定しました。
B100082,aloud,She read the book aloud to her younger brother.,彼女は弟に声を出して本を読んで聞かせた。
B100083,alphabet,The English alphabet consists of 26 letters.,英語のアルファベットは26文字から成り立っています。
B100084,alternative,You have to make an alternative choice between studying abroad or finding a job.,あなたは留学するか仕事を見つけるかという二者択一の選択をしなければなりません。
B100085,alternative,We would have a wide range of alternatives.,我々は幅広い選択肢を持っている。
B100086,altogether,That is not altogether bad.,それは決して悪いことではない。
B100087,amazed,I was amazed at the results.,私はその結果に仰天した。
B100088,amazing,The view from the top of the mountain was truly amazing.,山の頂上からの眺めは本当に驚くべきものだった。
B100089,ambitious,He was ambitious of success in business.,彼は実業家として成功したいと熱望していた。
B100090,ambulance,The ambulance arrived quickly after the accident.,事故の後すぐに救急車が到着しました。
B100091,amount,The total amount comes to $500.,合計金額は500ドルになります。
B100092,amusing,The comedian's jokes were so amusing that the audience couldn't stop laughing.,そのコメディアンのジョークはとてもおもしろかったので、観客は笑いが止まらなかった。
B100093,analysis,The analysis of the data revealed some interesting trends.,データの分析がいくつかの興味深いトレンドを明らかにした。
B100094,analyze,We need to analyze the current situation to make the best decision.,最善の決定を下すためには、現状を分析する必要があります。
B100095,anger,His anger was evident in his tone.,彼の怒りは彼の口調に明らかだった。
B100096,angle,One of the angles of the triangle is 90 degrees.,三角形の 1 つの角は 90 度です。
B100097,animated,The animated expression on her face showed her excitement.,彼女の顔の生き生きとした表情は、彼女の興奮を示していました。
B100098,animation,The animation in the room was palpable as everyone eagerly awaited the announcement.,皆が発表を熱心に待っているとき、部屋の活気は手に取るように感じられました。
B100099,announce,The company will announce its annual financial results next week.,その会社は来週、年間の財務結果を発表する予定です。
B100100,announcement,The company made an announcement about the new product launch.,その会社は新製品の発売についての発表をしました。
B100101,annoyance,He answered with a look of annoyance.,彼は苛立った顔をして答えた。
B100102,annoyed,I was annoyed by the constant noise outside.,私は外の絶え間ない騒音にイライラしました。
B100103,annual,The athletic meet is an annual event.,その運動会は毎年行われる行事だ。
B100104,annually,The conference takes place annually.,その会議は毎年開催される。
B100105,ant,The ant is carrying a piece of food back to its colony.,アリは食べ物の一部をコロニーに運んでいます。
B100106,anti,The anti-war movement gained momentum in the 1960s.,反戦運動は1960年代に勢いを増した。
B100107,antique,This table is a priceless antique.,このテーブルは貴重な骨董品だ。
B100108,antonym,Hot and cold are antonyms.,Hotとcoldは反意語です。
B100109,anxiety,I struggle with anxiety every day.,私は毎日不安に苦しんでいます。
B100110,anxiously,She waited anxiously for her test results.,彼女はテストの結果を心配して待っていました。
B100111,anyhow,"Anyhow, we must finish this task before the deadline.",何としても、締め切り前にこのタスクを終えなければなりません。
B100112,ape,The ape was swinging from tree to tree.,猿は木から木へと飛び移っていました。
B100113,apology,I must make an apology to her.,私は彼女に謝らなければならない。
B100114,apparent,Her disappointment was apparent to everyone.,彼女の失望は誰の目にも明白だった。
B100115,appeal,There was a look of appeal in her eyes.,彼女の目には訴えるような表情があった。
B100116,appetite,My appetite has decreased significantly since I started this new diet.,この新しいダイエットを始めてから、私の食欲は大幅に減少しました。
B100117,applaud,The audience began to applaud when the performance ended.,パフォーマンスが終わったとき、観客は拍手喝采を始めました。
B100118,applause,His great performance drew thundering applause from the audience.,彼の名演技に観客はやんやの喝采を送った。
B100119,application,Jane filled out an application.,ジェーンは申込書に必要事項を書き入れた。
B100120,appoint,The company will appoint a new CEO next month.,会社は来月、新しいCEOを任命する予定です。
B100121,appreciation,Your appreciation of the situation is accurate.,状況に対するあなたの認識は正確です。
B100122,approach,Let's try another approach to the matter.,その問題に別な取り組み方をしてみよう。
B100123,approval,Her approval meant a lot to me.,彼女の承認は私にとって非常に大きな意味があった
B100124,approve,The committee approved the budget.,委員会は予算を承認した。
B100125,approximately,I have approximately five hundred books in my library.,私の図書館には約500冊の本があります。
B100126,architect,My brother is studying to become an architect.,私の兄は建築家になるために勉強しています。
B100127,arise,"If any problems arise, please contact me immediately.",何か問題が起こったら、すぐに私に連絡してください。
B100128,arithmetic,I find arithmetic to be a fascinating subject.,私は算数が魅力的な科目だと思います。
B100129,arm,He wrapped a bandage around his forearm to arm himself in advance.,彼は前もって武装するために腕に包帯を巻いた。
B100130,army,The army is preparing for the upcoming battle.,陸軍は、今後の戦闘のために準備をしています。
B100131,arrange,Please arrange the books on the shelf in alphabetical order.,本をアルファベット順に棚に並べてください。
B100132,arrangement,I need to make an arrangement of my documents before the meeting.,会議前に私の書類の整理をしなければなりません。
B100133,arrest,The police were able to subdue the suspect and make an arrest.,警察は容疑者を制圧し、逮捕することができました。
B100134,arrest,The police had to arrest him for his involvement in the robbery.,彼が強盗事件に関与していたため、警察は彼を逮捕しなければならなかった。
B100135,arrival,The arrival of the train was delayed due to bad weather.,悪天候のため、列車の到着が遅れました。
B100136,arrow,He shot an arrow at the target.,彼は的に矢を射た。
B100137,artist,The artist spent many years perfecting his craft.,その芸術家は自分の技術を磨くために何年も費やした。
B100138,artistic,The artistic design of the building is truly breathtaking.,その建物の芸術的なデザインは本当に息をのむほどです。
B100139,ashamed,I felt ashamed of my behavior.,私は自分の行動に恥ずかしさを感じました。
B100140,aside,He stepped aside to let her pass.,彼は彼女が通るためにわきへと一歩退いた。
B100141,aspect,This new product outperforms the old model in every aspect.,この新製品は、あらゆる点で旧型よりも優れている。
B100142,aspirin,I usually take an aspirin when I have a headache.,頭痛がするときは普通、アスピリンを飲みます。
B100143,assign,I will assign you a new task.,新しいタスクをあなたに割り当てます。
B100144,assignment,When will your assignment be completed?,君の宿題はいつ終わりますか。
B100145,assist,I will assist you in completing your project.,私はあなたがプロジェクトを完成させるのを手伝います。
B100146,assistance,I need your assistance to complete this project.,このプロジェクトを完成させるために、あなたの助けが必要です。
B100147,assistant,The assistant is preparing the documents for the meeting.,助手が会議のための書類を準備しています。
B100148,associate,I associate the smell of fresh baked cookies with my grandmother.,焼きたてのクッキーの香りは祖母を連想させます。
B100149,assume,I assume you are coming to the party tonight.,あなたが今夜パーティーに来ると思っています。
B100150,astronomer,The astronomer spent his entire night observing the stars.,その天文学者は一晩中星を観察して過ごした。
B100151,athletic,He is very athletic and excels in various sports.,彼は運動能力が非常に高く、様々なスポーツで優れています。
B100152,Atlantic,The Atlantic Ocean is known for its vastness and depth.,大西洋はその広大さと深さで知られています。
B100153,atmosphere,The atmosphere in the room was tense.,部屋の雰囲気は緊張していた。
B100154,atomic,The atomic structure of the material was complex.,その物質の原子構造は複雑だった。
B100155,attach,Please attach the document to the email.,メールにドキュメントを添付してください。
B100156,attachment,Please check the attachment for more details.,詳細は添付ファイルをご確認ください。
B100157,attain,"With hard work and dedication, you can attain your goals.",努力と献身で、あなたは目標を達成することができます。
B100158,attempt,I will attempt to finish the project by tomorrow.,私は明日までにプロジェクトを終えることを試みます。
B100159,attend,I will attend the meeting tomorrow.,私は明日、会議に出席します。
B100160,attract,I'm attracted to him.,私は彼に惹かれている。
B100161,attraction,"His attraction lies in his character, not his looks.",彼の魅力はルックスではなく性格だ。
B100162,authority,The mayor has the authority to make decisions for the city.,市長には市の決定を下す権限があります。
B100163,auxiliary,The teacher provided auxiliary materials to help the students understand the lesson.,先生は補助教材を提供して、生徒たちが授業を理解するのを助けました。
B100164,available,The room is available for rent.,その部屋は賃貸で利用できます。
B100165,avenue,The avenue leading from the gate to the house was lined with beautiful trees.,門から家へと続く並木道には美しい木々が並んでいた。
B100166,award,The film was awarded the best picture at the festival.,その映画は、フェスティバルで最優秀作品賞を受賞しました。
B100167,aware,I was not aware of the changes until now.,今までその変更に気づかなかった。
B100168,awareness,Push marketing attempts to build awareness of a product among the general population.,プッシュ・マーケティングは、一般消費者の間で製品の認知度を高めようとするものである。
B100169,awesome,The view from the top of the mountain was absolutely awesome.,山の頂上からの景色は本当に畏敬の念を起こさせるものだった。
B100170,awkward,He felt awkward standing alone in the crowded room.,彼は混雑した部屋で一人立っているのが気まずかった。
B100171,babysit,I am supposed to babysit the children tonight.,私は今夜子供たちの子守りをすることになっています。
B100172,babysitter,"My neighbor's daughter, a high school student, works part-time as a babysitter.",私の隣人の娘の高校生は、アルバイトとしてベビーシッターをしています。
B100173,back,She managed to back up through the narrow driveway.,彼女はその狭いドライブウェイを何とかバックで通り抜けた。
B100174,backache,I have been suffering from a severe backache since yesterday.,私は昨日からひどい背の痛みに苦しんでいます。
B100175,backpack,I always carry my laptop in my backpack.,私はいつもバックパックにラップトップを入れて持ち歩いています。
B100176,backpacker,He has been traveling around different countries as a backpacker.,彼はバックパッカーとしていろいろな国を旅して回っています。
B100177,backpacking,I stayed at a hostel during my backpacking trip.,私はバックパッキング旅行中にホステルに泊まりました。
B100178,bacon,I love the crispy texture of bacon.,私はベーコンのパリパリした食感が大好きです。
B100179,baggage,My baggage is missing.,私の荷物が見つからないんです。
B100180,baker,The baker is preparing fresh bread early in the morning.,パン屋は早朝から新鮮なパンを準備しています。
B100181,bakery,I bought a delicious loaf of bread from the local bakery.,私は地元のパン製造所から美味しいパンを買いました。
B100182,balance,The balance of nature is very fragile.,自然界のバランスはとてもこわれやすい。
B100183,bald,My uncle is bald.,私のおじさんははげています。
B100184,bandage,I need a bandage for my wound.,私の傷には包帯が必要です。
B100185,bang,The loud bang startled me.,その大きな音に驚いた。
B100186,bang,He banged the door in anger.,彼は怒ってドアをばたんと閉めた。
B100187,bank account,I need to deposit some money into my bank account.,私は自分の銀行勘定にいくらかのお金を預ける必要があります。
B100188,bar,The heavy rain will likely bar our plans for a picnic.,大雨が私たちのピクニックの計画を妨げる可能性が高いです。
B100189,barbecue,Dad was outside barbecuing in the yard.,父が外の庭でバーベキューをしていた。
B100190,bare,"The baby was sleeping soundly, bare and innocent.",赤ちゃんは、裸で無邪気なまま、ぐっすりと眠っていました。
B100191,barely,I barely managed to catch the last train.,私はかろうじて最後の電車に乗ることができました。
B100192,bark,The loud bark of the dog startled me.,犬の大きな吠え声にびっくりしました。
B100193,barman,The barman mixed a delicious cocktail for me.,バーテンダーが私に美味しいカクテルを作ってくれました。
B100194,barrel,The wine was aged in a large oak barrel.,そのワインは大きなオークのたるで熟成されました。
B100195,base,The story is based on fact.,その物語は事実に基づいている。
B100196,basement,I found an old photo album in the basement.,地階で古い写真アルバムを見つけました。
B100197,basin,Please fill the basin with water.,たらいに水を入れてください。
B100198,basis,The basis of his argument was fundamentally flawed.,彼の議論の基礎は根本的に欠陥があった。
B100199,bat,I saw a bat flying in the night sky.,夜空を飛ぶコウモリを見ました。
B100200,bathe,"Every evening, I bathe my children before they go to bed.",毎晩、子供たちが寝る前に入浴させます。
B100201,battle,The battle was fierce and lasted for hours.,その戦闘は激しく、何時間も続いた。
B100202,beard,He decided to grow a beard.,彼はひげを生やすことに決めました。
B100203,beast,The beast in the forest was actually a harmless animal.,森の中の獣は実は無害な動物だった。
B100204,beat,He beat the drum continuously.,彼は連続してドラムをたたいた。
B100205,beautifully,The sun sets beautifully over the horizon.,太陽が美しく地平線に沈む。
B100206,because of,The train was delayed because of snow.,列車は雪のために遅れた。
B100207,bedside,She came hurrying to his bedside.,彼女は急いで彼の病床へ駆けつけた。
B100208,behalf,I am speaking on behalf of my friend.,私は友人の味方として話しています。
B100209,behave,You should behave properly in public places.,公共の場所では適切に振る舞うべきです。
B100210,belief,His belief in himself has led him to success.,彼自身への信念が彼を成功に導いた。
B100211,beloved,My beloved cat is always by my side.,私の最愛の猫はいつも私のそばにいます。
B100212,beneath,The cat is sleeping peacefully beneath the old oak tree.,その猫は古いオークの木の下で平和に眠っています。
B100213,benefit,Regular exercise has many benefits for our health.,定期的な運動は私たちの健康に多くの利益をもたらします。
B100214,bent,Grandmother is bent double with age.,祖母は老齢で腰がくの字に曲がっている。
B100215,besides,"Besides studying, I also work part-time.",勉強に加えて、私はアルバイトもしています。
B100216,bet,I wouldn't bet on his success in the competition.,私は彼が大会で成功することに賭けるつもりはない。
B100217,bilingual,My cousin is bilingual; she can speak both English and Spanish fluently.,私のいとこはバイリンガルで、英語とスペイン語を流暢に話すことができます。
B100218,bill,Please bill us separately.,別々に払います。
B100219,bin,The farmer stored the harvested wheat in a large bin.,農家は収穫した小麦を大きなふたつきの箱に保存した。
B100220,biochemistry,I am studying biochemistry at the university.,私は大学で生化学を勉強しています。
B100221,biography,I am currently reading a fascinating biography of Albert Einstein.,私は現在、アルベルト・アインシュタインの興味深い伝記を読んでいます。
B100222,biology,I am studying biology to understand the complexity of life.,私は生命の複雑さを理解するために生物学を勉強しています。
B100223,bishop,The bishop delivered a powerful sermon at the church.,その主教は教会で力強い説教を行った。
B100224,bite,The dog tried to bite the intruder.,その犬は侵入者に噛みつこうとした。
B100225,bitter,This coffee is too bitter.,このコーヒーはにがすぎます。
B100226,blame,He tried to put the blame on me.,彼は私に責任を押し付けようとした。
B100227,bleed,I cut my finger and it started to bleed.,私は指を切って出血し始めました。
B100228,blend,The artist skillfully blends the colors to create a beautiful painting.,アーティストは色を巧みに混ぜ合わせて美しい絵を作り出します。
B100229,bless,May God bless you with good health and happiness.,神があなたに健康と幸せを授けてくれますように。
B100230,blessing,"They knelt in the church, offering a prayer for God's blessing.",彼らは教会でひざまずき、神の祝福を求める祈りを捧げました。
B100231,blind,The blind man crossed the street with the help of his guide dog.,その目の見えない男性は、盲導犬の助けを借りて通りを渡りました。
B100232,block,The police blocked the road.,警察が道路を封鎖した。
B100233,blog,I write a new blog post every week.,私は毎週新しいブログ記事を書きます。
B100234,blogger,I'm a bit down because a blogger friend of mine has decided to stop blogging.,友達のブロガーがブログ閉鎖を決心したので、私は少し落ち込んでいる。
B100235,blush,She turned away to hide her blushes.,彼女は恥じらいの色を隠すために顔をそむけた。
B100236,board,We boarded the ship.,私達は乗船した。
B100237,boast,He always boasts about his achievements at work.,彼はいつも仕事での成果を自慢します。
B100238,bold,He made a bold decision to quit his job and start his own business.,彼は自分の仕事を辞めて自分のビジネスを始めるという大胆な決定をしました。
B100239,boldly,He boldly asked her for a dance.,彼は大胆に彼女にダンスを求めました。
B100240,bomb,The police found a bomb in the abandoned building.,警察は放棄された建物で爆弾を見つけました。
B100241,bomb,Our town was bombed twice this week.,私達の街は今週２回爆撃を受けた。
B100242,bond,The bond between us is unbreakable.,私たちの間の絆は壊れない。
B100243,book,I booked a flight to Tokyo.,東京へのフライトを予約しました。
B100244,booking,I made a booking for a table at the restaurant.,私はレストランのテーブルの予約をしました。
B100245,boom,The sudden boom in the economy has led to an increase in job opportunities.,急激な経済のブームが、雇用機会の増加につながっている。
B100246,boot,I need to buy a new pair of boots for the winter.,冬に新しいブーツを買わなければなりません。
B100247,border,The soldiers patrolled the border to ensure security.,兵士たちはセキュリティを確保するために国境を巡回した。
B100248,bore,This novel bores me.,この小説は退屈だ。
B100249,boredom,I always feel a sense of boredom when I have nothing to do.,何もすることがない時はいつも退屈を感じます。
B100250,bother,What is all this bother about?,この騒ぎはどうしたの。
B100251,bounce,The ball will bounce when it hits the ground.,ボールは地面に当たるとはずみます。
B100252,bound,The train is bound for Tokyo.,その電車は東京行きです。
B100253,bow,He learned how to shoot a bow.,彼は弓を射る方法を学びました。
B100254,bowl,I bowl every weekend.,週末はいつもボウリングをしています。
B100255,boxing,He has been training in boxing for years.,彼は何年もボクシングのトレーニングをしています。
B100256,bracelet,This bracelet is more expensive than that one.,このブレスレットはあれよりも高価だ。
B100257,brainstorming,We had a productive brainstorming session yesterday.,昨日、私たちは生産的なブレストセッションを行いました。
B100258,branch,The waterways branch out across the plain.,平野を横切って水路が枝分かれしている。
B100259,brand-new,I just bought a brand-new car.,私はちょうど真新しい車を買った。
B100260,brass,The band played a lively tune on their brass instruments.,バンドは金管楽器で元気な曲を演奏しました。
B100261,bravely,She bravely faced her fears and overcame them.,彼女は勇敢に恐怖に立ち向かい、それを克服しました。
B100262,breakthrough,The scientist made a breakthrough in cancer research.,その科学者はがん研究で大きな進展を遂げました。
B100263,breast,She felt a lump in her breast and immediately went to see a doctor.,彼女は乳房にしこりを感じ、すぐに医者に診てもらいました。
B100264,breath,Take a deep breath and relax.,深呼吸をしてリラックスしてください。
B100265,breathless,She ran so fast that she was breathless.,彼女は息が切れるほどの速さで走った。
B100266,breed,She decided to breed her dog with a poodle.,彼女は自分の犬をプードルと交配することに決めました。
B100267,breeding,Breeding is an important process for the survival of species.,繁殖は種の生存にとって重要なプロセスです。
B100268,brick,He built a house using bricks.,彼はれんがを使って家を建てました。
B100269,brief,I will give you a brief overview of the project.,プロジェクトの簡単な概要をお伝えします。
B100270,briefly,He briefly explained the situation.,彼は状況を簡単に説明しました。
B100271,brightly,The sun shone brightly in the clear blue sky.,太陽が澄み切った青空に輝いていました。
B100272,broad,She has a broad knowledge of various subjects.,彼女はさまざまな科目について幅広い知識を持っています。
B100273,broadcast,Record the broadcast on tape.,その放送をテープに録音(録画)してくれ。
B100274,broccoli,I love to eat broccoli with my dinner.,夕食にブロッコリーを食べるのが大好きです。
B100275,bronze,The statue was cast in bronze.,その像はブロンズで鋳造されていた。
B100276,brotherhood,The bond of brotherhood is unbreakable.,兄弟の絆は壊れない。
B100277,bubble,The children are blowing bubbles.,子供たちがシャボン玉を吹いている。
B100278,buddy,"Hey buddy, how's it going?",やあ、調子はどうだい？
B100279,builder,The builder constructed a new house in the neighborhood.,その建築業者は近所に新しい家を建てました。
B100280,bull,The bull charged at the matador with great force.,牡牛は大きな力でマタドールに突進した。
B100281,bullet,He dodged the bullet just in time.,彼はギリギリで弾丸を避けた。
B100282,bulletin,I read the bulletin every morning to stay updated.,毎朝、最新情報を知るために掲示板を読みます。
B100283,bump,I accidentally bumped into a table.,私はうっかりテーブルにぶつかった。
B100284,bunch,I bought a bunch of flowers for my mom's birthday.,私は母の誕生日に花束を買いました。
B100285,burden,The burden of responsibility weighed heavily on his shoulders.,責任の重荷が彼の肩にのしかかった。
B100286,bureau,I found an old bureau at the antique store.,私は古いたんすをアンティークショップで見つけました。
B100287,burglar,The burglar broke into the house and stole valuable items.,夜盗が家に侵入して貴重品を盗んだ。
B100288,burn,"Don't touch the hot stove, you might burn yourself.",熱いコンロに触らないで、自分を火傷するかもしれません。
B100289,burning,A burning meteoroid produces a meteor.,燃えている宇宙空間を漂う小さな岩石や金属の塊が流れ星を作り出す
B100290,burst,The balloon burst when it hit the sharp object.,風船は鋭い物に当たった時に破裂した。
B100291,bust,The police busted the drug ring.,警察は麻薬組織を壊滅させた。
B100292,but,I like all fruits but bananas.,私はすべての果物が好きですが、バナナは除きます。
B100293,butcher,The butcher cut the meat into small pieces.,肉屋は肉を小さなピースに切りました。
B100294,buyer,The buyer was impressed with the quality of the product.,バイヤーは製品の品質に感銘を受けた。
B100295,cabbage,I love eating cabbage in my salads.,私はサラダにキャベツを入れて食べるのが大好きです。
B100296,cabin,The cabin was built with cedar wood.,その小屋はヒマラヤスギの木で建てられました。
B100297,cage,The bird is happily singing in its cage.,鳥はかごの中で楽しそうに歌っています。
B100298,calculate,I need to calculate the cost of the project.,私はプロジェクトの費用を見積もる必要があります。
B100299,calculation,I need to do some calculation for this project.,このプロジェクトのために計算をしなければなりません。
B100300,calculator,Using a calculator is an expedient way to solve complex math problems.,電卓を使うことは複雑な数学の問題を解くための便利な方法です。
B100301,calf,The farmer fed the calf with a bottle of milk.,酪農家は子牛にミルクを与えた。
B100302,caller,The caller asked for the manager.,電話をかけた人はマネージャーを求めました。
B100303,calm,The lake was calm and peaceful.,湖は穏やかで平和だった。
B100304,calmness,She took a deep breath and found calmness in the midst of chaos.,彼女は深呼吸をして、混沌の中で平静さを見つけた。
B100305,camel,I saw a camel at the zoo.,私は動物園でラクダを見ました。
B100306,campsite,We found a beautiful campsite in the mountains.,私たちは山中に美しいキャンプ場を見つけました。
B100307,canal,The canal is used for transportation of goods.,運河は貨物の輸送に使われています。
B100308,cancel,I need to cancel my reservation.,予約をキャンセルしなければなりません。
B100309,cancer,She was diagnosed with cancer last year.,彼女は去年、がんと診断されました。
B100310,candle,I lit a candle to create a cozy atmosphere.,居心地の良い雰囲気を作るためにろうそくを灯しました。
B100311,canned,I bought some canned vegetables at the grocery store.,私はスーパーマーケットで缶詰の野菜を買いました。
B100312,canteen,I had lunch at the canteen.,私は酒保で昼食をとりました。
B100313,capable,She is a capable leader who can handle any challenge.,彼女はどんな挑戦も乗り越えられる、能力のあるリーダーです。
B100314,capacity,"The stadium has a capacity of 50,000 people.",そのスタジアムの収容人数は5万人です。
B100315,capsule,I put the medicine in a small capsule.,私は薬を小さなカプセルに入れました。
B100316,capture,He managed to evade capture by the police.,彼は警察の捕縛から逃れることに成功した。
B100317,capture,We captured the thief.,我々はその泥棒を捕らえた。
B100318,care,You should give a lot of care to your work.,仕事には十分気を配りなさい。
B100319,career,She has had a successful career in finance.,彼女は金融業界で成功したキャリアを築いてきた。
B100320,careless,He made a careless mistake.,彼は不注意なミスをした。
B100321,carelessly,He carelessly dropped his phone and it broke.,彼は不注意に携帯電話を落としてしまい、壊れてしまった。
B100322,carelessness,His carelessness caused the accident.,彼の不注意が事故の原因だった。
B100323,carpet,I need to buy a new carpet for my living room.,リビングルームに新しいじゅうたんを買わなければなりません。
B100324,carriage,I took a ride in a horse-drawn carriage.,私は馬車に乗りました。
B100325,carton,I need a carton to pack my belongings.,私物を梱包するためにダンボールが必要です。
B100326,cashpoint,"With only five euros left in her wallet, Sarah frantically searched for the nearest cashpoint to avoid being stranded for the rest of her evening.",財布に5ユーロしか残っていなかったサラさんは、その夜の残りを困惑して過ごさないように、最寄りのATMを必死に探しました。
B100327,casual,She is wearing a casual outfit.,彼女はカジュアルな服装をしています。
B100328,categorize,I need to categorize these documents.,これらの文書を分類する必要があります。
B100329,category,Logic is a category in philosophy.,論理学は哲学の範疇です。
B100330,cattle,The rancher raised a herd of cattle on his farm.,その牧場主は農場で牛の群れを育てました。
B100331,caution,Caution: Wet floor,注意：床が濡れています
B100332,cautious,She is always cautious when crossing the road.,彼女は道路を渡る時にいつも注意深いです。
B100333,cave,I explored the dark cave with a flashlight.,私は懐中電灯を持って暗いほら穴を探検しました。
B100334,CD-ROM,This CD-ROM contains an entire encyclopedia of 30 volumes.,このCD-ROMには百科事典30巻が丸ごと入っている。
B100335,celebrity,"On encountering the celebrity, they asked for his autograph.",彼らは有名人と出くわすなり、サインをもとめた。
B100336,cell,He was locked in a small cell for days.,彼は数日間、小さな独房に閉じ込められていた。
B100337,central,The central park is a popular spot for picnics.,中央公園はピクニックの人気スポットです。
B100338,central heating,The house is equipped with central heating.,その家は集中暖房装置が備わっています。
B100339,ceremony,The graduation ceremony was held in the school auditorium.,卒業式は学校の講堂で行われました。
B100340,certainty,I have complete certainty in my decision.,私は自分の決断に対して、完全に確信があります。
B100341,challenging,It is challenging and I am learning a lot.,やりがいがあり、学ぶことが多いのです。
B100342,champion,He is a tennis champion.,彼はテニスの優勝者です。
B100343,channel,I changed the channel to watch my favorite show.,私はお気に入りの番組を見るためにチャンネルを変えました。
B100344,chaos,The world was in chaos before the creation of heaven and earth.,天地創造以前、世界は混とんとしていました。
B100345,characteristic,That is a characteristic inherent in him.,それが彼本来の性格なのだ。
B100346,characterize,The careful analysis of the painting helped to characterize the artist's unique style and use of color.,絵画を注意深く分析することで、画家独自のスタイルや色使いを特徴づけることができました。
B100347,charge,Will there be an extra charge for that?,それには追加料金がかかりますか。
B100348,charge,Charge this to my company.,これは、会社払いにしてください。
B100349,chariot,"The chariot raced across the battlefield, pulled by two powerful horses.",二頭の力強い馬に引かれて、戦車は戦場を駆け抜けた。
B100350,charity,She always donates generously to charity.,彼女はいつも慈善団体に寛大に寄付をしています。
B100351,charm,She has a natural charm that captivates everyone around her.,彼女は周りの人々を魅了する自然な魅力を持っています。
B100352,chase,The dog lay panting after his long chase.,長い間獲物を追いかけたのでその犬は寝そべってあえいでいた。
B100353,chat,Let's have a chat over coffee.,コーヒーを飲みながら雑談しましょう。
B100354,chat show,He appeared on a famous chat show.,彼は有名なトークショーに出演した。
B100355,check-in counter,Where is the check-in counter?,搭乗手続きをするのはどこですか。
B100356,check-in desk,Can you tell me where the check-in desk is?,チェックインデスクはどこか教えてくれますか？
B100357,checkout,I went to the checkout to pay for my groceries.,私は精算所に行って食料品の支払いをしました。
B100358,cheerful,She always has a cheerful smile on her face.,彼女はいつも笑顔で明るいです。
B100359,chemical,The chemicals used in this experiment are hazardous.,この実験で使用される化学物質は危険です。
B100360,chemist,The chemist conducted experiments to develop a new drug.,化学者は新しい薬を開発するために実験を行った。
B100361,chemistry,I am studying chemistry at university.,私は大学で化学を勉強しています。
B100362,cherish,I cherish my family.,私は家族を大事にしています。
B100363,chest of drawers,I bought a new chest of drawers for my bedroom.,私は寝室用に新しいたんすを買いました。
B100364,chewing gum,I always carry chewing gum with me.,私はいつもチューインガムを持ち歩いています。
B100365,chief,What is the chief aim of this society?,この会の主な目的はなんですか。
B100366,choir,The choir sang beautifully during the church service.,聖歌隊は礼拝中に美しく歌いました。
B100367,choke,He started to choke on his food.,彼は食べ物を喉に詰まらせ始めた。
B100368,Christian,The Catholic Church is the largest Christian church in the world.,カトリック教会は世界最大のキリスト教会です。
B100369,chronological,The events are arranged in chronological order.,イベントは年代順に並べられています。
B100370,chuckle,She let out a chuckle when she heard the joke.,彼女はそのジョークを聞いてくすくすと笑った。
B100371,circle,A helicopter circled over us.,ヘリコプターが我々の上を一周した。
B100372,circular,The table in the dining room is circular.,ダイニングルームのテーブルは円形です。
B100373,circus,The children chased after the circus parade.,子どもたちがサーカスの行列を追いかけた。
B100374,citizenship,She obtained citizenship after living in the country for five years.,彼女は５年間その国に住んだ後、市民権を取得した。
B100375,civil,The civil rights movement fought for equal rights for all citizens.,市民の権利運動は、すべての市民に対する平等な権利を求めて戦った。
B100376,civilization,The ancient civilization of Egypt built impressive pyramids.,古代エジプトの文明は印象的なピラミッドを建設しました。
B100377,claim,She filed a claim with her insurance company after the accident.,彼女は事故後、保険会社に請求を提出しました。
B100378,classical,I enjoy listening to classical music.,私はクラシック音楽を聴くのが好きです。
B100379,classify,It is important to classify the different types of animals.,異なる種類の動物を分類することは重要です。
B100380,clear,There's a lot of mess to clear up.,片付けなければならないたくさんのゴミがある。
B100381,click,"If you enjoyed this, please give a click on the vote link!",お楽しみいただけましたら、ポチっと１票お願いいたします！
B100382,cliff,"The hiker stood on the edge of the cliff, overlooking the sea.",ハイカーは海を見下ろすがけの端に立っていました。
B100383,climate,The climate in this region is very hot and humid.,この地域の気候は非常に暑く湿度が高いです。
B100384,climber,The climber reached the summit of the mountain.,登山家は山の頂上に到達した。
B100385,clinic,I have an appointment at the clinic tomorrow.,明日、私はクリニックで予約があります。
B100386,clip,He wore a tie clip to keep his tie in place.,彼はネクタイを留めるためにネクタイ留めを付けていました。
B100387,closely,She watched closely as the magician performed his tricks.,彼女はマジシャンがトリックを披露するのをじっくり見た。
B100388,coal,Coal is a fossil fuel that is used for power generation and heating.,石炭は発電や暖房に使用される化石燃料です。
B100389,coast,Pete came coasting down the hill on his sled.,ピートはそりで丘をすべり降りてきた。
B100390,coastal,I love taking long walks along the coastal path.,私は海岸の道を散歩するのが大好きです。
B100391,cod,I love to eat cod fish.,私はタラを食べるのが大好きです。
B100392,coffin,The coffin was carried by six pallbearers.,棺は6人の棺担ぎ手によって運ばれた。
B100393,collapse,The house was on the verge of collapse.,その家は倒れかかっていた。
B100394,collar,She adjusted her collar before leaving the house.,彼女は家を出る前にえりを整えた。
B100395,columnist,She is a well-known columnist for a popular magazine.,彼女は人気雑誌の有名なコラムニストです。
B100396,combination,The combination of flavors in this dish is amazing.,この料理の味の組み合わせは素晴らしいです。
B100397,combine,I like to combine different flavors when cooking.,料理する時には、異なる味を組み合わせるのが好きです。
B100398,comedian,He is a famous comedian.,彼は有名な喜劇俳優です。
B100399,comedy,I love watching comedy movies.,私は喜劇映画を見るのが大好きです。
B100400,comet,I saw a comet in the night sky.,夜空で慧星を見た。
B100401,comfort,I love the comfort of my cozy bed.,私は居心地の良いベッドが大好きです。
B100402,comma,I need to use a comma in this sentence.,この文でコンマを使う必要があります。
B100403,command,He issued a command to his troops.,彼は部隊に命令を出した。
B100404,comment,I would like to make a comment on this issue.,この問題について論評したいと思います。
B100405,commercial,The commercial sector is experiencing rapid growth.,商業部門は急速な成長を遂げています。
B100406,commit,He committed a crime.,彼は犯罪を犯しました。
B100407,common sense,Using turn signals while driving is common sense.,運転中にウィンカーを使うのは常識です。
B100408,commonly,"Commonly, people prefer to eat healthy food.",一般的に、人々は健康的な食べ物を好む。
B100409,companion,She will be a good companion for him.,彼女は彼のいい相手になるだろう。
B100410,comparison,The comparison of their performance showed that Jane was a more effective leader than Mark.,彼らのパフォーマンスを比較すると、ジェーンの方がマークよりも有能なリーダーであることがわかりました。
B100411,compete,They compete against each other in the swimming competition.,彼らは水泳の競技で互いに競います。
B100412,competitive,She is very competitive and always wants to win.,彼女はとても競争心が強く、いつも勝ちたがっています。
B100413,competitor,She is a tough competitor in the business world.,彼女はビジネス界で厳しい競争相手です。
B100414,complement,Eating a balanced diet is the complement of a healthy lifestyle.,バランスの取れた食事は健康的な生活を補完します。
B100415,complete,I have completed all of my tasks.,私は全てのタスクを完了しました。
B100416,completely,The answer is completely wrong.,その答えは完全に間違っている。
B100417,complex,The human brain is a complex organ.,人間の脳は複雑な器官です。
B100418,complicate,Your refusal to help complicated matters.,君が援助を断ったので、事態がややこしくなった。
B100419,complicated,The instructions for assembling the furniture were so complicated that I had to ask for help.,家具の組み立ての説明書はとても複雑で、助けを求めなければなりませんでした。
B100420,compliment,Your compliment really made my day.,あなたの褒め言葉は本当に私の一日を明るくしました。
B100421,compose,The committee is composed of members from different departments.,その委員会は、異なる部署のメンバーで構成されている。
B100422,composition,She enjoys composition and spends hours writing songs.,彼女は作曲が好きで、曲を書くのに何時間も費やします。
B100423,compound,Alumina is a white crystalline compound.,アルミナは白色の結晶化合物です。
B100424,compromise,Finding a compromise is essential in any negotiation.,どんな交渉でも妥協を見つけることが重要です。
B100425,concentration,I need to improve my concentration if I want to succeed.,成功したいなら、集中力を高める必要がある。
B100426,concept,The concept of time is difficult to grasp.,時間の概念は理解しにくいです。
B100427,concerned,I am concerned about the safety of my children.,私は子供たちの安全を心配しています。
B100428,conclude,They will conclude the meeting with a final statement.,彼らは最終声明で会議を終わりにする予定です。
B100429,conclusion,The conclusion of the story was unexpected.,物語の結末は予想外だった。
B100430,conduct,Such conduct is unworthy of a teacher.,そのような行為は教師にふさわしくない。
B100431,confidence,She spoke with confidence during the presentation.,彼女はプレゼン中に自信を持って話しました。
B100432,confirm,Please confirm your reservation.,ご予約を確認してください。
B100433,confirmation,I need confirmation that the package has been delivered.,私は荷物が配達されたことを確認する必要があります。
B100434,conflict,The conflict between the two countries escalated into a full-scale war.,二つの国の衝突は全面戦争にエスカレートした。
B100435,confusing,I was mixed up by the confusing explanation.,そのややこしい説明では私は訳がわからなくなってしまった。
B100436,confusion,There was a lot of confusion during the meeting.,会議中には多くの混乱がありました。
B100437,congratulate,I want to congratulate you on your promotion.,昇進おめでとうございます。
B100438,connect,I need to connect two pieces of wood.,私は2つの木材を連結する必要があります。
B100439,connection,The strong connection between them is evident.,彼らの間の強い関係は明らかだ。
B100440,conquer,They were determined to conquer the enemy's territory by force.,彼らは敵の領土を武力で征服する決意をしていた。
B100441,conscious,She is conscious of her surroundings.,彼女は周囲に気づいている。
B100442,consequently,"He didn't study for the exam; consequently, he failed.",彼は試験の勉強をしなかった。その結果として、彼は失敗した。
B100443,conservation,Conservation is important for preserving our natural resources.,自然資源を保護するためには保全が重要です。
B100444,conservative,He has conservative views on social issues.,彼は社会問題について保守的な考えを持っています。
B100445,considerable,He is under considerable stress.,彼はかなりのストレスを感じている。
B100446,consideration,I appreciate your consideration.,あなたの配慮に感謝しています。
B100447,consonant,The word 'consonant' refers to a speech sound that is produced by obstructing airflow in the vocal tract.,「子音」という言葉は、声道で空気の流れを妨げることによって生じる音を指します。
B100448,constantly,He is constantly checking his phone.,彼は常に携帯電話をチェックしています。
B100449,constitute,These elements constitute a perfect equation.,これらの要素は完全な方程式を構成します。
B100450,constitution,The constitution of this organization is well-structured.,この組織の構成はよく組み立てられています。
B100451,construct,The workers are busy constructing a new building.,労働者たちは新しい建物を建設するのに忙しいです。
B100452,construction,The construction of the new building is almost complete.,新しい建物の組立てはほぼ完了しています。
B100453,consume,I consume a lot of fruits and vegetables every day.,私は毎日たくさんの果物や野菜を摂取します。
B100454,consumer,"In general, consumers prefer quantity to quality.",一般的に、消費者は質よりも量を選ぶ。
B100455,consumption,The consumption of fast food has increased significantly in recent years.,最近、ファストフードの消費量が大幅に増加しています。
B100456,contain,Does the box contain any books?,その箱には本が入っていますか？
B100457,content,The content of the book was very interesting.,本の内容はとても興味深かった。
B100458,continual,His continual boasting gave offense to everybody.,彼の絶え間のない自慢はすべての人を怒らせた。
B100459,continually,She continually checks her phone for messages.,彼女はひんぱんにメッセージを確認します。
B100460,continuous,The continuous rainfall caused the river to overflow.,連続的な降雨により、川が氾濫しました。
B100461,continuously,She worked continuously for hours to finish the project.,彼女はプロジェクトを終わらせるために何時間も連続で働きました。
B100462,contrary,Their proposition is contrary to ours.,彼らの提案は我々のと反対である。
B100463,contribute,I want to contribute to the charity organization.,私はチャリティ団体に寄付したいです。
B100464,contribution,Her contribution to the project was invaluable.,彼女のプロジェクトへの貢献は非常に貴重でした。
B100465,control,The ignition of the engine is controlled by the computer.,エンジンの点火はコンピュータによって制御されています。
B100466,controversial,The executive assumed responsibility for the scandal caused by his controversial remarks.,その幹部は、物議を醸した発言によって引き起こされたスキャンダルの責任を負った。
B100467,convey,I need to convey an important message to him.,彼に重要なメッセージを伝える必要があります。
B100468,convince,I will convince him to join our team.,私は彼を私たちのチームに参加させるように納得させます。
B100469,copyright,The copyright of this book belongs to the author.,この本の著作権は著者に帰属しています。
B100470,correction,The teacher made a correction to my homework.,先生は私の宿題に修正を加えました。
B100471,cotton,It's made of fine cotton.,上質の綿でできています。
B100472,cough,My cough is getting worse.,私の咳はひどくなりつつあります。
B100473,council,The council meeting was held to discuss important issues.,重要な問題を議論するために、評議会の会議が開かれました。
B100474,counseling,I went to counseling to seek advice and guidance from a professional.,私は専門家から助言や指導を求めるためにカウンセリングに行きました。
B100475,count,Start running at the count of three.,三つ数えたら、走り出しなさい。
B100476,counter,He quickly countered with a riposte after dodging his opponent's thrust.,彼は相手の突きをかわした後、素早く反撃して反撃した。
B100477,countless,There are countless stars in the sky.,空には数えきれないほどの星がある。
B100478,county,I live in a small county in the countryside.,私は田舎の小さな郡に住んでいます。
B100479,courage,She showed great courage in standing up for what she believed in.,彼女は信じることを守るために大きな勇気を示しました。
B100480,courageous,She showed a courageous attitude in the face of danger.,彼女は危険に立ち向かう勇気のある態度を示しました。
B100481,courgette,I made a delicious courgette soup for dinner.,夕食に美味しいズッキーニのスープを作りました。
B100482,craft,She is skilled in the craft of pottery.,彼女は陶芸の技能に長けています。
B100483,crash,The crash of the waves against the rocks was deafening.,波が岩にぶつかる音は耳をつんざくほどだった。
B100484,crash,The car crashed into a tree.,車が木にガチャンとぶつかった。
B100485,creator,The artist is the creator of beautiful things.,芸術家は美しいものの創造者です。
B100486,criminal,He was in reality a criminal.,彼は実は犯罪者だった。
B100487,crisis,The country is facing a major crisis.,その国は重大な危機に直面している。
B100488,critic,The critic praised the artist's latest work.,評論家はその芸術家の最新作を称賛した。
B100489,critical,The movie received critical acclaim from both audiences and critics.,その映画は観客と評論家の両方から評価されました。
B100490,crop,Farmers are harvesting their crops.,農民たちは作物を収穫しています。
B100491,crossing,Be sure to use the pedestrian crossing when crossing the street.,道路を横断する際は必ず横断歩道を利用してください。
B100492,crossroad,I stopped at the crossroad and waited for the traffic light to turn green.,私は交差点で止まって信号が青になるのを待った。
B100493,crow,I saw a crow flying in the sky.,私は空を飛ぶカラスを見ました。
B100494,cruel,He was cruel to his pet dog.,彼は飼い犬に対して残酷だった。
B100495,crush,I have a crush on my coworker.,同僚に片思いしているんだ。
B100496,cucumber,I love eating cucumber in my salad.,私はサラダにキュウリを入れて食べるのが大好きです。
B100497,cultivate,"In this society, we should cultivate a sense of empathy towards others.",この社会では、他人に対する共感の意識を養うべきです。
B100498,cultural,A cultural heritage is handed down to posterity.,文化遺産は後世に伝えられる。
B100499,cure,There is no cure for the common cold.,普通の風邪に治療法はない。
B100500,curiosity,Curiosity is the key to learning.,好奇心は学びの鍵です。
B100501,curious,She is always curious about new things.,彼女は常に新しいことに好奇心を持っています。
B100502,curiously,She looked curiously at the strange object.,彼女は物珍しそうに奇妙な物体を見つめた。
B100503,curly,She has curly hair.,彼女は髪がカールしています。
B100504,currency,I need to exchange my currency for euros.,私は通貨をユーロに両替する必要があります。
B100505,current,The current situation is uncertain.,現在の状況は不確定です。
B100506,currently,I am currently studying for my exams.,私は現在、試験勉強をしています。
B100507,curriculum,They have a very good curriculum at that university.,その大学のカリキュラムは非常に優れている。
B100508,curtain,I closed the curtain to block out the sunlight.,日光を遮るためにカーテンを閉めました。
B100509,curve,It's a long road with no curves.,それは曲り角のない長い道である。
B100510,cushion,I like to sit on a soft cushion while reading.,読書をする時は柔らかいクッションに座るのが好きです。
B100511,customs,There will be long lines at the Customs.,税関では長い列が出来ているだろう。
B100512,cut,I have a cut here.,ここに切傷があります。
B100513,CV,Email a cover letter and CV to xxx@xxx.com.,カバーレターと履歴書を電子メールでxxx@xxx.comまでご送付ください。
B100514,cycle,The economy is at peak of a business cycle at present.,経済は今景気循環の頂点にある。
B100515,cycle,We are going to cycle to the lake tomorrow.,私たちはあす湖まで自転車で行きます。
B100516,daisy,I picked a beautiful daisy from the garden.,私は庭から美しいヒナギクを摘みました。
B100517,damage,The storm caused extensive damage to the buildings.,嵐が建物に大きな被害をもたらしました。
B100518,damage,In my daily life I take care in various ways of my body so as not to damage my health.,健康を害さないように、常日頃から、体に対して様々な気配りをしています。
B100519,damaged,The front of the boat was damaged.,ボートの前方が破損していた。
B100520,damp,The clothes were still damp after being left outside in the rain.,雨の中に外に置かれた後、服はまだ湿っていました。
B100521,dangerously,He drove dangerously fast on the highway.,彼は高速道路で危険なほど速く運転した。
B100522,dare,Who dares wins.,勇気ある者が勝つ。
B100523,darkness,The darkness enveloped the room.,暗さが部屋を包み込んだ。
B100524,date,The castle dates back to 1610.,この城の歴史は1610年に遡ります。
B100525,dating,Be careful when online dating to avoid falling victim to catfishing.,オンラインデートではなりすましに注意し、被害に遭わないようにしましょう。
B100526,daze,The sudden news hit him like a daze.,突然のニュースが彼をぼう然とさせた。
B100527,dazzle,The view after sundown will be a different kind of dazzle.,日が落ちた後の景色は、また違った美しさになるでしょう。
B100528,deadline,I need to submit my report before the deadline.,最終期限までにレポートを提出しなければなりません。
B100529,deadly,The snake's venom is deadly.,蛇の毒は致命的です。
B100530,deaf,She is deaf and uses sign language to communicate.,彼女は耳が遠く、手話でコミュニケーションを取ります。
B100531,deal,He deals in furniture.,彼は家具屋だ。
B100532,dealer,The car dealer offered a great deal on the new model.,車のディーラーは新しいモデルにお得な取引を提供しました。
B100533,debris,The explosion scattered debris across the street.,爆発によって、破片が通りに散らばった。
B100534,debt,He is struggling to pay off his debt.,彼は借金を返済するのに苦労している。
B100535,decision,I have made a decision.,私は決定を下しました。
B100536,declaration,The president made a declaration about the new policy.,大統領は新しい政策について宣言をした。
B100537,declare,The colony declared independence.,その植民地は独立を宣言した。
B100538,decline,Overfishing has led to a decline in fish populations.,乱獲が魚の個体数の減少につながっています。
B100539,decrease,The drawdown in the company's profits was due to a decrease in sales.,会社の利益の減少は売上の減少によるものでした。
B100540,decrease,The population of this city has decreased.,この町の人口は減った。
B100541,dedicate,He dedicates himself to research.,彼は研究に専念する。
B100542,deed,They did a good deed in helping refugees.,彼らは難民を助けるという立派な行為をした。
B100543,defeat,It’s important to learn from defeat and keep moving forward.,敗北から学び、前進し続けることが重要です。
B100544,defend,They defended their country.,彼らは祖国を守った。
B100545,defender,The defender blocked the opponent's shot.,ディフェンダーは相手のシュートをブロックした。
B100546,defense,The defense attorney presented strong evidence in court.,弁護士は法廷で強力な証拠を提示した。
B100547,deficiency,Iron deficiency can lead to fatigue and weakness.,鉄分不足は疲労や衰弱の原因となる。
B100548,define,Please define the term for me.,その用語を私に定義してください。
B100549,definite,This is the definite answer.,これは明確な答えです。
B100550,definite article,Remember to use the definite article.,定冠詞を使うのを忘れないようにしなさい。
B100551,definitely,I will definitely finish the project on time.,私は間違いなくプロジェクトを予定通りに終わらせます。
B100552,definition,Can you give me the definition of this word?,この単語の定義を教えてもらえますか？
B100553,delay,The flight was delayed due to bad weather.,悪天候のため、フライトが延期されました。
B100554,delete,I accidentally deleted all my files.,私は誤って全てのファイルを削除してしまいました。
B100555,delicate,She has a delicate touch when playing the piano.,彼女はピアノを演奏する際に繊細なタッチを持っています。
B100556,delight,The children's faces were filled with delight as they opened their presents.,子供たちの顔は、プレゼントを開ける喜びで満たされていました。
B100557,delighted,I was delighted to receive the news of my promotion.,昇進のニュースを聞いてとてもうれしかったです。
B100558,delightful,The children's laughter was delightful.,子供たちの笑い声は喜びを与えるものだった。
B100559,deliver,The courier will deliver the package to your doorstep.,宅配業者が荷物を玄関先に配達します。
B100560,delivery,The delivery of the package was delayed due to bad weather.,荷物の配達が悪天候のため遅れました。
B100561,demand,The company is experiencing high demand for its products.,会社は製品の需要が高まっています。
B100562,demand,They demanded that President resign.,彼らは大統領は辞任すべきだと要求した。
B100563,democracy,Democracy is a system of government in which power is vested in the people.,民主主義は、権力が人民に委ねられた政治体制です。
B100564,democratic,The country has a strong democratic tradition.,その国は強い民主主義の伝統を持っています。
B100565,demonstrate,Scientists use experiments to demonstrate their theories.,科学者は実験を使って自分たちの理論を論証します。
B100566,demonstration,The demonstration was peaceful and well-organized.,デモは平和でよく組織されていました。
B100567,deny,I deny the accusation.,私はその告発を否定します。
B100568,depart,My flight will depart in an hour.,私の飛行機はあと１時間で出発です。
B100569,department,The marketing department is responsible for promoting the company's products.,マーケティング部門は、会社の製品の宣伝を担当しています。
B100570,departure,I watched my friends' departure as they left for a faraway land.,友達たちが遠い土地に向かって立ち去るのを見送った。
B100571,dependent,We are dependent on each other.,私達は互いに依存しあっている。
B100572,deposit,I need to make a deposit at the bank.,私は銀行で預金をする必要があります。
B100573,depressed,He is depressed lately.,彼は最近落ち込んでいる。
B100574,depressing,For some reason it looks to be turning out to be a depressing week.,今週は、訳あって、憂鬱な一週間になりそうだ。
B100575,depression,The global economy is showing signs of depression.,世界経済は不況の兆しを見せている。
B100576,deprive,The thief tried to deprive me of my wallet.,泥棒は私の財布を奪おうとした。
B100577,depth,The depth of the ocean is unknown.,海の深さは未知です。
B100578,derive,Scientists derive new theories from existing data.,科学者は既存のデータから新しい理論を引き出します。
B100579,deserve,He deserves the prize.,彼はその賞に値する。
B100580,design,He designed the car.,彼がその車を設計した。
B100581,designer,The designer created a beautiful logo for the company.,デザイナーは会社のために美しいロゴを作りました。
B100582,desire,I have a strong desire to travel the world.,私は世界を旅することを切望しています。
B100583,despair,She was in an abyss of despair.,彼女は絶望のどん底にあった。
B100584,desperate,She was desperate to find a job.,彼女は仕事を見つけるのに必死だった。
B100585,despite,"Despite the rain, we still went for a walk.",雨にもかかわらず、私たちは散歩に行きました。
B100586,destination,What's the destination of this ship?,この船の目的地はどこですか。
B100587,destruction,The earthquake caused widespread destruction in the city.,地震が都市で広範な破壊を引き起こしました。
B100588,destructive,The hurricane caused destructive damage to the coastal towns.,ハリケーンは沿岸の町に破壊的な被害をもたらしました。
B100589,detective,The detective solved the mysterious case.,刑事は謎の事件を解決した。
B100590,determination,She showed great determination in achieving her goals.,彼女は目標達成において大きな決心を示しました。
B100591,determine,I need to determine the best course of action.,私は最善の行動を決定する必要があります。
B100592,devastate,"The hurricane devastated the coastal town, leaving behind a trail of destruction.",ハリケーンが沿岸の町を壊滅させ、破壊の跡を残しました。
B100593,devastating,The devastating war left the city in ruins.,壊滅的な戦争は都市を廃墟にした。
B100594,development,The development of technology has greatly improved our lives.,技術の発達により、私たちの生活は大きく向上しました。
B100595,device,I need to buy a new device for my computer.,私はコンピューター用の新しい装置を買う必要があります。
B100596,devotion,Her devotion to her family is unwavering.,彼女の家族への愛情は揺るぎない。
B100597,diagram,I drew a diagram to explain the process.,私はプロセスを説明するために図を描きました。
B100598,dial,I bought a new watch with an omega symbol on the dial.,文字盤にオメガのシンボルがある新しい時計を買いました。
B100599,dial,She dialed the wrong number.,彼女は間違った番号に電話をかけた。
B100600,dialog,Can we have a dialog about this issue?,この問題について対話できますか？
B100601,diameter,The diameter of the circle is 10 centimeters.,円の直径は10センチメートルです。
B100602,diaper,I need to change the baby's diaper.,赤ちゃんのおむつを替える必要があります。
B100603,differ,Their opinions differ on the best way to solve the problem.,問題を解決する最善の方法について、彼らの意見は異なる。
B100604,dig,I found a sherd of pottery in the archaeological dig.,私は考古学の発掘で陶器の破片を見つけました。
B100605,digital,I prefer reading digital books over physical ones.,私は紙の本よりもデジタルの本を読む方が好きです。
B100606,diligence,She achieved success through her diligence and hard work.,彼女は勤勉さと努力によって成功を収めた。
B100607,diligent,She is a diligent student who always completes her assignments on time.,彼女はいつも課題を時間通りに終わらせる勤勉な学生です。
B100608,dioxide,Carbon dioxide is a greenhouse gas.,二酸化炭素は温室効果ガスです。
B100609,direct,Use only as directed.,指示に従って使用すること。
B100610,directly,Were you directly involved in the incident?,あなたは事件に直接関与していましたか？
B100611,dirt,She wiped the dirt off her shoes before entering the house.,彼女は家に入る前に靴の汚れを拭き取った。
B100612,disability,My brother overcame his disability and now works as a successful attorney.,弟は障害を克服し、今は弁護士として成功しています。
B100613,disable,They disable the security system.,彼らはセキュリティシステムを無効にします。
B100614,disabled,She is a disabled athlete who competes in wheelchair racing.,彼女は車いすレースで競技する身体障害のアスリートです。
B100615,disagreement,The disagreement between the union and management could lead to a strike.,労働側と経営側の意見不一致はストライキに行きつくかもしれない。
B100616,disappoint,I don't want to disappoint my parents.,私は両親を失望させたくない。
B100617,disappointment,I felt a deep sense of disappointment when I didn't get the job.,その仕事がもらえなかった時、私は深い失望感を感じました。
B100618,disaster,The earthquake was a devastating disaster.,その地震は壊滅的な災害だった。
B100619,disastrous,The hurricane caused disastrous damage to the coastal towns.,ハリケーンは沿岸の町に壊滅的な被害をもたらしました。
B100620,disc jockey,The disc jockey played a mix of old and new songs at the party.,ディスクジョッキーはパーティーで新旧の曲をミックスして流した。
B100621,discomfort,I felt a sense of discomfort when I entered the room.,部屋に入った時、不安を感じました。
B100622,discount,They are offering a discount on all products.,彼らはすべての商品に割引を提供しています。
B100623,discourage,His negative comments discouraged her from pursuing her dreams.,彼の否定的なコメントは、彼女が夢を追い求める意欲を削ぐものだった。
B100624,discovery,The scientist made a groundbreaking discovery.,その科学者は画期的な発見をした。
B100625,discrimination,Discrimination based on race is a violation of human rights.,人種に基づく差別は人権の侵害です。
B100626,disease,He was diagnosed with a rare disease.,彼は珍しい病気と診断されました。
B100627,disgusting,That attitude of his is quite disgusting.,彼のあの態度、感じ悪いわね。
B100628,dishwasher,The dishwasher in the cafeteria is responsible for washing the dishes.,食堂の皿洗いは、皿を洗う責任があります。
B100629,disk,I need to clean the disk before using it.,使う前にディスクをきれいにする必要があります。
B100630,dislike,I dislike spiders.,私はクモが嫌いです。
B100631,display,The museum will display the artwork next month.,その美術館は来月、作品を展示します。
B100632,dissolve,The sugar will dissolve in hot water.,砂糖は熱いお湯に溶けます。
B100633,distance,The distance between the two cities is 200 kilometers.,二つの都市の距離は200キロメートルです。
B100634,distant,The mountain peak is visible in the distant horizon.,遠い地平線に山の頂が見える。
B100635,distinction,This is such a critical distinction.,これは非常に重要な違いだ。
B100636,distinctly,I distinctly remember seeing her at the party.,私ははっきりとパーティーで彼女を見たことを覚えています。
B100637,distinguish,It is important to distinguish between right and wrong.,正しいことと間違ったことを区別することは重要です。
B100638,distribute,They distribute food to the homeless every week.,彼らは毎週ホームレスに食べ物を分配します。
B100639,distribution,The distribution of goods is an important aspect of the supply chain.,商品の流通はサプライチェーンの重要な側面です。
B100640,district,The typhoon struck the Kanto district.,台風が関東地方に上陸した。
B100641,disturbance,The disturbance in the classroom disrupted the students' concentration.,教室の騒ぎが生徒たちの集中力を乱しました。
B100642,dive,She performed a perfect back dive.,彼女は完璧な背面飛び込みを行った。
B100643,dive,He decided to dive from the cliff into the deep blue sea.,彼は断崖から深い青い海に飛び込むことを決めた。
B100644,diver,The diver gracefully jumped into the water.,ダイバーは優雅に水に飛び込んだ。
B100645,diverse,The team is made up of diverse individuals from different backgrounds.,チームは、異なるバックグラウンドを持つ多様な人で構成されています。
B100646,divide,The divide between the rich and the poor in this country is continuing to grow.,この国の貧富の差は拡大し続けている。
B100647,divine,The sunset over the ocean was a divine sight.,海に沈む夕日は神々しい光景だった。
B100648,diving,I love diving in the ocean.,私は海で潜水するのが大好きです。
B100649,divorced,She entrusted her baby to her divorced husband.,彼女は別れた夫に赤ちゃんを任せた。
B100650,DJ,Who's the DJ today?,今日のＤＪは誰ですか。
B100651,doc,I have an appointment with my doc tomorrow.,明日、私は医者との予約があります。
B100652,document,Please make sure to sign the document before submitting it.,提出する前に文書に署名してください。
B100653,documentary,I watched a documentary about the history of photography.,私は写真の歴史についてのドキュメンタリーを見ました。
B100654,dolphin,I saw a dolphin swimming in the ocean.,私は海で泳いでいるイルカを見ました。
B100655,dot,I found a dot on the wall.,私は壁に点を見つけました。
B100656,downstairs,The meeting room is downstairs.,会議室は階下にあります。
B100657,downward,Isostasy is the equilibrium between the upward force exerted by the Earth's crust and the downward force exerted on it.,地殻均衡とは、地球の地殻で押し上げようとする力と押し下げようとする力が均衡している状態です。
B100658,doze,I took a doze after coming home.,私は家に帰ってからうたた寝した。
B100659,dozen,I bought a dozen eggs at the grocery store.,私はスーパーマーケットで卵を１ダース買いました。
B100660,dozen,Eggs are sold by the dozen.,卵は１ダース単位で売られる。
B100661,drag,He had to drag the heavy box up the stairs.,彼は重い箱を引きずって階段を上らなければならなかった。
B100662,dramatic,The movie had a dramatic ending.,その映画は劇的な結末だった。
B100663,drown,The child was almost drowned.,その子は危うく溺れるところであった。
B100664,drunk,He was drunk last night.,彼は昨夜酔っ払っていた。
B100665,dude,"Hey dude, let's go to the party tonight!",よう、今夜パーティーに行こうぜ！
B100666,dull,The lecture was so dull that I fell asleep.,講義はとても鈍くて、私は眠ってしまった。
B100667,dump,The refuse dump is located outside the city.,ごみ処理地は市外にあります。
B100668,dump,He dumped the papers back into the drawer.,彼は書類を元の引き出しへ投げ込んだ。
B100669,dustbin,I accidentally dropped my keys in the dustbin.,誤って鍵をごみ箱に落としてしまった。
B100670,dusty,The old bookshelf was covered in a layer of dusty.,その古い本棚はほこりっぽい層で覆われていた。
B100671,duty,It is our duty to help those in need.,困っている人々を助けるのは私たちの義務です。
B100672,duty-free,I didn't buy anything at the duty-free shops.,免税店では買い物は一つもしませんでした。
B100673,duvet,I snuggled under the warm duvet on a cold winter night.,寒い冬の夜、暖かい羽根ぶとんにくるまって眠った。
B100674,dynasty,The Ming Dynasty ruled China for nearly three centuries.,明朝は中国を約300年間支配しました。
B100675,eager,She is eager to learn new things.,彼女は新しいことを学びたいと熱望しています。
B100676,eagerness,She showed great eagerness to learn.,彼女は学ぶことに熱心さを示しました。
B100677,earache,I have a terrible earache.,私はひどい耳痛があります。
B100678,earnest,She is known for her earnest dedication to her work.,彼女は仕事に対するまじめな取り組みで知られています。
B100679,eastern,I love watching the sunrise in the eastern sky.,私は東の空の日の出を見るのが大好きです。
B100680,easygoing,She is an easygoing person who doesn't get stressed easily.,彼女はのんきな人で、簡単にストレスを感じません。
B100681,eco,"The new app helps users track their 'eco' footprint, measuring the environmental impact of their daily choices.",この新しいアプリは、ユーザーが自分の「エコ」フットプリントを追跡し、日々の選択が環境に与える影響を測定するのに役立つ。
B100682,ecological,Ecological conservation is important for maintaining the balance of nature.,自然のバランスを保つために、生態学的な保護は重要です。
B100683,ecology,Ecology is the study of the relationship between organisms and their environment.,生態学は生物と生活環境との関連を研究する学問です。
B100684,economic,The economic situation in the country is improving.,国の経済状況が改善しています。
B100685,economics,She studied economics in college.,彼女は大学で経済学を勉強しました。
B100686,economy,The economy is growing steadily.,経済は着実に成長しています。
B100687,ecosystem,The coral reef is a vital part of the ecosystem.,サンゴ礁は生態系の重要な一部です。
B100688,ecstasy,She was filled with ecstasy when she won the lottery.,彼女は宝くじに当選した時、有頂天になった。
B100689,edge,"He stood on the edge of the cliff, looking down at the vast ocean below.",彼は崖の縁に立ち、下に広がる広大な海を見下ろしていた。
B100690,edition,The latest edition of the magazine is now available.,雑誌の最新号が発売されました。
B100691,educate,Parents have a responsibility to educate their children.,親は子供を教育する責任があります。
B100692,effective,Regular exercise is an effective way to improve your overall health.,定期的な運動は全体的な健康を改善する効果的な方法です。
B100693,efficiency,Improving efficiency is crucial for success in any business.,どんなビジネスでも、効率を向上させることは成功に不可欠です。
B100694,efficient,This new software is very efficient.,この新しいソフトウェアは非常に能率的です。
B100695,either,Either day is OK.,どちらの日でも結構です。
B100696,either,I don't like either.,どちらも好きではありません。
B100697,elbow,I accidentally bumped my elbow on the table.,テーブルにひじをぶつけてしまった。
B100698,election,The election is scheduled for next month.,選挙は来月予定されています。
B100699,electrical,I need to call an electrician to fix the electrical problem in my house.,家の電気の問題を修理するために電気技師に電話しなければなりません。
B100700,electricity,The city experienced a sudden loss of electricity [[due to]] the storm.,その都市は嵐のため突然停電に見舞われた。
B100701,electron,An electron is a subatomic particle.,電子は亜原子粒子です。
B100702,electronic,I bought a new electronic device.,私は新しい電子機器を買いました。
B100703,element,Education is a critical element.,教育は重要な要素である。
B100704,eliminate,We need to eliminate all unnecessary expenses from our budget.,予算から不要な経費を排除する必要があります。
B100705,embarrass,I don't want to embarrass him in front of everyone.,私は彼をみんなの前で恥ずかしい思いをさせたくない。
B100706,embarrassed,I was embarrassed.,私は困惑した。
B100707,embarrassment,I felt a wave of embarrassment when I tripped and fell in front of everyone.,みんなの前でつまずいて転んだとき、恥ずかしさの波が押し寄せてきた。
B100708,emerge,Fish emerge from the depths of the ocean.,魚が海の深いところから現れます。
B100709,emotion,She expressed her emotion through tears.,彼女は涙で自分の感情を表現した。
B100710,emotional,The lawyer made an emotional appeal to the jury.,弁護士は陪審員に感情的な訴えをした。
B100711,emotionally,She spoke emotionally about her childhood memories.,彼女は感情的に自分の子供時代の思い出について話しました。
B100712,emperor,The emperor ruled over the kingdom with absolute power.,皇帝は絶対的な権力を持って王国を統治した。
B100713,emphasis,He put emphasis on equality in his speech.,彼は自分のスピーチの中で平等を強調した。
B100714,emphasize,I want to emphasize the importance of teamwork.,私はチームワークの重要性を強調したいです。
B100715,empire,The Roman Empire was one of the most powerful empires in history.,ローマ帝国は歴史上最も強力な帝国の一つでした。
B100716,employment,He is seeking employment.,彼は職を求めている。
B100717,enable,The scholarship enabled her to study abroad.,奨学金のおかげで彼女は留学した。
B100718,enclose,Please enclose the documents in the envelope.,書類を封筒に入れてください。
B100719,encounter,I had a chance encounter with my old friend at the grocery store.,スーパーマーケットで偶然に昔の友人に出会った。
B100720,encouragement,Her words of encouragement were cheering.,彼女の励ましの言葉は元気づけてくれた。
B100721,encouraging,The coach was very encouraging.,コーチはとても励ましてくれた。
B100722,encyclopedia,I found a lot of interesting information in the encyclopedia.,私は百科事典でたくさんの興味深い情報を見つけました。
B100723,endanger,The reckless behavior of the driver endangered the lives of everyone on the road.,運転手の無謀な行動は、道路上にいた全員の命を危険にさらしました。
B100724,endless,The possibilities are endless.,可能性は無限です。
B100725,endure,She had to endure the pain for hours.,彼女は数時間の間、痛みに耐えなければならなかった。
B100726,enemy,He considered her his worst enemy.,彼は彼女を自分の最大の敵とみなしていた。
B100727,engage,I engage in various activities to support the community.,私は地域を支援するためにさまざまな活動に携わっています。
B100728,engaged,She is engaged in her work.,彼女は仕事に熱心に取り組んでいる。
B100729,engine,The car's engine is running smoothly.,車のエンジンはスムーズに動いています。
B100730,engineering,I am studying engineering at university.,私は大学で工学を勉強しています。
B100731,Englishman,An Englishman would not use such a word.,イギリス人ならそんな言葉は使わないだろう。
B100732,enjoyable,The party was enjoyable.,パーティーは楽しかったです。
B100733,enjoyment,I find great enjoyment in playing the piano.,私はピアノを弾くことを楽しんでいます。
B100734,enrich,Reading books can enrich your mind.,本を読むことはあなたの心を豊かにすることができます。
B100735,ensure,I will ensure that the project is completed on time.,私はプロジェクトが時間通りに完了することを保証します。
B100736,entertain,She knows how to entertain a crowd with her singing.,彼女は歌で人々を楽しませる方法を知っています。
B100737,entertainer,He made good as an entertainer.,彼は芸人として成功した。
B100738,enthusiasm,She approached her work with great enthusiasm.,彼女は仕事に熱中して取り組んだ。
B100739,enthusiast,She is a photography enthusiast.,彼女は写真愛好家です。
B100740,enthusiastic,The concert was jam-packed with enthusiastic fans.,コンサート会場は熱狂的なファンでぎっしり詰まっていた。
B100741,entire,The entire team worked together to complete the project.,チーム全体で協力してプロジェクトを完成させました。
B100742,entirely,She was entirely focused on her work.,彼女は完全に仕事に集中していました。
B100743,entry,There were fifty entries for the race.,そのレースには５０人の参加者がいた。
B100744,environmental,The world is confronted with the problem of environmental pollution.,世界は環境汚染の問題に直面しています。
B100745,environmentalist,The environmentalist is dedicated to protecting the planet.,環境保護論者は地球を守ることに専念しています。
B100746,equal,Everybody is equal before the law.,すべての人は法の前に平等です。
B100747,equality,Equality is the foundation of a just society.,平等は公正な社会の基盤です。
B100748,equally,All employees are treated equally regardless of their position.,全ての従業員は、彼らの立場に関係なく平等に扱われます。
B100749,equipment,I need to buy some new equipment for my gym.,私はジムのために新しい機器を買う必要があります。
B100750,era,The Renaissance era was known for its cultural and artistic achievements.,ルネサンス時代はその文化的な成果と芸術的な業績で知られていました。
B100751,escape,He managed to escape from the prison.,彼はなんとか刑務所から脱出した。
B100752,essence,Understanding the essence of a problem is crucial for finding a solution.,問題の本質を理解することは解決策を見つけるために重要です。
B100753,essential,Water is essential for life.,水は生命にとって不可欠です。
B100754,establishment,The establishment of the company was a significant milestone.,会社の設立は重要な節目でした。
B100755,estimate,He roughly estimated the cost of the project.,彼はプロジェクトのコストをおおよそ見積もった。
B100756,eternal,Love is eternal.,愛は永遠です。
B100757,eternity,Love is said to last for eternity.,愛は永遠に続くと言われています。
B100758,even,The chances are even.,勝負の見込みは五分五分。
B100759,evenly,The cake was evenly divided among the guests.,ケーキはゲストたちに等しく分けられました。
B100760,eventually,"I know it's tough, but eventually you'll succeed.",難しいことだとは思うだけど、ゆくゆくは成功するよ。
B100761,evident,It is evident that he did it.,彼がそれをやったことは明らかだ。
B100762,exact,He gave the exact number of participants.,彼は参加者の正確な人数を伝えた。
B100763,examination,I have an examination tomorrow.,明日試験があります。
B100764,examine,I need to examine the evidence before making a decision.,決定する前に証拠を調査する必要があります。
B100765,examiner,The examiner asked me a series of questions during the interview.,面接中、試験官は私に一連の質問をしました。
B100766,excellence,She demonstrated excellence in her work.,彼女は仕事で優秀さを示しました。
B100767,excess,"In a buyers market, there is an excess of goods and prices are lowered, making it advantageous for buyers.",買い手市場では、商品が過剰で価格が下がり、買い手にとって有利になります。
B100768,exchange,I need to exchange this shirt for a smaller size.,このシャツを小さいサイズと交換しなければなりません。
B100769,exchange rate,The exchange rate between the two currencies is constantly fluctuating.,二つの通貨間の為替相場は常に変動しています。
B100770,excitedly,"During the festive celebration, the children excitedly lit the fire crackers, filling the night sky with colorful sparks.",お祭りの最中、子供たちは興奮しながら爆竹に火をつけ、夜空を色とりどりの火花で満たしました。
B100771,excitement,I could feel the excitement in the air as the concert started.,コンサートが始まると空気中に漂う興奮を感じることができました。
B100772,exclusive,This offer is exclusive to our VIP members.,このオファーは私たちのVIP会員限定です。
B100773,excuse,Nothing will excuse such an act.,そのような振る舞いはどんな事があっても許されない。
B100774,exhausted,I was so exhausted after running a marathon.,マラソンを走った後、私は疲れ果てました。
B100775,existence,The existence of aliens has been a topic of debate for many years.,エイリアンの存在は長年の議論のテーマとなっています。
B100776,exit,Please use the exit on the right.,右側の出口をご利用ください。
B100777,exit,He decided to exit the stage after his final performance.,彼は最後の公演の後に舞台を去ることを決めた。
B100778,expand,The company plans to expand into new markets.,会社は新たな市場に拡大する予定です。
B100779,expense,I need to keep track of my monthly expenses.,私は毎月の支出を記録する必要があります。
B100780,experience,She often experiences melancholia during the winter months.,彼女は冬の間によく憂うつ病になります。
B100781,experienced,She is an experienced teacher.,彼女は経験豊富な教師です。
B100782,experiment,I conducted a scientific experiment to test my hypothesis.,私は仮説を検証するために科学実験を行いました。
B100783,exploration,Exploration of unknown territories is an exciting adventure.,未知の領域の探検はワクワクする冒険です。
B100784,explosion,The explosion was so loud that it shook the entire building.,爆発はとても大きかったので、建物全体が揺れました。
B100785,expose,The documentary will expose the truth about the corrupt government.,そのドキュメンタリーは腐敗した政府の真実を暴露する予定です。
B100786,express,I express my feelings through art.,私は芸術を通じて自分の気持ちを表現します。
B100787,extend,I need to extend my stay in the hotel.,ホテルでの滞在を延長する必要があります。
B100788,extensively,The theologian wrote extensively about the nature of God.,その神学者は神の本質について広範囲にわたって書いた。
B100789,extent,The extent of the damage caused by the hurricane was catastrophic.,ハリケーンによる被害の範囲は壊滅的でした。
B100790,extinct,The dodo bird is an example of an extinct species.,ドードー鳥は絶滅した種の一例です。
B100791,extinction,The rapid deforestation is leading to the extinction of many species.,急速な森林破壊は多くの種の絶滅につながっています。
B100792,extra,An air conditioner is available as an optional extra.,エアコンは追加料金で選べます
B100793,extraordinary,She has an extraordinary talent for singing.,彼女は歌う才能が並はずれている。
B100794,extreme,They are the extreme cases.,それは極端な場合だ。
B100795,extreme sports,Why do you think some people like to do extreme sports?,エクストリームスポーツをするのが好きな人たちは、なぜ好きなんだと思う？
B100796,eyesight,Regular eye exams are important for maintaining good eyesight.,定期的な眼科検診は良い視力を維持するために重要です。
B100797,face-to-face,We stood face to face.,我々は向かい合って立っていた。
B100798,face-to-face,They never offered us a face-to-face meeting to discuss our questions.,彼らは、私たちの質問について話し合うために、直接会って話をしようとはしなかった。
B100799,facility,The facility is equipped with state-of-the-art technology.,その施設は最新の技術で設備されています。
B100800,fade,The colors of the sunset slowly fade away.,夕焼けの色が徐々に薄れていく。
B100801,failure,Failure is not the opposite of success; it's part of success.,失敗は成功の対義語ではなく、成功の一部です。
B100802,faint,I heard a faint sound in the distance.,遠くでかすかな音が聞こえた。
B100803,fair,The city is hosting the fair.,その都市はフェアを開催している。
B100804,faithful,He is a faithful friend who always supports me.,彼はいつも私を支えてくれる誠実な友人だ。
B100805,fake,I don't need fake friends.,偽りの友達なんて要らない。
B100806,fall,I love taking walks in the fall.,私は秋に散歩するのが大好きです。
B100807,fallen,The leaves have fallen from the trees.,木々から葉が落ちました。
B100808,fancy,A dragon is a creature of fancy.,龍は空想の動物だ。
B100809,fancy,I cannot fancy going out in this weather.,この天気に外出するなど想像できない。
B100810,fantasy,She loves reading fantasy novels.,彼女はファンタジー小説を読むのが大好きです。
B100811,faraway,I can see a faraway mountain from my window.,私は窓から遠くの山が見えます。
B100812,farewell,I said farewell to my friends before leaving for college.,私は大学に行く前に友達に別れを告げました。
B100813,farming,Farming is an essential part of the economy.,農業は経済の重要な一部です。
B100814,farmland,The farmer worked hard on his farmland to grow crops.,農夫は農地で一生懸命働いて作物を育てました。
B100815,farther,He lives farther away from the city than I do.,彼は私よりも都市からさらに遠くに住んでいます。
B100816,farthest,He traveled to the farthest corner of the world.,彼は世界の最も遠い場所へ旅をした
B100817,fascinate,The magician's tricks never fail to fascinate the audience.,魔術師のトリックは常に観客を魅了する。
B100818,fashionable,She always wears fashionable clothes.,彼女はいつも流行の服を着ています。
B100819,fasten,Please fasten your seatbelt before takeoff.,離陸前にシートベルトを締めてください。
B100820,favorable,He received a favorable response from the audience.,彼は観客から好意的な反応を受けました。
B100821,fax,I need to send a fax to the office.,オフィスにファックスを送る必要があります。
B100822,fax,"Fax this to this number in Tokyo, please.",これを東京のこの番号にファックスしてください。
B100823,feast,The whole village gathered for a feast to celebrate the harvest.,収穫を祝うために、村全体が祝祭のために集まった。
B100824,feed,I feed my dog twice a day.,私は毎日犬に２回ご飯をあげます。
B100825,fellow,I met a fellow traveler at the airport.,私は空港で仲間の旅行者に出会いました。
B100826,ferry,I took the ferry to the island.,私は渡し船で島に行きました。
B100827,festive,The town is decorated with colorful lights for the festive season.,町は祭りの季節に向けてカラフルな電飾で彩られています。
B100828,fetch,I need to fetch my keys from the car.,私は車から鍵を取って来る必要があります。
B100829,feverishly,He wrote opinions feverishly.,彼は、無我夢中で意見を書きました。
B100830,few,Give me a few.,私に少しください。
B100831,fifth,One-fifth of my wages go to taxes.,私は給与の５分の１を税金で取られてしまう。
B100832,fight,They fight each other every day.,彼らは毎日互いに戦います。
B100833,filling,I need to get a filling for my tooth.,私は歯に詰め物をしなければなりません。
B100834,film,The car crash scene was filmed in slow motion.,車の衝突シーンはスローモーションで撮影されました。
B100835,film-maker,He was Japan's most famous filmmaker.,彼は日本で最も有名な映画製作者だった。
B100836,filter,I use a water filter to purify water.,私は水を浄化するために浄水器を使っています。
B100837,finance,A budget deficit must be financed somehow.,赤字は何とか埋め合わせなければならない。
B100838,financial,The government is facing financial challenges due to the economic downturn.,経済の低迷により、政府は財政上の課題に直面しています。
B100839,finding,The credibility of the research findings was questioned.,研究結果の信頼性が問われました。
B100840,fine,I received a fine for parking in a no-parking zone.,私は駐車禁止区域に駐車したために罰金を受けました。
B100841,finger,I accidentally cut my finger while chopping vegetables.,野菜を切っている最中に指を誤って切ってしまった。
B100842,fire station,The fire station is located just a few blocks away from here.,消防署はここから数ブロック先にあります。
B100843,firefighter,The firefighter bravely entered the burning building to rescue the trapped residents.,消防士は勇敢に燃えている建物に入り、閉じ込められた住民を救出しました。
B100844,firework,I watched a beautiful firework display last night.,昨夜、美しい花火の打ち上げを見ました。
B100845,firm,He has a firm grip on the situation.,彼は状況をしっかりと把握している。
B100846,firm,He works for a prestigious law firm.,彼は一流の法律事務所で働いています。
B100847,firmly,She firmly believes in her abilities.,彼女は自分の能力を堅く信じています。
B100848,first floor,The reception area is located on the first floor of the building.,受付エリアは建物の1階にあります。
B100849,first lady,The first lady attended the charity event.,大統領夫人はチャリティイベントに出席しました。
B100850,first-floor,I need to consider putting grates on all first-floor windows.,1階の窓全てに格子を付けようか、私は考えなくてはいけない。
B100851,fish,They fished the stream for trout.,彼らは川でマスを釣った。
B100852,fit,This dress doesn't fit me well.,このドレスは私には合わない。
B100853,fitness,She exercises moderately to maintain her fitness.,彼女は体の健康を維持するためにほどよく運動しています。
B100854,fix,I need to fix my car.,私は車を直さなければなりません。
B100855,flash,The heavy rain caused a flash flood in the city.,激しい雨が都市で鉄砲水を引き起こしました。
B100856,flat,It was believed that the earth was flat.,地球は平らだと信じられていた。
B100857,flavor,The ice cream has a unique flavor.,そのアイスクリームは独特の風味があります。
B100858,float,The boat will float on the water.,ボートは水に浮きます。
B100859,flock,A boy was driving a flock of sheep.,ひとりの少年が羊の群れを追っていた。
B100860,flood,The market was flooded with foreign goods.,市場は外国製品であふれた。
B100861,flow,There is a constant flow of traffic on this road.,この通りは車の流れが絶えない。
B100862,flow,The river burbled as it flowed through the forest.,森を流れる川がブクブクと音をたてました。
B100863,flu,I caught the flu and had to stay home for a week.,私はインフルエンザにかかり、1週間家にいなければなりませんでした。
B100864,fluent,She is fluent in French.,彼女はフランス語を流ちょうに話せる。
B100865,fluently,The foreigner spoke English fluently.,外国人は英語を流暢に話していた。
B100866,flunk,I flunked the math test.,私は数学のテストにしくじった。
B100867,flute,She played the flute beautifully.,彼女はフルートを美しく演奏しました。
B100868,fold,The gyrus is a fold in the cerebral cortex.,脳回は大脳皮質の折り目です。
B100869,fold,Please fold the clothes and put them in the drawer.,服を折りたたんで引き出しに入れてください。
B100870,folk,"Now folks, let's go on.",さあ、みんな、先へ進もう。
B100871,fond,She is fond of playing the piano.,彼女はピアノを弾くことが好きです。
B100872,fondness,She has a fondness for music.,彼女は音楽に対する愛好があります。
B100873,fool,Don't be fooled by the illusion of success.,成功の幻想に騙されてはいけない。
B100874,foolish,He made a foolish decision.,彼は愚かな決断をした。
B100875,foot,I hurt my foot while playing soccer.,サッカーをしている最中に足を痛めました。
B100876,forbidden,Smoking is forbidden in this area.,このエリアでは喫煙は禁止されています。
B100877,forecast,The weather forecast predicts rain for tomorrow.,明日の天気予報では雨が予想されています。
B100878,forehead,She wiped the sweat off her forehead.,彼女は額の汗を拭った。
B100879,forgive,I forgive you for what you did.,私はあなたがしたことを許します。
B100880,form,The teacher asked the students to form groups of three.,先生は生徒たちに３人グループを作るように求めた。
B100881,formal,Please wear formal attire to the wedding.,結婚式には正式な服装でお越しください。
B100882,formally,He dressed formally for the business meeting.,彼はビジネスミーティングのために正装した。
B100883,format,The format of the book is very user-friendly.,この本の体裁はとても使いやすいです。
B100884,format,You mustn't format this floppy disk.,このフロッピーをフォーマットしてはいけません。
B100885,former,The former president of the company retired last year.,会社の前社長は去年引退しました。
B100886,formula,The chemical formula for water is H2O.,水の化学式はH2Oです。
B100887,forth,He stepped forth into the unknown.,彼は未知の世界に進んだ。
B100888,fortnight,I will be on vacation for a fortnight.,私は2週間の休暇を取ります。
B100889,fortunate,I consider myself fortunate to have such supportive friends.,私は、こんなにも支えてくれる友達がいて幸運だと思っています。
B100890,foundation,The foundation of the company was laid in 1995.,会社の設立は1995年に行われました。
B100891,fountain,The fountain in the park is a popular spot for visitors.,公園の泉は、訪れる人々に人気のスポットです。
B100892,fragment,I found a fragment of a broken vase on the floor.,床の上に割れた花瓶の破片を見つけました。
B100893,freely,You can express yourself freely in this art class.,この美術クラスでは自由に自己表現することができます。
B100894,freezer,I need to put the ice cream in the freezer.,アイスクリームを冷凍器に入れなければなりません。
B100895,freezing,The temperature outside is freezing.,外の気温は凍るように寒いです。
B100896,frequency,The frequency of earthquakes in this region is quite high.,この地域の地震の頻度は非常に高いです。
B100897,frequent,I have frequent headaches.,私は頭痛がよく起こります。
B100898,frequently,I frequently go to the gym to exercise.,私はしばしば運動するためにジムに行きます。
B100899,freshman,She is a freshman at the university.,彼女は大学の新入生です。
B100900,friendliness,Her friendliness made everyone feel welcome.,彼女がとても親しみやすかったので、みんなが居心地よく感じた
B100901,fright,She screamed in fright when she saw the spider.,彼女はクモを見て恐怖で叫んだ。
B100902,frost,The ground was covered in a thin layer of frost.,地面は薄い霜で覆われていた。
B100903,frozen,I put the frozen pizza in the oven.,凍ったピザをオーブンに入れました。
B100904,frustrated,You are frustrated with your work.,君は仕事にいらだちを感じている。
B100905,frustration,I felt a deep sense of frustration when my carefully planned project failed.,私の注意深く計画されたプロジェクトが失敗した時、私は深い失望感を感じました。
B100906,fry,I love to fry chicken for dinner.,夕食にチキンを揚げるのが大好きです。
B100907,frying pan,I need to buy a new frying pan.,新しいフライパンを買わなければなりません。
B100908,fuel,There was a shortage of fuel.,燃料が不足していた。
B100909,full stop,I always put a full stop at the end of my sentences.,私はいつも文の最後にピリオドを入れます。
B100910,full-time,When are you going to hire me full-time?,いつから私を常勤にしてくれますか？
B100911,full-time,I work full time at the company.,私はその会社で常勤として働いています。
B100912,function,He fulfilled the functions of a statesman.,彼は政治家の職務をはたした。
B100913,fund,I need to raise funds for my new business venture.,新しいビジネスベンチャーのために資金を集める必要があります。
B100914,fund,"The museum was federally funded, providing a wealth of resources for education and research.",この博物館は連邦政府により資金提供を受け、教育と研究に豊富な資料を提供しました。
B100915,funeral,I attended a funeral yesterday.,昨日、私は葬式に出席しました。
B100916,fur,The coat is lined with fur.,このコートには毛皮の裏地が付けられている。
B100917,furnish,They decided to furnish their new apartment with modern furniture.,彼らは新しいアパートにモダンな家具を備え付けることに決めました。
B100918,further,I need to go further to reach my destination.,私は目的地に到達するためにもっと遠くに行かなければなりません。
B100919,furthermore,"Furthermore, I would like to thank everyone for their support.",なお、皆様のご支援に感謝申し上げます。
B100920,furthest,He traveled to the furthest corners of the earth.,彼は地球の最も遠い角まで旅をしました。
B100921,fuss,She made a fuss about the broken vase.,彼女は割れた花瓶のことで騒ぎを起こした。
B100922,future,He is a future doctor.,彼は医者の卵だ。
B100923,gain,The Dow Jones average posted a gain of two points today.,ダウ平均株価は今日２ポイント値上がりした。
B100924,gain,She worked hard to gain the trust of her colleagues.,彼女は同僚の信頼を得るために一生懸命働きました。
B100925,gall,The gall of the cow is used in traditional medicine.,牛の胆汁は伝統医学で使用されています。
B100926,gallon,I bought a gallon of milk at the grocery store.,私はスーパーマーケットで牛乳を１ガロン買いました。
B100927,gap,There is a gap between the two buildings.,2つの建物の間に隙間があります。
B100928,gardening,I enjoy gardening in my backyard.,私は庭で造園を楽しんでいます。
B100929,garment,She is wearing a beautiful garment.,彼女は美しい衣服を着ています。
B100930,gay,He is a gay and cheerful person.,彼は陽気で明るい人です。
B100931,gee,"Gee, I can't believe it!",ちぇっ、信じられない！
B100932,gene,Genes are passed down from ancestors to descendants.,遺伝子は祖先から子孫へ受け継がれます。
B100933,general,The general situation is advantageous to us.,全般的な状況はわれわれに有利だ。
B100934,general,He was promoted to general.,彼は陸軍大将に昇進した。
B100935,generally,"Generally, people prefer to eat healthy food.",普通は、人々は健康的な食べ物を好む。
B100936,generate,Solar panels generate electricity.,太陽光パネルは電気を発生させます。
B100937,generous,She is known for her generous nature.,彼女は気前のよい性格で知られている。
B100938,genetic,The genetic makeup of an individual plays a vital role in determining their susceptibility to certain diseases.,遺伝子の構成は、特定の病気にかかりやすいかどうかを決定するのに重要な役割を果たします。
B100939,genetically,Genetically modified crops have become more common in recent years.,近年、遺伝子組み換え作物がより一般的になってきました。
B100940,genetics,Genetics is the study of genes and heredity.,遺伝学は遺伝子と遺伝に関する研究です。
B100941,gentleman,He is a true gentleman.,彼は本当の紳士だ。
B100942,geographical,Geographical factors play a crucial role in determining a country's economic development.,地理的要素は、国の経済発展において重要な役割を果たしています。
B100943,geography,"Geography is the study of the Earth's physical features, climate, and the distribution of plants, animals, and human populations.",地理学は、地球の地形、気候、植物、動物、人口の分布を研究する学問です。
B100944,geology,I am studying geology at university.,私は大学で地質学を勉強しています。
B100945,gesture,She made a gesture of apology.,彼女は謝罪の身ぶりをした。
B100946,giant,I've never seen such a giant watermelon!,こんな大きなスイカは見たことがない。
B100947,gifted,She is a gifted musician.,彼女は天分のある音楽家です。
B100948,giggle,"There is a slight, awkward giggle from them.",彼らから少し気まずい笑いが起こる。
B100949,ginger,I love the taste of ginger in my tea.,私は紅茶に入れたショウガの味が好きです。
B100950,giraffe,The giraffe is the tallest animal in the world.,キリンは世界で最も背の高い動物です。
B100951,glance,She took a quick glance at the clock before leaving the room.,彼女は部屋を出る前に時計をちらっと見た。
B100952,glance,He glanced at her.,彼は彼女をちらっと見た。
B100953,glide,"Maybe that animal evolved from coming down from trees, and trying to control a glide.",もしかしたら、あの動物は木から降りて滑空をコントロールしようとして進化したのかもしれない。
B100954,glimpse,I caught a glimpse of her as she walked by.,彼女が通り過ぎるのをちらりと見た。
B100955,glint,That shawl will add a glint of style.,そのショールはスタイルにきらめきを与えてくれるでしょう。
B100956,global,Internationalization is important for global businesses.,国際化はグローバルビジネスにとって重要です。
B100957,glorious,She received a glorious award for her achievements.,彼女は功績に対して名誉ある賞を受けました。
B100958,glory,He basked in the glory of his victory.,彼は勝利の栄光に浸った。
B100959,go,Do you want to come along and give it a go?,一緒に行ってやってみない？
B100960,goalkeeper,The goalkeeper made an incredible save.,ゴールキーパーは信じられないセーブをしました。
B100961,goddess,Aphrodite is considered the goddess of love and beauty.,アフロディーテは愛と美の女神とされています。
B100962,golfer,The golfer hit a hole-in-one.,ゴルファーはホールインワンを出した。
B100963,goodness,"Thank goodness, I found my lost wallet.",よかった、私は失くした財布を見つけました。
B100964,goods,He inherited all of his father's goods.,彼は父の財産をすべて相続した。
B100965,gorgeous,The ballroom was decorated in a gorgeous style.,宴会場は豪華なスタイルで飾られていました。
B100966,gorilla,The gorilla is the largest primate.,ゴリラは最大の霊長類です。
B100967,gossip,I heard some juicy gossip about our neighbor.,私たちの隣人についてのおもしろいうわさを聞いた。
B100968,govern,The government has the power to govern the country.,政府は国を統治する権力を持っています。
B100969,governor,The governor of California signed a new bill into law.,カリフォルニア州の知事が新しい法案に署名しました。
B100970,gown,She wore a beautiful gown to the gala.,彼女は祝賀会に美しいドレスを着ていました。
B100971,grab,I grab the book from the shelf.,私は本を棚からぎゅっとつかむ。
B100972,graceful,"She is beautiful, and what is more, very graceful.",彼女は美しいが、さらによいことには非常に上品だ。
B100973,graduate,She is a college graduate.,彼女は大学を出ている。
B100974,graduation,I will be attending my graduation ceremony next week.,来週、私は卒業式に出席します。
B100975,grant,His project was funded by grants.,彼のプロジェクトは助成金でまかなわれている。
B100976,grant,The college granted him a scholarship.,大学は彼に奨学金を与えた。
B100977,graph,I created a graph to visualize the data.,データを視覚化するためにグラフを作成しました。
B100978,graphic,The graphic details of the crime scene were too disturbing to look at.,犯罪現場の生々しい詳細は見るに耐えなかった。
B100979,graphics,I studied graphics in college.,私は大学で製図法を勉強しました。
B100980,gratitude,I want to express my gratitude to my parents for their support.,両親のサポートに対する感謝の気持ちを表したいと思います。
B100981,grave,He visited his father's grave on the anniversary of his death.,彼は父の墓参りを父の命日に行った。
B100982,gravy,I poured the delicious gravy over my mashed potatoes.,私は美味しいグレービーをマッシュポテトにかけました。
B100983,greenhouse,The plants in the greenhouse are thriving.,温室の植物は元気に育っています。
B100984,greeting,They exchanged greetings.,彼らはあいさつを交わした。
B100985,grill,The chef cooked an alfonsino on the grill.,シェフはグリルで金目鯛を焼きました。
B100986,grill,I grilled some vegetables on a skewer.,私は野菜を串に刺して焼きました。
B100987,groom,The groom looked handsome in his tuxedo.,新郎はタキシード姿でハンサムに見えました。
B100988,ground floor,The reception area is located on the ground floor.,受付エリアは一階にあります。
B100989,group,The roses on exhibition are grouped together by colors.,展示中のバラは色別にまとめられてある。
B100990,grouping,The teacher stopped grouping the children according to their gender.,先生は子どもたちを性別でグループ分けするのをやめた。
B100991,growth,The company experienced rapid growth in the past year.,会社は昨年急速な成長を経験しました。
B100992,guarantee,The company offers a money-back guarantee for all its products.,会社は全ての製品に返金保証を提供しています。
B100993,guess,I could [[not even]] make a guess at the working of her mind.,彼女の心の動きを読むことさえできなかった。
B100994,guidance,The teacher provided guidance to the students.,先生は生徒たちに指導を行いました。
B100995,guide,The tour guide showed us around the city.,ツアーガイドが私たちに街を案内してくれました。
B100996,guide,The ferryman guided us across the river.,渡し守が私たちを川を渡って案内してくれました。
B100997,guilt,He was overwhelmed with guilt after committing the crime.,彼は犯罪を犯した後、罪悪感に圧倒されました。
B100998,guilty,He was found guilty of the crime.,彼はその犯罪で有罪とされた。
B100999,guitarist,I'd like to be a guitarist.,私はギタリストになりたい。
B101000,gym,I go to the gym every morning to work out.,毎朝、体を鍛えるためにジムに行きます。
B101001,gymnastics,She has been practicing gymnastics since she was five years old.,彼女は5歳の時から体操の練習をしています。
B101002,habitat,The Amazon rainforest is a rich habitat for a diverse range of plant and animal species.,アマゾンの熱帯雨林は多様な動植物種の豊かな生息地です。
B101003,hairdresser,I need to make an appointment with my hairdresser.,美容院の予約をしなければなりません。
B101004,hairdryer,I always use a hairdryer after taking a shower.,私はシャワーの後はいつもヘアドライヤーを使う。
B101005,half,The glass was half-empty.,グラスは半分空だった。
B101006,hammer,He used a hammer to drive the nail into the wall.,彼は金づちを使って釘を壁に打ち込んだ。
B101007,handball,I enjoy playing handball with my friends.,私は友達とハンドボールをするのが楽しいです。
B101008,hand held,This device is hand held and portable.,このデバイスは手に持てる大きさで、携帯用です。
B101009,handkerchief,I always carry a handkerchief with me.,いつもハンカチを持ち歩いています。
B101010,handle,I know how to handle difficult situations.,難しい状況を処理する方法を知っています。
B101011,handshake,They greeted each other with a firm handshake.,彼らはしっかりとした握手でお互いに挨拶しました。
B101012,handwriting,Her handwriting is beautiful.,彼女の肉筆は美しいです。
B101013,handy,This handy tool makes it easy to fix small problems.,この便利なツールを使用すると、小さな問題を簡単に修正できます。
B101014,hang,I hang my clothes on the clothesline.,私は物干し竿に洗濯物を干す。
B101015,hanging,There was a lamp hanging above the table.,テーブルの上にはランプがぶら下がっていた。
B101016,harbor,The harbor is bustling with activity as ships come and go.,港は船が出入りして活気に満ちています。
B101017,hardship,She has faced many hardships in her life.,彼女は人生で多くの辛苦を経験してきました。
B101018,hardworking,She is a hardworking student.,彼女は勤勉な学生です。
B101019,harness,He put on a harness and rode the horse.,彼は馬具をつけて馬に乗った。
B101020,hasty,He made a hasty decision without thinking it through.,彼は考えずに急いで決断した。
B101021,hatch,I opened the hatch to let some fresh air in.,新鮮な空気を入れるために、半戸を開けました。
B101022,hate,Love and hate are opposite emotions.,愛情と憎しみは正反対の感情だ。
B101023,hatred,She couldn't hide her hatred towards him.,彼に対する彼女の憎しみを隠すことはできなかった。
B101024,haunt,That bar is one of his favorite haunts.,あのバーは彼が良く顔を出すお気に入りの場所である。
B101025,haven,The cabin in the woods is a haven of safety.,森の中の小屋は安全な場所です。
B101026,hazard,The building was inspected for safety hazards.,建物は安全上の問題がないか検査された。
B101027,headline,The headline of the newspaper caught my attention.,新聞の見出しに私の注意が引かれました。
B101028,heal,Music has the power to heal our souls.,音楽は私たちの魂を癒す力を持っています。
B101029,healing,The cleric performed a healing ritual on the injured soldier.,聖職者は負傷した兵士に癒しの儀式を行った。
B101030,hearing,I had a hearing test yesterday.,昨日、聴力検査を受けました。
B101031,heart attack,He had a heart attack and was rushed to the hospital.,彼は心臓発作を起こし、病院に急送されました。
B101032,hearted,She is kind-hearted and always helps others.,彼女は心優しく、いつも他人を助けます。
B101033,hearty,She prepared a hearty meal for her family.,彼女は家族のために心のこもった食事を用意しました。
B101034,heat,She heated up the cold soup for supper.,彼女は冷えたスープを夕食に暖めた。
B101035,heater,I turned on the heater because it was cold.,寒かったので、暖房装置をつけました。
B101036,heaven,"He gazed up at the stars, feeling as if he were in heaven.",彼は星を見上げ、まるで天国にいるかのような気持ちになった。
B101037,heavenly,The view from the mountaintop was heavenly.,山頂からの景色は天のようだった。
B101038,heel,She wore high heels to the party.,彼女はパーティーにハイヒールを履いていた。
B101039,height,The height of the building is impressive.,建物の高さは感動的です。
B101040,helmet,He put on his helmet before heading into battle.,彼は戦闘に向かう前にヘルメットをかぶりました。
B101041,helpless,She felt helpless as she watched her baby cry uncontrollably.,赤ん坊が泣き止まないのを見て、彼女は無力だと感じた。
B101042,herd,The shepherd guided the herd of sheep to the pasture.,羊飼いは羊の群れを牧草地に誘導した。
B101043,hesitate,I hesitate to ask for help.,助けを求めることにためらいます。
B101044,hidden,The treasure was hidden in a secret cave.,宝物は秘密の洞窟に隠されていました。
B101045,highlight,I want to highlight the important points in my presentation.,プレゼンテーションで重要なポイントを強調したいです。
B101046,highly,She is highly skilled in playing the piano.,彼女はピアノの演奏に高度な技術を持っています。
B101047,hip,She injured her hip while dancing.,彼女は踊っている最中に腰を負傷しました。
B101048,hire,They decided to hire a new employee.,彼らは新しい従業員を雇うことを決めました。
B101049,historian,The historian conducted extensive research on ancient civilizations.,この歴史家は、古代文明について幅広い研究を行った。
B101050,historic,The city is known for its historic buildings and landmarks.,その都市は歴史的な建物や名所で知られています。
B101051,historical,The historical significance of this event cannot be overstated.,この出来事の歴史的な意義はどれだけ誇張してもしすぎることはありません。
B101052,hit,Their concert was a big hit.,彼らのコンサートは大当たりだった。
B101053,HIV,Antiretroviral drugs are used to treat HIV infection.,抗レトロウイルス薬はHIV感染症の治療に使用されます。
B101054,holy,The cathedral is a holy place of worship.,大聖堂は神聖な礼拝の場所です。
B101055,homeless,She saw a homeless man sleeping on the park bench.,彼女は公園のベンチで寝ているホームレスの男性を見ました。
B101056,honest,He is known for his honest and trustworthy nature.,彼は正直で信頼できる性格で知られています。
B101057,honestly,"Honestly, I don't know what to do.",正直に言って、私は何をすべきかわかりません。
B101058,honesty,Honesty is the best policy.,正直は最良の方針です。
B101059,honeymoon,They went on a honeymoon to Hawaii.,彼らはハワイに新婚旅行に行った。
B101060,hop,"Yes. And it's only a hop, skip and a jump to the nearest mall.",ええ、いちばん近いショッピングセンターから目と鼻の先よ。
B101061,hope,He hopes he'll win and I hope so too.,彼は勝てると思っており、私もそう願っている。
B101062,hopeful,She looked at the bright future with hopeful eyes.,彼女は希望に満ちた目で明るい未来を見つめた。
B101063,hopefully,"Hopefully, the weather will be nice for our picnic.",願わくば、ピクニックのために天気が良いことを願っています。
B101064,hopeless,She felt hopeless after failing the exam.,彼女は試験に失敗して希望を失ったと感じた。
B101065,horizon,The sun sets below the horizon.,太陽は地平線の下に沈みます。
B101066,horn,The sound of the horn echoed through the valley.,角笛の音が谷間に響き渡った。
B101067,horrible,The horror movie was so horrible that I couldn't sleep at night.,そのホラー映画はとても恐ろしかったので、夜眠れませんでした。
B101068,horrify,The horror movie will horrify you.,そのホラー映画はあなたをぞっとさせるでしょう。
B101069,hostel,I stayed at a hostel during my backpacking trip.,私はバックパッキング旅行中にホステルに泊まりました。
B101070,household,How many people are there in this household?,この家族は何人家族ですか。
B101071,housework,I have a lot of housework to do today.,今日はたくさんの家事をしなければなりません。
B101072,huge,The elephant is huge.,象は巨大です。
B101073,human,Humans have the ability to think and reason.,人間は思考や推論の能力を持っています。
B101074,humanity,Kindness and compassion are important aspects of humanity.,親切さと思いやりは人間性の重要な側面です。
B101075,humid,The air in the room feels humid.,部屋の空気が湿気を感じる。
B101076,humor,She has a great sense of humor.,彼女はユーモアのセンスが素晴らしいです。
B101077,humorous,He always tells humorous jokes that make everyone laugh.,彼はいつもこっけいなジョークを言って、みんなを笑わせる。
B101078,hunger,I couldn't concentrate on my work because of hunger.,私は空腹のために仕事に集中できませんでした。
B101079,hunt,They had a good hunt.,彼らはいい狩りができた。
B101080,hunt,They hunted deer and foxes.,彼らは鹿や狐を狩った。
B101081,hurriedly,She hurriedly packed her bags and rushed to the airport.,彼女は急遽荷物を詰めて空港に急いだ。
B101082,hurt,She applied a bandage to my hurt finger.,彼女は私のけがした指に包帯をした。
B101083,hut,I built a small hut in the woods.,私は森の中に小さな小屋を建てました。
B101084,ice hockey,I enjoy playing ice hockey with my friends.,私は友達とアイスホッケーをするのが楽しいです。
B101085,ice skating,I love going ice skating with my friends on the weekends.,週末に友達とアイススケートに行くのが大好きです。
B101086,identity,He didn't reveal his identity.,彼は身元を明かさなかった。
B101087,identity card,I forgot to bring my identity card with me.,身分証明書を持ってくるのを忘れてしまった。
B101088,idiom,The teacher said that we must memorize these idioms.,先生はこれらのイディオムを暗記しろ、と言った。
B101089,idol,She is a popular idol in Japan.,彼女は日本で人気のアイドルです。
B101090,ignore,Please ignore the noise and focus on your work.,騒音を無視して仕事に集中してください。
B101091,illegally,He was arrested for illegally downloading movies.,彼は違法に映画をダウンロードしたために逮捕されました。
B101092,illness,She has been suffering from a serious illness for years.,彼女は数年間、重い病気に苦しんでいます。
B101093,illuminate,The streetlights illuminate the dark road.,街灯が暗い道を照らす。
B101094,imaginary,She has an imaginary friend.,彼女は想像上の友達を持っています。
B101095,imitate,She likes to imitate her favorite singer.,彼女は好きな歌手の真似をするのが好きだ。
B101096,immediate,I need your immediate response to this matter.,この件については早急な対応が必要です。
B101097,immediately,He responded immediately to my request.,彼は私のリクエストにただちに応じました。
B101098,immigrate,Many people choose to immigrate to Canada for better opportunities.,多くの人々がより良い機会を求めてカナダに移住することを選びます。
B101099,immigration,Immigration is a hot topic in the current political climate.,移民は現在の政治的な状況で注目されている話題です。
B101100,impair,The accident impaired his ability to walk.,事故によって彼の歩行能力が損なわれました。
B101101,impression,Her smile left a lasting impression on me.,彼女の笑顔が印象に残っている。
B101102,impressive,The fireworks display was truly impressive.,花火の打ち上げは本当に印象的でした。
B101103,improper,His behavior was improper for a formal event.,彼の行動は正式なイベントにふさわしくなかった。
B101104,improvement,Continuous improvement is essential for personal growth.,個人の成長には継続的な改善が不可欠です。
B101105,incident,There was a serious incident at the factory yesterday.,昨日、工場で重大な事件がありました。
B101106,including,"This salad is delicious, including fresh vegetables and tangy dressing.",このサラダは、新鮮な野菜と酸味のあるドレッシングが入っていて、美味しいです。
B101107,income,My income has increased significantly this year.,私の収入は今年大幅に増加しました。
B101108,inconvenient,The broken elevator made it inconvenient for us to reach the top floor.,壊れたエレベーターのせいで、私たちは最上階に行くのが不便でした。
B101109,incorrect,He gave me incorrect directions to the restaurant.,彼は私にレストランへの間違った道順を教えました。
B101110,increase,They asked for an increase of salary.,彼らは給料を上げることを要求した。
B101111,increasingly,She is becoming increasingly confident in her abilities.,彼女はますます自分の能力に自信を持ってきています。
B101112,incredible,The view from the top of the mountain was incredible.,山の頂上からの景色は信じられなかった。
B101113,incredibly,He ran incredibly fast.,彼は信じられないほど速く走った。
B101114,indefinite article,"In some languages, there are no indefinite articles.",一部の言語には不定冠詞がない。
B101115,independent,She is an independent woman who doesn't rely on others.,彼女は他に頼らない自立した女性です。
B101116,indirect,He took an indirect route to avoid traffic.,彼は交通渋滞を避けるために迂回路を取った。
B101117,indirectly,He indirectly hinted at his true intentions.,彼は間接的に彼の真の意図をほのめかした。
B101118,individual,This can't be done by individual effort.,これは個人の力で出来るものではない。
B101119,indoors,I prefer to stay indoors on rainy days.,雨の日は室内にいるのが好きです。
B101120,industrial,The industrial sector is experiencing rapid growth.,産業部門は急速な成長を遂げています。
B101121,industry,The automotive industry is a major contributor to the economy.,自動車産業は経済に大きく貢献しています。
B101122,inevitable,"Change is inevitable, growth is optional.",変化は避けられないが、成長は選択の余地がある。
B101123,infection,The infection spread rapidly throughout the community.,感染はコミュニティ全体に急速に広がった。
B101124,infinitive,The following verbs only take the to-infinitive as their object.,以下の動詞はto不定詞のみを目的語にする。
B101125,inform,I will inform him of the meeting.,私は彼に会議のことを知らせます。
B101126,informative,Reading books is an informative activity.,本を読むことは有益な活動です。
B101127,ingredient,Salt is an essential ingredient in cooking.,塩は料理に欠かせない成分です。
B101128,inhabitant,The plan met with opposition from the inhabitants.,その計画は住民の反対にあった。
B101129,inhale,I don't like to inhale someone's smoke while I'm working.,仕事している時に他人のたばこのけむりを吸うのはいやだ。
B101130,initial,The lovers engraved the oak tree with their initials.,恋人たちは自分たちの頭文字をかしの木に刻んだ。
B101131,initially,"Initially, I was hesitant to try new things.",当初、新しいことを試すのに躊躇していました。
B101132,inject,The nurse will inject the vaccine into your arm.,看護師があなたの腕にワクチンを注入します。
B101133,injury,He suffered a serious injury during the game.,彼は試合中に重傷を負った。
B101134,ink,I need to buy some ink for my printer.,プリンター用のインクを買わないといけない。
B101135,innermost,The innermost part of the forest is the most mysterious.,森の一番奥は一番神秘的です。
B101136,innocent,It is believed that he was innocent.,彼は無実だと信じられている。
B101137,innovator,She is an innovator in the field of technology.,彼女は技術の分野で革新者です。
B101138,inquiry,I have an inquiry about the new product.,新製品についての質問があります。
B101139,insane,He had an insane look in his eyes.,彼の目には狂気の光が宿っていた。
B101140,inscribe,I'm going to inscribe my name on the wall.,私は壁に自分の名前を刻むつもりです。
B101141,inscription,The inscription on the monument commemorates the fallen soldiers.,碑文には戦没者を追悼する言葉が刻まれています。
B101142,insight,She has a deep insight into human behavior.,彼女は人間の行動に深い洞察を持っている。
B101143,insist,She insisted on helping me.,彼女は私を助けようと強く主張した。
B101144,inspection,The inspection of the building revealed several safety violations.,建物の調査でいくつかの安全違反が明らかになりました。
B101145,inspire,Her story inspired me to pursue my dreams.,彼女の話を聞いて、私は夢を追い求めるようになった。
B101146,install,I need to install a new software on my computer.,私はコンピュータに新しいソフトウェアをインストールする必要があります。
B101147,instance,Can you give me an instance of how to use this software?,このソフトウェアの使い方の例を教えてもらえますか？
B101148,instead of,I decided to walk instead of taking the bus.,バスに乗る代わりに歩くことに決めました。
B101149,institute,He works at a research institute.,彼は研究所で働いています。
B101150,instruction,The teacher gave clear instructions to the students.,先生は生徒たちに明確な指示を与えました。
B101151,instructor,The instructor taught us how to swim.,教師は私たちに泳ぎ方を教えてくれました。
B101152,insurance,I need to renew my insurance policy.,私は保険契約を更新する必要があります。
B101153,intend,I intend to go to the gym tomorrow.,明日、ジムに行くつもりです。
B101154,intense,She had an intense desire to win the competition.,彼女は競争に勝つという強烈な欲望を持っていた。
B101155,intensive,She had an intensive workout at the gym.,彼女はジムで集中的にワークアウトをした。
B101156,intention,She had no intention of going to the party.,彼女はパーティーに行くつもりはなかった。
B101157,intentionally,He intentionally ignored her.,彼は故意に彼女を無視した。
B101158,interact,I love to interact with people from different cultures.,私は異なる文化の人々と交流するのが好きです。
B101159,interaction,There is a strong interaction between the two characters in the movie.,映画の中で、二人のキャラクターの間には強い相互作用があります。
B101160,interest,The teacher tried to interest the students in current events.,先生は学生に時事問題に興味を持たせようとした。
B101161,intermediate,She is at an intermediate level in French.,彼女のフランス語は中級レベルです。
B101162,intermission,"During the intermission, the audience went to get refreshments.",休憩時間に、観客は軽食を買いに行きました。
B101163,internal,The internal structure of the building is well-designed.,建物の内部構造はよく設計されています。
B101164,internationally,He is recognized internationally for his contributions to the field of science.,彼は科学の分野への貢献に対して国際的に認められています。
B101165,interrupt,"I'm sorry to interrupt, but can I ask a question?",申し訳ありませんが、お尋ねしてもよろしいですか？
B101166,interval,There was a long interval before he answered.,彼が答えるまでに長い間があった。
B101167,interview,The recruiter interviewed several candidates for the job.,採用担当者はその仕事のために数人の候補者を面接した。
B101168,interviewee,The interviewer discerned that the interviewee was nervous.,インタビュアーは、インタビューの相手が緊張していることに気付きました。
B101169,introduction,Let me give you a brief introduction of John to Mary.,メアリーに、私からジョンの簡単な紹介をさせてください。
B101170,invasion,The country prepared its defenses against the invasion.,国は侵入に備えて防御を準備しました。
B101171,invest,I want to invest in stocks.,私は株に投資したいです。
B101172,investigation,The police are conducting an investigation into the robbery.,警察は強盗事件について捜査を行っています。
B101173,invitation,I received an invitation to the party.,私はパーティーの招待状を受け取りました。
B101174,involuntarily,She involuntarily agreed to go on the roller coaster.,彼女はいやいやながらローラーコースターに乗ることに同意した。
B101175,involve,I involve myself in various activities.,私はさまざまな活動に関わっています。
B101176,involved,She is actively involved in political campaigns.,彼女は政治的なキャンペーンに積極的に関与しています。
B101177,iron,Iron is a strong and durable metal.,鉄は強くて丈夫な金属です。
B101178,iron,Please iron the shirt.,シャツにアイロンをかけてください。
B101179,ironing,I need to do some ironing before the party.,パーティーの前にアイロンかけをしなければならない。
B101180,irregular,He has an irregular work schedule.,彼は不規則な勤務時間を持っています。
B101181,irritate,The answer irritated me.,その返事は私をいらいらさせた。
B101182,isle,The isle was surrounded by crystal clear waters.,その島は透明な水に囲まれていました。
B101183,isolation,The COVID-19 pandemic has led to the isolation of many people.,COVID-19パンデミックは多くの人々の孤立を引き起こしました。
B101184,ivory,The illegal trade of ivory is a major concern for wildlife conservationists.,象牙の違法取引は野生生物保護活動家にとって重大な懸念事項です。
B101185,jade,She wore a beautiful jade necklace.,彼女は美しい玉のネックレスを身に着けていました。
B101186,jail,He was sentenced to five years in jail.,彼は刑務所に５年間の刑を宣告された。
B101187,jar,I found a jar of cookies in the kitchen.,私は台所でクッキーの入った瓶を見つけました。
B101188,jazz,She is interested in jazz.,彼女はジャズに興味がある。
B101189,jealous,They are jealous of us.,彼らは私たちに嫉妬している。
B101190,jewel,She wore a beautiful jewel necklace to the party.,彼女はパーティーに美しい宝石のネックレスを身に着けていました。
B101191,jog,She jogged lightly in the park.,彼女は公園で軽くジョギングしました。
B101192,jogging,I enjoy jogging in the park every morning.,毎朝公園でジョギングを楽しんでいます。
B101193,joint,I have a joint bank account with my spouse.,私は配偶者と共同の銀行口座を持っています。
B101194,joke,He is always joking.,彼はいつも冗談を言ってばかりいる。
B101195,journal,I write in my journal every night.,私は毎晩日記を書きます。
B101196,journalist,The journalist interviewed the politician for the news article.,ジャーナリストはニュース記事のために政治家にインタビューしました。
B101197,judge,The judge's decision is final.,審判の判定は絶対だ。
B101198,judgement,She used her judgement to make the right decision.,彼女は判断力を使って正しい決断をしました。
B101199,jug,The large ceramic jug on the kitchen counter was filled with fresh lemonade for the family gathering.,キッチンのカウンターに置かれた大きな陶器の水差しには、家族団らんのための新鮮なレモネードが注がれていた。
B101200,juicy,The watermelon was juicy and refreshing.,スイカはジューシーでさわやかでした。
B101201,jumper,He put on his jumper before going to work.,彼は仕事に行く前にジャンパーを着ました。
B101202,jungle,I explored the dense jungle in the Amazon rainforest.,私はアマゾンの熱帯雨林の密林を探検しました。
B101203,justice,Justice prevailed in the courtroom.,法廷で正義が勝利した。
B101204,kettle,I boiled water in the kettle.,私はやかんでお湯を沸かしました。
B101205,keyboard,I love playing the piano. The keyboard is my favorite part.,私はピアノを弾くのが大好きです。鍵盤は私のお気に入りの部分です。
B101206,kid,Don't kid yourself.,世間を甘くみるな！
B101207,killing,He made a killing in the stock market.,彼は株式市場でぼろ儲けをした。
B101208,kindly,She kindly offered to help me with my project.,彼女は親切にも私のプロジェクトを手伝ってくれると申し出てくれました。
B101209,kindness,She showed kindness to everyone she met.,彼女は出会う人々に親切を示しました。
B101210,kiss,She kissed her mother good night.,彼女はお母さんにおやすみのキスをした。
B101211,kitten,I adopted a cute kitten yesterday.,私は昨日、可愛い子猫を飼いました。
B101212,knit,She loves to knit sweaters for her family.,彼女は家族のためにセーターを編むのが大好きです。
B101213,knock,He knocked on the door.,彼はドアをノックした。
B101214,lab,I spent all day in the lab conducting experiments.,私は一日中実験室で実験を行いました。
B101215,laboratory,I spent the whole day working in the laboratory.,私は一日中実験室で働いていました。
B101216,ladder,He climbed up the ladder to reach the roof.,彼は屋根にたどり着くためにはしごを登った。
B101217,lamb,I had a delicious lamb chop for dinner.,夕食においしい子羊のチョップを食べました。
B101218,land,The ship approached the land after a long journey at sea.,船は長い航海の後、陸地に近づいた。
B101219,landlord,The landlord is responsible for maintaining the property.,家主は物件を維持する責任を負います。
B101220,largely,She is largely responsible for the success of the project.,彼女はそのプロジェクトの成功において大きな責任を担っている。
B101221,last,Tom arrived last.,トムは一番遅れて着きました。
B101222,last,"Despite the numerous challenges, she managed to last till the end of the journey.",数多くの困難にもかかわらず、彼女は旅の終わりまで持ちこたえることができました。
B101223,lasting,This new medicine has a lasting effect.,この新薬は効果が永続的である。
B101224,latecomer,He is always the latecomer to our meetings.,彼はいつも私たちの会議に遅れて来る人です。
B101225,lately,I haven't been feeling well lately.,最近、体調が良くないです。
B101226,laugh,He responded to her offer with a laugh.,彼は彼女の申し出に笑って答えた。
B101227,laughter,Her laughter filled the room.,彼女の笑いが部屋に満ちた。
B101228,launch,They are planning to launch a new product next month.,彼らは来月新製品を発売する予定です。
B101229,lawful,It is important to always follow lawful procedures.,常に合法的な手続きに従うことが重要です。
B101230,lay,She decided to lay down and take a nap.,彼女は横になって昼寝することに決めた。
B101231,layer,The outermost layer of the cake is decorated with frosting.,ケーキの最も外側の層はフロスティングで飾られています。
B101232,lead,That horse was the lead runner in a race.,その馬がそのレースを引っ張っていた。
B101233,lead,This road leads to the airport.,この道は空港に通じている。
B101234,leadership,He demonstrated strong leadership skills in guiding the team towards success.,彼はチームを成功に導くために強力なリーダーシップスキルを示しました。
B101235,leading,China is a leading exporter of arms.,中国は武器の有力輸出国だ。
B101236,league,She plays in the local soccer league.,彼女は地元のサッカーリーグでプレーしています。
B101237,lean,She has a lean figure.,彼女はスリムな体型です。
B101238,leap,A fish leaped out of the water.,魚が水面から飛び上がった。
B101239,least,He has the least amount of money among all his friends.,彼は友達の中で一番お金が少ない。
B101240,leave,I will be taking a leave of absence next week.,来週、私は休暇を取ります。
B101241,lecture,I attended a lecture on artificial intelligence.,私は人工知能についての講義に出席しました。
B101242,legal,It is important to consult a legal professional before signing any contracts.,契約書に署名する前に法律の専門家に相談することが重要です。
B101243,legally,"Legally, you are not allowed to drive without a valid license.",法律上、有効な免許証を持たずに運転することは許されていません。
B101244,length,The length of the river is 500 kilometers.,その川の長さは500キロメートルです。
B101245,lessen,I try to lessen my carbon footprint by using public transportation.,私は公共交通機関を利用することで自分の二酸化炭素排出量を少なくしようとしています。
B101246,lettuce,I love eating lettuce in my salads.,私はサラダにレタスを食べるのが大好きです。
B101247,level,The ground is level and easy to walk on.,地面は平らで歩きやすいです。
B101248,liar,He is a notorious liar.,彼は悪名高いうそつきだ。
B101249,liberate,The army was able to liberate the city from its oppressors.,軍は、都市をその圧制者から解放することができました。
B101250,liberation,The liberation of the country was a long and difficult process.,国の解放は長くて困難なプロセスでした。
B101251,librarian,The librarian helped me find a book.,司書は私が本を見つけるのを手伝ってくれました。
B101252,lie,She told a lie to her parents.,彼女は両親に嘘をついた。
B101253,lifeguard,The lifeguard kept a close watch on the swimmers at the beach.,海水浴場で、看視人は泳ぐ人々を注意深く見守った。
B101254,lifelong,He has been a lifelong fan of the team.,彼は生涯にわたってそのチームのファンです。
B101255,lift,I'll give you a lift.,車に乗せてあげよう。
B101256,lift,He used his strength to lift the heavy box.,彼は力を使って重い箱を持ち上げた。
B101257,light,I will light the candles on the cake.,私はケーキのろうそくを灯すつもりです。
B101258,lighter,I need a lighter to start the campfire.,キャンプファイヤーを始めるためにライターが必要です。
B101259,lightly,She lightly touched his shoulder.,彼女は軽く彼の肩に触れた。
B101260,lightning,The lightning struck the tree during the storm.,嵐の中でいなずまが木に落ちた。
B101261,like,"He acts like he knows everything, but he doesn't.",彼は何でも知っているかのように振る舞っていますが、そうではありません。
B101262,likeness,There is a strong likeness between the two sisters.,二人の姉妹の間には強い類似点があります。
B101263,limit,There is a limit to how much you can eat.,食べられる量には限りがある。
B101264,limit,The company is limiting the number of attendees for the event.,会社はイベントの参加者数を制限しています。
B101265,limitation,There is a limitation on the number of participants for the event.,イベントの参加者数に制限があります。
B101266,limited,The number of tickets available for the concert is limited.,コンサートのチケットの数は限られています。
B101267,limp,The German Shepherd was limping down the street.,ジャーマン・シェパードは足を引きずりながら通りを歩いていた。
B101268,link,There's a vital link between the two.,２つの間には重要なつながりがある。
B101269,link,The detective found external evidence that linked the suspect to the crime scene.,探偵は犯人と犯行現場を結びつける外的証拠を見つけた。
B101270,liquid,You should take liquid food.,流動食を取ってください。
B101271,liquid,I spilled the liquid on the floor.,私は床に液体をこぼしました。
B101272,literary,She has a deep appreciation for literary works.,彼女は文学作品に対して深い感謝の気持ちを持っています。
B101273,literature,She studied literature in college.,彼女は大学で文学を勉強しました。
B101274,little,There is little hope that they are alive.,彼らが生きているという望みはほとんどない。
B101275,little,I know little of the recent situation.,私は最近の状況をほとんど知らない。
B101276,live,I don't want to eat a live lobster.,私は生きたままのえびは食べたくない。
B101277,liver,She is a high-liver.,彼女はお酒をよく飲む人です
B101278,loaf,I bought a loaf of bread from the bakery.,私はパン屋から一塊のパンを買いました。
B101279,locate,Can you help me locate my keys?,私の鍵の場所を教えてもらえますか？
B101280,location,I need to find the location of the meeting.,私は会議の場所を見つける必要があります。
B101281,lock,I always lock the door before leaving the house.,私は家を出る前にいつもドアを施錠します。
B101282,lodge,I went to the porters lodge to ask for directions.,私は方向を尋ねるために守衛所に行きました。
B101283,log,He is sawing a log into boards.,彼は丸太をのこぎりでひいて板にしている。
B101284,logic,Logic is the study of reasoning and argumentation.,論理学は推論と論証の研究です。
B101285,logo,The company redesigned its logo to give it a more modern look.,会社はロゴを再デザインして、より現代的な印象にしました。
B101286,lorry,The lorry was carrying a heavy load.,その貨物自動車は重い荷物を運んでいました。
B101287,loss,I experienced a great loss when my grandmother passed away.,祖母が亡くなった時、私は大きな喪失感を経験しました。
B101288,lottery,I won the lottery and became a millionaire overnight.,私は宝くじに当たって一夜にして大富豪になりました。
B101289,loud,The music at the concert was so loud that my ears were ringing.,コンサートの音楽はとてもうるさかったので、耳鳴りがしました。
B101290,loud,Don't talk so loud.,そんな大声で話すな！
B101291,loudspeaker,The loudspeaker was used to amplify the sound.,拡声器は音を増幅するために使用されました。
B101292,lovingly,She lovingly caressed his face.,彼女は愛情を込めて彼の顔をなでた。
B101293,loyal,He is a loyal friend who always stands by your side.,彼はいつもあなたのそばに立ってくれる忠実な友人です。
B101294,loyalty,Loyalty is a virtue that should be cherished.,忠義は大切にすべき美徳です。
B101295,luggage,I need to pack my luggage for the trip.,旅行のために手荷物を詰める必要があります。
B101296,lung,He has a problem with his lung.,彼は肺の問題を抱えています。
B101297,luxury,She enjoyed the luxury of staying in a five-star hotel.,彼女は５つ星ホテルに泊まるというぜいたくを楽しんだ。
B101298,magical,She cast a magical spell on the book.,彼女はその本に魔法の呪文をかけた。
B101299,magician,The magician performed an amazing trick.,魔法使いは素晴らしいトリックを披露しました。
B101300,magnificent,The view from the top of the mountain was magnificent.,山の頂上からの景色は壮大だった。
B101301,mail,Remember to mail this letter.,この手紙を忘れずに投函しなさい。
B101302,mailbox,I found a letter in the mailbox.,私は郵便箱で手紙を見つけました。
B101303,main,The main purpose of this project is to improve efficiency.,このプロジェクトの主な目的は効率を改善することです。
B101304,maintain,It is important to maintain a healthy lifestyle.,健康な生活を維持することは重要です。
B101305,maintenance,Regular maintenance is essential to keep your car running smoothly.,定期的なメンテナンスは、車をスムーズに走らせるために必要です。
B101306,majority,The majority of the students voted in favor of the new school policy.,生徒の大多数が新しい学校の方針に賛成票を投じました。
B101307,male,He is a male student.,彼は男子学生です。
B101308,management,Effective management is crucial for the success of any organization.,効果的な管理は、どんな組織の成功にも重要です。
B101309,mankind,Mankind has made significant advancements in technology.,人類は技術の重要な進歩を遂げてきました。
B101310,maple,The maple leaves turned a beautiful shade of red in the autumn.,秋になるとカエデの葉が美しい赤色に変わります。
B101311,marble,The statue was made of marble.,その像は大理石で作られていました。
B101312,march,The march was a powerful display of unity.,その行進は団結の力強い表現だった。
B101313,march,They march in perfect rhythm.,彼らは完璧なリズムで行進する。
B101314,marine,The marine life in the Great Barrier Reef is incredibly diverse.,グレートバリアリーフの海洋生物は非常に多様です。
B101315,marked,The package was marked with a red sticker.,パッケージに赤いステッカーがついていました。
B101316,market,Christmas is a good time to market new toys.,クリスマスは新しいおもちゃをうりだすいい機会だ。
B101317,marriage,Marriage is a lifelong commitment.,結婚は一生の約束です。
B101318,mash,I love to mash potatoes.,私はマッシュポテトが大好きだ。
B101319,mass,I prefer using mass transit over driving my car.,私は車を運転するよりも公共交通機関を利用する方が好きです。
B101320,massive,The elephant is massive.,象は大きいです。
B101321,match,His skills match those of a professional.,彼の技術はプロと匹敵する。
B101322,mathematician,The mathematician solved the complex equation.,数学者は複雑な方程式を解いた。
B101323,mathematics,I enjoy studying mathematics.,私は数学の勉強を楽しんでいます。
B101324,maximum,Mark your maximum efforts.,最大限の努力をしなさい。
B101325,maximum,We need an extra 600g a day maximum.,１日あたり最大600g追加で必要だ。
B101326,mayor,The mayor of the city attended the opening ceremony.,市長は開会式に出席しました。
B101327,meaningful,Reading books is a meaningful activity.,本を読むことは有意義な活動です。
B101328,meanwhile,"Meanwhile, the children were playing in the garden.",その間、子供たちは庭で遊んでいました。
B101329,measure,Money is the measure of worth.,金銭は価値の尺度である。
B101330,measure,The temperature is measured in Kelvin.,温度はケルビンで測定されます。
B101331,measurement,I need to take a measurement of the room before buying furniture.,家具を買う前に部屋の寸法を測らなければなりません。
B101332,mechanic,The mechanic fixed my car.,機械工は私の車を修理しました。
B101333,mechanical,He has a mechanical watch.,彼は機械式の腕時計を持っています。
B101334,meditate,I like to meditate before making important decisions.,重要な決定をする前に、私は瞑想するのが好きです。
B101335,meditation,I find meditation to be a great way to relax and clear my mind.,私は瞑想がリラックスや心の整理に役立つと思います。
B101336,Mediterranean,I love taking cruises in the Mediterranean.,地中海でクルーズするのが大好きです。
B101337,medium,I prefer to cook my steak to a medium level of doneness.,私はステーキをミディアムレアで調理するのが好きです。
B101338,medium,Copper is a good medium for the conduction of heat and electricity.,銅は熱と電気の伝導に適した媒体です。
B101339,melt,The ice cubes slowly melt in the warm water.,氷のキューブが温かい水の中でゆっくりと溶ける。
B101340,membership,I applied for a membership at the local gym.,私は地元のジムに会員申請をしました。
B101341,memorable,The trip to Paris was a memorable experience.,パリへの旅は忘れられない経験でした。
B101342,memorize,I need to memorize all the vocabulary words for the test.,テストのためにすべての単語を記憶する必要があります。
B101343,mend,I need to mend my broken glasses.,私は壊れた眼鏡を直す必要があります。
B101344,mental,Taking care of your mental health is important.,精神の健康に気を使うことは重要です。
B101345,mentally,She is mentally strong and can handle any challenge.,彼女は精神的に強く、どんな挑戦でも乗り越えることができる。
B101346,mention,I would like to mention that the meeting has been rescheduled.,会議の日程が変更されたことをお伝えしたい。
B101347,merchant,Marco Polo was an Italian merchant and explorer.,マルコポーロはイタリアの商人であり探検家でした。
B101348,mere,That is a mere excuse for idleness.,それは怠ける口実にすぎない。
B101349,merely,It's merely a joke.,それは単なる冗談だよ。
B101350,mess,Don't make a mess in your room.,部屋を散らかさないでください。
B101351,message board,"If you disagree with someone else using the message board, please be courteous.",掲示板の他の利用者に異論を唱える場合は、礼儀正しくお願いします。
B101352,messy,Her room is always messy.,彼女の部屋はいつも乱雑です。
B101353,middle-aged,The majority of the middle-aged people felt anxiety for their future.,中高年の人たちの大部分が将来に対して不安を感じていた。
B101354,mild,She has a mild temperament.,彼女は柔和な気質を持っています。
B101355,mile,I ran a mile today.,今日、私は1マイル走りました。
B101356,mineral,Plants require minerals for their growth.,植物は成長に無機物を必要とします。
B101357,minimize,I try to minimize my expenses by budgeting carefully.,私は慎重に予算を立てることで、出費を最小限に抑えるようにしている。
B101358,minimum,What's the minimum wage in your country?,あなたの国の最低賃金はいくらですか？
B101359,minimum,The damage was held to a minimum.,被害は最小限に食い止められた。
B101360,minor,He is nothing but a minor artist.,彼は二流の芸術家にすぎない。
B101361,minority,The rights of the minority should be protected.,少数派の権利は保護されるべきです。
B101362,minus,"That will be $1,500, minus the deposit of $150 that you already paid.",すでに支払った150ドルを差し引くと、1500ドルとなる。
B101363,miracle,Witnessing the birth of a baby is a miracle.,赤ちゃんの誕生を目撃することは奇跡だ。
B101364,mischief,He always gets into mischief when he's bored.,彼は退屈するといつもいたずらをする。
B101365,miserable,She felt miserable after losing her job.,彼女は仕事を失った後、みじめな気持ちになった。
B101366,misery,Misery and sorrow accompany war.,戦争には悲惨と悲しみが伴う。
B101367,mislead,He tried to mislead me with false information.,彼は偽の情報で私を誤解させようとした。
B101368,mission,The mission was sent to negotiate a peace treaty.,使節団は平和条約の交渉のために派遣されました。
B101369,misty,The misty morning made it difficult to see the road.,霧の深い朝は道路が見えにくかった。
B101370,misunderstanding,There was a misunderstanding of my intentions.,私の意図が誤解されました。
B101371,mixing bowl,Put the egg yolks and sugar in a large mixing bowl and beat until light and fluffy.,卵黄と砂糖を大きな泡だて器用ボウルに入れて、ふんわりするまで泡立ててください。
B101372,modal auxiliary,Some modal auxiliary verbs are not used in the interrogative sentence.,一部の法助動詞は、疑問文で使われることはありません
B101373,model,Carl cannot have been a model student.,カールが優等生だったはずがない。
B101374,model,She loves to model.,彼女はモデルをするのが好きだ。
B101375,modem,I need to reset the modem.,モデムをリセットする必要があります。
B101376,moderate,Try to be moderate in drinking.,酒を飲むのはほどほどにするように。
B101377,modify,I need to modify my schedule for next week.,来週の予定を変更する必要があります。
B101378,moisture,The moisturizer helps to lock in moisture and keep the skin hydrated.,保湿剤は水分を閉じ込めて肌を潤いを保ちます。
B101379,molecule,Water is a molecule composed of two hydrogen atoms and one oxygen atom.,水は、2つの水素原子と1つの酸素原子から構成される分子です。
B101380,monitor,I need to buy a new monitor for my computer.,私はコンピューター用の新しいモニターを買う必要があります。
B101381,monitor,The U.N. monitored the country's elections.,国連はその国の選挙を監視した。
B101382,monk,The monk meditated in silence.,修道僧は静かに瞑想した。
B101383,monster,The monster emerged from the depths of the ocean.,怪物が海の底から現れた。
B101384,monthly,I have a monthly meeting with my team.,私はチームと月に１回ミーティングを行っています。
B101385,monthly,Most of these people are paid monthly.,ほとんどの人は毎月給料をもらっている。
B101386,monument,The Statue of Liberty is a famous monument in New York City.,自由の女神像はニューヨーク市の有名な記念碑です。
B101387,moral,It is contrary to the morals.,それは道徳に反する。
B101388,more,She exercises more frequently than he does.,彼女は彼よりも頻繁に運動する。
B101389,moreover,"Moreover, she is also a talented musician.",その上、彼女は才能あるミュージシャンでもある。
B101390,mosquito,I got bitten by a mosquito last night.,昨晩、蚊に刺されました。
B101391,moss,The old stone wall was covered in lush green moss.,古い石の壁は豊かな緑の苔で覆われていました。
B101392,motherland,I am proud of my motherland.,私は母国に誇りを持っています。
B101393,motionless,"She stood motionless, unable to move.",彼女は動かずに立っていた、動くことができなかった。
B101394,motivate,Setting goals can help motivate you to achieve success.,目標を設定することは、成功するためにあなたをやる気にしてます。
B101395,motivation,"The pay was good, and that was their only motivation to participate in the study.",報酬がよかった、それが彼らがその研究に参加した唯一の動機だった。
B101396,motive,His motive for studying abroad was to learn a new language.,彼の留学の動機は新しい言語を学ぶためでした。
B101397,motor,The motor of the car stopped working.,車のモーターが動かなくなりました。
B101398,motorcycle,I rode my motorcycle to work today.,今日はバイクで仕事に行きました。
B101399,motto,My motto is to never give up.,私のモットーは決して諦めないことです。
B101400,mount,They made first ascent of Mount Everest.,彼らはエベレストに初登頂した。
B101401,mountaintop,I reached the mountaintop after a long hike.,私は長いハイキングの後、山頂に到達しました。
B101402,mourn,She mourned the loss of her beloved pet.,彼女は愛しいペットの喪失を悲しんだ。
B101403,movement,Regular movement is important for maintaining a healthy lifestyle.,健康的な生活を維持するためには、定期的な運動が重要です。
B101404,mud,I got mud all over my shoes.,私の靴に泥がついてしまった。
B101405,mule,I wore my mule shoes to the party.,私はパーティーにミュールの靴を履いて行きました。
B101406,murder,There's a possibility that the man was murdered.,その男は殺された可能性がある。
B101407,murderer,The police arrested the murderer last night.,昨夜、警察は殺人者を逮捕しました。
B101408,muscle,He has strong muscles from working out regularly.,彼は定期的にトレーニングをしているので、筋肉が強いです。
B101409,mustard,I love to put mustard on my hot dogs.,私はホットドッグにマスタードを乗せるのが大好きです。
B101410,mutual,They have a mutual understanding.,彼らは相互の理解を持っています。
B101411,myth,The story of Atlantis is a famous myth.,アトランティスの物語は有名な神話です。
B101412,nail,I need to trim my nails.,私は爪を切る必要があります。
B101413,naked,She felt uncomfortable being naked in front of strangers.,彼女は見知らぬ人の前で裸になることに不快感を感じた。
B101414,name,This building was [[named after|name after]] him.,この建物は彼の名前にちなんで名付けられました。
B101415,nap,I like to take a nap in the afternoon.,私は午後に昼寝するのが好きです。
B101416,narrate,She loves to narrate stories to her children.,彼女は子供たちに物語を語るのが大好きです。
B101417,narrative,The narrative of the movie was captivating.,映画の物語は魅力的でした。
B101418,narrow,The road is too narrow for two cars to pass.,道路は二台の車が通るには狭すぎます。
B101419,nasty,She made a nasty comment about his appearance.,彼女は彼の容姿について意地悪なコメントをした。
B101420,nationalist,He is a strong nationalist who believes in putting his country's interests above all else.,彼は国家の利益を何よりも優先すると信じる強い国家主義者です。
B101421,naturally,She speaks English naturally.,彼女は自然に英語を話します。
B101422,navy-blue,She wore a beautiful navy-blue dress to the party.,彼女はパーティーに美しい濃紺色のドレスを着ていました。
B101423,near,There was a near miss in the accident.,ギリギリで事故には至らなかった
B101424,near,Evening was drawing near.,夕方が近づいていた。
B101425,nearby,Is there a nearby branch of a Japanese bank?,この近くに日本の銀行の支店はありますか。
B101426,nearby,They live nearby.,彼らは近くに住んでいる。
B101427,necklace,She wore a beautiful necklace to the party.,彼女はパーティーに美しい首飾りを身に着けていました。
B101428,nectar,The honeybee collects nectar from flowers.,ミツバチは花から蜜を集めます。
B101429,needle,I pricked my finger with a needle.,私は針で指を刺しました。
B101430,negotiate,They need to negotiate a new contract.,彼らは新しい契約を取り決める必要があります。
B101431,negotiation,The negotiation between the two countries lasted for several weeks.,2つの国の間の交渉は数週間続きました。
B101432,neighborhood,I love my neighborhood because it's quiet and friendly.,私の住んでいる地域は静かで親しみやすいので気に入っている。
B101433,nephew,My nephew is very talented in playing the piano.,私の甥はピアノの演奏がとても上手です。
B101434,nervousness,She couldn't hide her nervousness before the big presentation.,彼女は大事なプレゼンテーション前に臆病さを隠すことができなかった。
B101435,ness,The lighthouse stands proudly on the ness.,岬には誇らしげに灯台が立っています。
B101436,net,He fixed the net.,彼は網を張った。
B101437,network,NET is a public television network in the United States.,NETはアメリカの公共テレビネットワークです。
B101438,neutral,She remained neutral during the argument.,彼女は議論の間中立の立場を取り続けた。
B101439,nevertheless,"She was tired; nevertheless, she continued working.",彼女は疲れていた。それにもかかわらず、彼女は仕事を続けた。
B101440,newborn,The newborn baby is sleeping peacefully.,生まれたばかりの赤ちゃんは平和に眠っています。
B101441,newcomer,She is a newcomer to the company.,彼女は会社の新人です。
B101442,newly,I just bought a newly released phone.,私は最近発売された新しい携帯電話を買いました。
B101443,next door,They live next door.,彼らはとなりに住んでいる。
B101444,next-door,He is my next-door neighbor.,彼は私の隣に住んでいる人です。
B101445,nickname,What's your nickname?,あなたのあだ名は何ですか？
B101446,niece,My niece is coming to visit me this weekend.,今週末、私の姪が私を訪ねてきます。
B101447,nightlife,I love the nightlife in this city.,私はこの街の夜遊びが大好きです。
B101448,nod,She answered with a nod.,彼女はうなずいて答えた。
B101449,noisily,The children were playing noisily in the park.,子供たちは公園でやかましく遊んでいました。
B101450,none,None of them are mine.,どれも私のものではありません。
B101451,nonetheless,"She was tired; nonetheless, she continued working.",彼女は疲れていた。それにもかかわらず、彼女は仕事を続けた。
B101452,nonsense,Stop your nonsense!,ばかな話はよせ。
B101453,nor,I can neither sing nor dance.,私は歌うことも踊ることもできません。
B101454,normally,He normally wakes up at 7 am.,彼は通常、朝7時に起きます。
B101455,northeast,Surinam is a small country located on the northeast coast of South America.,スリナムは南アメリカの北東海岸に位置する小さな国です。
B101456,northeast,I live in the northeast of the country.,私はその国の北東部に住んでいます。
B101457,northeastern,I live in the northeastern part of the country.,私は国の北東部に住んでいます。
B101458,northern,I love to visit the northern regions during winter.,冬に北の地域を訪れるのが大好きです。
B101459,northwest,The northwester wind was blowing strongly.,北西の強風が吹いていました。
B101460,northwest,I live in the northwest of the city.,私は市の北西に住んでいます。
B101461,northwestern,I live in the northwestern part of the city.,私は市の北西部に住んでいます。
B101462,notice,I didn't notice it.,それには気付かなかった。
B101463,noticeable,Her bright red hair is very noticeable in a crowd.,彼女の明るい赤い髪は人混みの中でとても人目を引く。
B101464,notice board,I saw a notice on the bulletin board.,掲示板でお知らせを見ました。
B101465,notion,I have a notion that everything will work out in the end.,最終的にはすべてがうまくいくという考えを持っている。
B101466,notorious,He is notorious for his bad behavior.,彼は悪い行動で名高い。
B101467,novelist,She is a successful novelist.,彼女は成功した小説家です。
B101468,nowhere,The document was nowhere to be found.,その書類はどこにも見当たらなかった。
B101469,nuclear,Nuclear power plants generate electricity by using nuclear reactions.,核反応を利用して原子力発電所は電力を生成します。
B101470,nucleus,The nucleus is the central part of an atom.,原子核は原子の中心部です。
B101471,numerous,There are numerous books in the library.,図書館には非常に多くの本があります。
B101472,nurse,The members of the family nursed the patient by turns.,家族のものは交替で病人の看護をした。
B101473,nutrient,Thiamine is an essential nutrient for the body.,チアミンは体にとって必須の栄養素です。
B101474,nutrition,Proper nutrition is essential for maintaining good health.,適切な栄養摂取は健康を維持するために不可欠です。
B101475,nutritious,Eating a balanced diet is important for maintaining a nutritious lifestyle.,バランスの取れた食事を摂ることは、栄養に富んだ生活を維持するために重要です。
B101476,object,I found a beautiful object at the antique shop.,私は骨董品店で美しい物を見つけました。
B101477,objection,I have no objection to your plan.,あなたの計画には反対意見はありません。
B101478,objective,Setting clear objectives is important for achieving success.,明確な目標を設定することは成功を達成するために重要です。
B101479,observation,I enjoy the observation of nature.,私は自然の観察を楽しんでいます。
B101480,observe,I like to observe nature and learn about different plants and animals.,私は自然を観察して異なる植物や動物について学ぶのが好きです。
B101481,obstacle,She overcame every obstacle in her path.,彼女は道中の障害を全て乗り越えた。
B101482,obtain,I was able to obtain the information I needed.,必要な情報を手に入れることができました。
B101483,obvious,It is obvious that she is upset.,彼女が動揺しているのは明らかだ。
B101484,obviously,"Obviously, she is the best candidate for the job.",明らかに、彼女はその仕事の最適な候補者です。
B101485,occasion,I bought a new dress for a special occasion.,特別な場合に新しいドレスを買いました。
B101486,occasion,"My refusing to eat meat occasioned an inconvenience, and I was frequently chided for my singularity.",私が肉を食べるのを拒むことで不都合が生じ、その特異性をよく叱られた。
B101487,occasional,I enjoy taking occasional walks in the park.,私は時折公園で散歩するのを楽しんでいます。
B101488,occasionally,I occasionally go for a run in the morning.,朝、時々ランニングに行きます。
B101489,occupy,The protesters occupy the city square.,抗議者たちは市の広場を占拠している。
B101490,occur,Unexpected events occur from time to time.,予期せぬ出来事が時折起こります。
B101491,ocean,The ocean is vast and mysterious.,海は広大で神秘的です。
B101492,off,They got off the bus.,彼らはバスから降りた。
B101493,offensive,His offensive remarks made everyone uncomfortable.,彼の攻撃的な発言は皆を不快にさせた。
B101494,officially,The company officially announced its new product.,会社は公式に新製品を発表しました。
B101495,oily,I need to blot my face because it gets oily throughout the day.,一日を通して顔が脂っぽくなるので、拭き取る必要があります。
B101496,old-fashioned,She prefers old-fashioned clothes over modern fashion trends.,彼女は現代のファッショントレンドよりも昔の服を好む。
B101497,oneself,It is difficult to know oneself.,自分を知ることは難しい。
B101498,onstage,The actor performed onstage with great passion.,その俳優は情熱を持って舞台の上で演技した。
B101499,onto,She jumped onto the bed.,彼女はベッドに飛び乗った。
B101500,opening,The opening in the wall allowed the sunlight to stream into the room.,壁の開口部から太陽光が部屋に差し込んだ。
B101501,operation,The operation was successful.,手術は成功しました。
B101502,opposite,They live in the house opposite to ours.,あの人たちは私たちの家の真向いの家に住んでいる。
B101503,opposite,Delight is the opposite of sorrow.,喜びの反意語は悲しみです。
B101504,opposition,The opposition is [[calling for|call for]] a vote of no confidence in the government.,野党は政府に対して不信任投票を要求しています。
B101505,oppress,The dictator used his power to oppress the people.,独裁者は権力を使って人々を虐げました。
B101506,oppression,The government's oppression of its citizens is a violation of human rights.,政府による市民の虐げは人権の侵害です。
B101507,option,I have the option to choose between two different colors.,私には2つの異なる色から選ぶオプションがあります。
B101508,oral,When do you have your Spanish oral?,スペイン語の口頭試験はいつあるの？
B101509,orbit,The satellite is in orbit around the Earth.,その衛星は地球の周りを回っています。
B101510,orchestra,The orchestra performed a beautiful symphony.,オーケストラは美しい交響曲を演奏しました。
B101511,orderly,She keeps her desk orderly and neat.,彼女は机を整然と整頓しています。
B101512,ordinary,She lived an ordinary life.,彼女は普通の生活を送っていた。
B101513,organ,She plays the organ at church every Sunday.,彼女は毎週日曜日に教会でオルガンを演奏します。
B101514,organic,I prefer to buy organic produce.,私は有機農産物を買うことを好む。
B101515,organism,An organism is a living thing that can function on its own.,生物とは、それ自体で機能することができる生き物である。
B101516,organization,The organization is responsible for managing the company's finances.,この組織は会社の財務を管理する責任がある。
B101517,origin,The origin of the universe is still a mystery.,宇宙の起源はまだ謎です。
B101518,otherwise,"I don't like spicy food, but otherwise, I enjoy trying new dishes.",辛い食べ物は好きではありませんが、それを除けば新しい料理を試すのが楽しいです。
B101519,ought to,You ought to apologize for your behavior.,あなたは自分の行動について謝るべきです。
B101520,outdoor,Rugby is an outdoor game.,ラグビーは屋外競技である。
B101521,outdoors,I love spending time outdoors.,私は戸外で時間を過ごすのが大好きです。
B101522,outer,She loves to explore the outer world.,彼女は外の世界を探検するのが好きです。
B101523,outlaw,He was an outlaw who had been in and out of prison multiple times.,彼は何度も刑務所に入った常習犯だった。
B101524,outline,The contract included a boilerplate clause that outlined the terms and conditions.,その契約には、契約の条件を概説した定型的な条項が含まれていた
B101525,out-of-date,Her fashion sense is out-of-date.,彼女のファッションセンスは流行遅れです。
B101526,outstanding,She is an outstanding student.,彼女は優れた学生です。
B101527,outward,One cannot judge people only by their outward appearances.,外見だけで人を判断することはできない。
B101528,outweigh,The benefits of exercise outweigh the risks.,運動の利点はリスクを上回る。
B101529,overcome,He was able to overcome his fear and give a great performance.,彼は恐怖心に打ち勝ち、素晴らしいパフォーマンスを披露することができました。
B101530,overjoyed,She was overjoyed at the news of her promotion.,彼女は昇進の知らせに大喜びだった。
B101531,overnight,I am planning to make an overnight trip to Nagoya.,私は名古屋に一泊旅行をする計画をしている。
B101532,overnight,I stayed overnight at my friend's house.,私は友達の家に一晩泊まりました。
B101533,overwhelm,The amount of work can overwhelm me sometimes.,仕事の量は時々私を苦しめることがあります。
B101534,overwhelming,"The team's performance was overwhelming, and they won every game.",チームのパフォーマンスは圧倒的で、彼らはすべての試合に勝ちました。
B101535,overwork,He died from overwork.,彼は過労のせいで死んだ。
B101536,owe,I owe my friend $50.,私は友達に50ドル借りています。
B101537,owing,He was unable to pay his rent owing to financial difficulties.,彼は財政的な困難のために家賃を支払うことができなかった。
B101538,own,Who owns this villa?,この別荘の持ち主は誰ですか。
B101539,oxygen,Oxygen is needed for combustion.,火が燃えるには酸素がいる。
B101540,pace,He walked at a quick pace.,彼は速い足取りで歩いた。
B101541,package,I received a small package in the mail today.,今日、郵便で小さな包みを受け取りました。
B101542,packing,I need to start packing for my trip.,旅行の荷造りを始めなければなりません。
B101543,paddle,I grabbed the paddle and started rowing.,私はパドルを掴んでこぎ始めました。
B101544,paid,They are paid by the day.,彼らは日給制です。
B101545,pain,I have been experiencing a lot of pain in my back lately.,最近、私の背中がとても痛いです。
B101546,painful,I have a painful headache.,厄介な頭痛持ちです
B101547,pale,Her face turned pale when she heard the bad news.,彼女は悪い知らせを聞いて顔が青白くなった。
B101548,palm,Place a coin in the palm of his hand.,彼の手のひらに硬貨を置いてください。
B101549,parachute,He jumped out of the plane with a parachute.,彼はパラシュートで飛行機から飛び降りた。
B101550,paradise,I dream of living in a paradise where all my worries disappear.,私は、心配事がすべて消える天国に住むことを夢見ています。
B101551,paralyze,The accident paralyzed his legs.,事故で彼の足は麻痺しました。
B101552,parcel,I received a parcel in the mail today.,今日、郵便で小包を受け取りました。
B101553,pardon,Pardon me for coming late.,遅れてきたことを許してください。
B101554,parental,My parental instincts kicked in when I saw the child in danger.,子供が危険にさらされているのを見た時、親の本能が働きました。
B101555,parking,No parking allowed on this street.,この道路では駐車禁止です。
B101556,parrot,I have a pet parrot.,私はペットのオウムを飼っています。
B101557,partial,He only gave a partial explanation of the situation.,彼は状況の一部の説明しかしなかった。
B101558,participant,The participant won first place in the competition.,その参加者は競技で一位になりました。
B101559,participate,I will participate in the marathon next month.,来月、私はマラソンに参加します。
B101560,participle,The participle form of the verb is used to create complex sentences.,動詞の分詞形は複雑な文を作るために使われます。
B101561,particularly,I am particularly interested in learning new languages.,私は特に新しい言語を学ぶことに興味があります。
B101562,part-time,I'm looking for a part-time job.,バイト探してるんだ。
B101563,part-time,She is underemployed and working part-time.,彼女は自分に合った仕事をしていなくて、しかもパートタイムで働いている
B101564,passion,She pursued her passion for painting with unwavering determination.,彼女は揺るぎない決意で絵画への情熱を追求しました。
B101565,passive,He is passive in everything.,彼は何をするにも消極的だ。
B101566,passport,I need to renew my passport before I can travel.,旅行する前に、パスポートを更新する必要があります。
B101567,password,What is the password to access the secret room?,秘密の部屋にアクセスするための合い言葉は何ですか？
B101568,past,I regret my past actions.,私は過去の自分の行動を後悔しています。
B101569,patience,Patience is a virtue.,忍耐は美徳です。
B101570,patient,He was patient.,彼は辛抱強かった。
B101571,patrol,The police were patrolling the street.,警官達は通りをパトロールしていた。
B101572,pattern,The wallpaper has a beautiful pattern.,壁紙には美しい模様があります。
B101573,pause,There was a momentary pause in the talk.,話がちょっと途切れた。
B101574,pause,The game was paused due to a timeout.,タイムアウトのために試合が一時停止されました。
B101575,peanut,I have an allergy to peanuts.,私はピーナッツアレルギーです。
B101576,peculiar,He has a peculiar way of speaking.,彼は話し方が変だ。
B101577,penniless,He was penniless and had nowhere to go.,彼は一文なしでどこにも行く場所がなかった。
B101578,penny,I found a penny on the street.,私は道で1セント銅貨を見つけました。
B101579,per,How much is the rent per month?,家賃は月いくらですか。
B101580,percent,The price of rice rose by three percent.,米の値段が３パーセント上がった。
B101581,performer,The performer captivated the audience with their incredible talent.,パフォーマーは信じられない才能で観客を魅了しました。
B101582,permanent,She has a permanent job at the company.,彼女はその会社で正社員として働いている。
B101583,permanently,He decided to permanently move to another country.,彼は永久に別の国に移ることを決めた。
B101584,permit,They permit smoking in designated areas.,指定された場所で喫煙を許可しています。
B101585,personally,I personally believe that honesty is the best policy.,私は個人的に、正直さが最善の方針だと信じています。
B101586,persuade,I tried to persuade my friend to go on a trip with me.,私は一緒に旅行に行こうと友達を説得しようとしました。
B101587,persuasive,He gave a persuasive sales talk to convince the customers.,彼は顧客を説得するために説得力のある営業トークをした。
B101588,phantom,I saw a phantom in the old haunted house.,私は古いお化け屋敷で幽霊を見ました。
B101589,pharmacy,I need to go to the pharmacy to pick up my prescription.,処方箋を受け取るために薬局に行かなければなりません。
B101590,phenomenon,The aurora borealis is a beautiful natural phenomenon.,オーロラは美しい自然現象です。
B101591,philosopher,The philosopher pondered the meaning of life.,哲学者は人生の意味を考えた。
B101592,philosophy,Philosophy explores fundamental questions about the nature of existence and knowledge.,哲学は存在や知識の本質についての根本的な問いを探求します。
B101593,phoenix,The phoenix is a mythical bird that symbolizes rebirth and immortality.,不死鳥は再生と不死を象徴する神話の鳥です。
B101594,photocopy,I need to make a photocopy of this document.,この書類の写しを取る必要があります。
B101595,phrasal verb,I need to come up with a phrasal verb for this sentence.,この文に対する句動詞を考えなければならない。
B101596,phrase,I quoted some famous phrases in my book.,私は自分の本に有名な言葉を引用した。
B101597,physics,I studied physics in college.,私は大学で物理学を勉強しました。
B101598,pick,I think it's a great pick.,それは素晴らしい選択だと思います。
B101599,pie,I love eating pie.,私はパイを食べるのが大好きです。
B101600,piety,Her piety was evident in her daily prayers and acts of kindness.,彼女の信心深さは、日々の祈りと親切な行為に表れていた。
B101601,pillow,I like to sleep with a soft pillow.,私は柔らかいまくらで寝るのが好きです。
B101602,pin,He was pinned down by a fallen tree.,彼は倒れた木の下敷きになってうごけなかった。
B101603,pineapple,I love eating pineapple.,私はパイナップルを食べるのが大好きです。
B101604,pipe,The plumber fixed the broken pipe.,配管工は壊れたパイプを修理しました。
B101605,pit,The dog fell into a deep pit.,犬は深い穴に落ちた。
B101606,place,I placed the candlestick on the table.,私はろうそく立てをテーブルに置きました。
B101607,plain,Explain it in plain words.,わかりやすい言葉で説明してください。
B101608,plan,Who planned that trip?,その旅行は誰が計画したの？
B101609,plant,The farmer planted the seeds in the field.,農夫は畑に種を植えた。
B101610,plastic,Plastic is a versatile material that is used in many industries.,プラスチックは多くの産業で使用される多目的な材料です。
B101611,platform,The platform of the political party includes various policies to address the needs of the people.,政党の政策には、人々のニーズに対応するためのさまざまな政策が含まれています。
B101612,pleasantly,The weather was pleasantly warm.,天気は心地よく暖かかった。
B101613,please,He was not pleased.,彼は満足していませんでした。
B101614,plenty,There is plenty of food in the refrigerator.,冷蔵庫にはたくさんの食べ物があります。
B101615,plug,I need to replace the sparking plug in my car.,私は車のスパークプラグを交換する必要があります。
B101616,plus,"He is a person with a great sense of humor, plus he is kind.",彼はユーモアのセンスがあり、その上優しい人だ。
B101617,pocket money,I received my pocket money today.,今日、私は小遣いをもらいました。
B101618,poet,The poet wrote beautiful verses that touched the hearts of many.,その詩人は多くの人々の心に触れる美しい詩を書いた。
B101619,poetry,She enjoys reading poetry in her free time.,彼女は暇な時間に詩を読むことを楽しんでいます。
B101620,poison,Be careful not to touch the poison.,毒に触れないように注意してください。
B101621,poisonous,Be careful not to touch the poisonous plants in the garden.,庭の有毒な植物に触れないように注意してください。
B101622,pole,I saw a bird perched on top of the pole.,私はポールの上にとまった鳥を見ました。
B101623,policy,The company has implemented a new policy to improve employee productivity.,会社は従業員の生産性を向上させるために新しい方針を実施している。
B101624,politely,He politely declined the invitation.,彼は丁重にその招待を断った。
B101625,politician,The politician promised to lower taxes and improve healthcare.,政治家は税金を下げ、医療を改善することを約束しました。
B101626,politics,Politics plays a crucial role in shaping the future of a nation.,政治は国の未来を形作る上で重要な役割を果たしています。
B101627,pollutant,The factory released a large amount of pollutants into the river.,工場は大量の汚染物質を川に放出しました。
B101628,pond,There are many ducks swimming in the pond.,池にはたくさんのアヒルが泳いでいます。
B101629,popcorn,I love eating popcorn while watching movies.,私は映画を見ながらポップコーンを食べるのが大好きです。
B101630,pork,I bought some fresh pork from the local butcher.,私は地元の肉屋から新鮮な豚肉を買いました。
B101631,port,The ship arrived at the port.,船が港に到着しました。
B101632,positive,I received positive feedback on my presentation.,私のプレゼンテーションに肯定的なフィードバックを受けました。
B101633,positively,She always approaches challenges positively.,彼女は常に積極的に課題に取り組みます。
B101634,possess,I possess a lot of books in my library.,私は自分の書斎にたくさんの本を所有しています。
B101635,possession,She takes great pride in her possession of the antique vase.,彼女はその骨董品の花瓶を所有していることを誇りに思っています。
B101636,possessive,My ex-boyfriend was so possessive of me.,元カレは私に対する独占欲がすごく強かった。
B101637,possibility,There is a possibility of rain tomorrow.,明日は雨の可能性があります。
B101638,postcard,I sent a postcard to my friend while on vacation.,バカンス中に友達に郵便はがきを送りました。
B101639,postman,The postman delivers mail to my house every day.,郵便配達人は毎日私の家に郵便物を配達します。
B101640,pot,I put the soup in the pot.,私はスープを鍋に入れました。
B101641,potential,There is untapped potential in this market.,この市場には未開拓の可能性がある。
B101642,pottery,She learned pottery from a master craftsman.,彼女は名工から製陶術を学んだ。
B101643,pound,He lifted the heavy weight with one hand.,彼は片手で重い重さを持ち上げた。
B101644,poverty,Poverty is a major issue in many developing countries.,貧困は多くの発展途上国で重要な問題です。
B101645,powder,I need to buy some powder for baking.,私はベーキング用の粉を買わなければなりません。
B101646,practical,The practical application of this theory is still under study.,この理論の実用的な適用はまだ研究中です。
B101647,praise,The novel is worthy of praise.,その小説は賞賛に値する。
B101648,prayer,She is a person of prayer.,彼女は祈る人です。
B101649,precious,This necklace is made of precious gemstones.,このネックレスは貴重な宝石で作られています。
B101650,preference,I have a preference for spicy food.,私は辛い食べ物が好きです。
B101651,prefix,The word 'un-' is a prefix that is added to the beginning of a word to give it the opposite meaning.,「un-」という言葉は、単語の先頭に付け加えて反対の意味を与える接頭辞です。
B101652,pregnant,She is pregnant with her first child.,彼女は初めての子供を妊娠しています。
B101653,prejudice,Prejudice is a harmful mindset that can lead to discrimination.,先入観は差別につながる有害な心構えです。
B101654,preparation,I need to do some preparation before the exam.,試験前に少し準備をしなければならない。
B101655,prepared,I am prepared for the exam.,私は試験に向けて準備ができています。
B101656,preposition,You can omit the preposition in this phrase.,この句では前置詞を省略できる。
B101657,preschool,My daughter attends a preschool.,私の娘は幼稚園に通っています。
B101658,prescription,I need to get a prescription for my medication.,私は薬の処方箋をもらう必要があります。
B101659,presence,Her presence in the room was undeniable.,彼女の存在感は部屋において明白だった
B101660,present,"In the present moment, we need to focus on what we can achieve together.",現在、この瞬間に、私たちは一緒に何を達成できるかに集中する必要があります。
B101661,presentation,I will give a presentation at the conference.,私は会議でプレゼンテーションを行います。
B101662,preservation,Preservation of the environment is crucial for future generations.,環境の保護は将来の世代にとって重要です。
B101663,preserve,It is important to preserve our natural resources for future generations.,将来の世代のために自然資源を保護することが重要です。
B101664,president,The president of the United States is the head of state and the head of government.,アメリカ合衆国の大統領は国家元首であり、政府の長です。
B101665,press,There used to be no freedom of the press.,かつては報道の自由はなかった。
B101666,press,She pressed the button to start the machine.,彼女はボタンを押して機械を起動させた。
B101667,previous,The previous owner of the house left behind some furniture.,その家の前の所有者が家具を残していった。
B101668,priest,The priest performed the wedding ceremony.,その聖職者は結婚式を執り行った。
B101669,primarily,She is primarily responsible for the project.,そのプロジェクトの主な責任は彼女にあります。
B101670,primary school,I used to walk to primary school every day.,私は毎日小学校まで歩いて通っていました。
B101671,primitive,Primitive societies relied on hunting and gathering for survival.,原始社会は生存のために狩猟と採集に頼っていました。
B101672,principle,Honesty is a principle that I live by.,正直であることは、私が生きていく上での原則だ。
B101673,print,Offset printing is a popular method for producing high-quality prints.,オフセット印刷は高品質な印刷物を作るための人気のある方法です。
B101674,prison,He was sentenced to five years in prison.,彼は刑務所に５年入る刑を宣告された。
B101675,prisoner,The prisoner escaped from the jail last night.,囚人は昨夜、刑務所から脱走した。
B101676,privacy,Respecting privacy is important for maintaining a sense of personal freedom.,個人の自由を保つために、プライバシーを尊重することが重要です。
B101677,prize,She won the first prize in the competition.,彼女はコンテストで一等賞を獲得しました。
B101678,probability,The probability of winning the lottery is very low.,宝くじに当選する確率は非常に低いです。
B101679,proceed,Let's proceed with the plan.,計画を取りかかりましょう。
B101680,process,The manufacturing process involves several steps.,製造プロセスにはいくつかのステップが含まれています。
B101681,proclaim,The president will proclaim a new policy tomorrow.,大統領は明日新しい政策を宣言する予定です。
B101682,procrastination,Procrastination is the thief of time.,遅延は時間の泥棒だ。
B101683,producer,The producer is responsible for overseeing the manufacturing process.,生産者は製造プロセスの監督を担当しています。
B101684,productive,She is a very productive worker.,彼女は非常に生産的な労働者です。
B101685,profession,What is her profession?,彼女の職業は何ですか。
B101686,professor,The professor gave a fascinating lecture on quantum physics.,その教授は量子物理学について魅力的な講義を行った。
B101687,program,The robot was programmed to respond at command.,ロボットは命令に応じて反応するようにプログラムされていた。
B101688,progress,There is no limit to human progress.,人間の進歩には限度がない。
B101689,prohibition,Smoking is a prohibition in this area.,この地域では喫煙は禁止されています。
B101690,prominent,The prominent building stood out among the others.,その目立つ建物は他の建物の中でもひときわ目立っていました。
B101691,promise,I promise to always be there for you.,いつもあなたのそばにいることを約束します。
B101692,promote,Social media can promote the spread of information.,ソーシャルメディアは情報の拡散を助長することができます。
B101693,promotion,She received a promotion at work.,彼女は仕事で昇進を受けました。
B101694,pronoun,"""myself"" is one of reflexive pronoun.",「myself」は再帰代名詞の一つです。
B101695,proof,I have no proof to the contrary.,私にはそうではないという証拠はない。
B101696,properly,She always dresses properly for work.,彼女はいつもきちんとした服装で仕事に臨んでいる。
B101697,property,Property prices have increased a lot over the past year.,不動産価格はここ1年で大幅に上昇している。
B101698,proportion,The proportion of students who passed the exam is quite high.,試験に合格した学生の割合はかなり高いです。
B101699,proposal,He made a proposal to his girlfriend.,彼は彼女にプロポーズした。
B101700,propose,I propose a new idea for the project.,私はプロジェクトに新しいアイデアを提案します。
B101701,prosperity,The country experienced a period of prosperity after implementing economic reforms.,経済改革を実施した後、その国は繁栄の時期を経験しました。
B101702,prosperous,The city is prosperous with a booming economy and thriving businesses.,その都市は繁栄しており、経済も活況で、企業も繁盛しています。
B101703,protect,We must protect our environment for future generations.,将来の世代のために環境を守らなければなりません。
B101704,protection,Wearing a helmet is important for the protection of your head.,ヘルメットをかぶることは、頭部の保護に重要です。
B101705,protective,Wearing a helmet is important for protective purposes.,ヘルメットを着用することは保護のために重要です。
B101706,protest,The instigator of the protest was arrested.,抗議の扇動者は逮捕されました。
B101707,proud,She is proud of her achievements.,彼女は自分の成果に誇りを持っています。
B101708,prove,He needs to prove his innocence in court.,彼は裁判で自分の無実を証明する必要がある。
B101709,proverb,This proverb is worth remembering.,この諺は覚える価値がある。
B101710,provided,"I will accept the work, provided that you help me.",あなたが私を助けてくださるならば、その仕事を引き受けます。
B101711,psychological,She is studying psychological theories.,彼女は心理学の理論を勉強しています。
B101712,pub,I went to the pub with my friends last night.,昨夜、私は友達とパブに行きました。
B101713,public,Sanitary conditions in public places are important for maintaining public health.,公共の場所における衛生状態は、公衆の健康を維持するために重要です。
B101714,public transport,I usually take public transport to work.,私は通常、公共交通機関で通勤します。
B101715,publicly,The company publicly announced its new product.,会社は公に新製品を発表しました。
B101716,publisher,The publisher released a new book last week.,出版業者は先週新しい本を発売しました。
B101717,pullover,I bought a new pullover for the winter.,冬に新しいプルオーバーを買いました。
B101718,pump,The human heart is analogous to a pump.,心臓とポンプは似かよっている。
B101719,punish,The judge decided to punish the criminal with a prison sentence.,裁判官は犯罪者に刑務所にいれる刑を与えることを決定しました。
B101720,punishment,He received a severe punishment for his actions.,彼は自分の行動のために厳しい罰を受けた。
B101721,pupil,The pupil raised his hand to ask a question.,生徒は手を挙げて質問をする。
B101722,puppy,I adopted a cute puppy yesterday.,私は昨日、可愛い子犬を飼いました。
B101723,pure,She has pure intentions.,彼女は純粋な意図を持っています。
B101724,purify,I use a water filter to purify water.,私は水を浄化するために浄水器を使っています。
B101725,purse,She carried a small purse with her.,彼女は小さなハンドバッグを持っていました。
B101726,push,We gave the car a push.,僕たちは、その車を押した。
B101727,puzzle,I love to spend time trying to put together a puzzle.,私はパズルをして時間を過ごすのが好きです。
B101728,quake,No major damage or injuries are known to have resulted from the quake measuring 3.0 on the Richter scale.,地震はリヒター・スケールで３．０を記録しましたが、大きな被害、負傷者が出た報告はありません。
B101729,qualified,She is a qualified candidate for the job.,彼女はその仕事の資格のある候補者です。
B101730,qualify,She must qualify for the scholarship.,彼女は奨学金の資格を得なければなりません。
B101731,quality,I would like to spend some quality time with my family.,私は自分の家族と充実した時間を過ごしたい。
B101732,quantity,She bought a large quantity of apples from the grocery store.,彼女はスーパーマーケットで大量のリンゴを買いました。
B101733,question mark,Where is the question mark?,疑問符はどこですか？
B101734,questionnaire,Please fill out the questionnaire.,質問表に記入してください。
B101735,queue,I waited in the queue for over an hour.,私は1時間以上列に並んで待ちました。
B101736,race,She won the race by a narrow margin.,彼女はわずかな差でレースに勝った。
B101737,race,"The chariot raced across the battlefield, pulled by two powerful horses.",二頭の力強い馬に引かれて、戦車は戦場を駆け抜けた。
B101738,racial,Racial discrimination is a serious issue that needs to be addressed.,人種差別は深刻な問題であり、解決すべきです。
B101739,radiation,Exposure to radiation can have harmful effects on the body.,放射線にさらされると体に有害な影響を及ぼすことがあります。
B101740,rage,He was filled with rage when he found out the truth.,彼は真実を知った時に激怒していた。
B101741,rail,The train runs on the rail.,電車はレールの上を走ります。
B101742,railroad,A man was seen walking towards the railroad station.,一人の男が駅に向かって歩いているのが見えた。
B101743,railway,I take the railway to work every day.,私は毎日鉄道で通勤している。
B101744,rainfall,The heavy rainfall caused flooding in the city.,大雨が都市で洪水を引き起こしました。
B101745,rainforest,The rainforest is home to a diverse range of plant and animal species.,熱帯雨林は多様な植物や動物の種の生息地です。
B101746,rank,He achieved the highest rank in his class.,彼はクラスで最高のランクを達成しました。
B101747,rap,"The woodpecker rapped its beak against the old tree trunk, searching for tasty grubs.",キツツキは古い木の幹にくちばしを叩きつけ、おいしい幼虫を探していました。
B101748,rapid,The progress of civilization is very rapid.,文明の進歩がとても速い。
B101749,rapidly,He ran rapidly towards the finish line.,彼は速くゴールラインに向かって走った。
B101750,rare,Finding a rare gemstone is like finding a needle in a haystack.,珍しい宝石を見つけることは、ハヤから針を見つけるようなものだ。
B101751,rarely,I rarely eat fast food.,私はめったにファストフードを食べません。
B101752,raspberry,I love eating fresh raspberries in the summer.,夏に新鮮なキイチゴを食べるのが大好きです。
B101753,ration,The soldiers were given a daily ration of food.,兵士たちは毎日食糧の配給を受けました。
B101754,rational,He made a rational decision based on the facts.,彼は事実に基づいて道理にかなった決断をした。
B101755,razor,I need to buy a new razor.,新しいかみそりを買わないといけない。
B101756,reach,The children were told to stay within reach of their mother's voice.,子供達は母親の声の届くところにいるよういわれた。
B101757,react,I react quickly to stressful situations.,私はストレスのある状況に素早く反応します。
B101758,realistic,He has a realistic view of life.,彼は現実的な人生観を持っています。
B101759,reality,The harsh reality of life can be difficult to accept.,人生の厳しい現実は受け入れるのが難しいこともある。
B101760,rearrange,I need to rearrange my schedule for next week.,来週の予定を整理し直さなければならない。
B101761,reasonable,The price of the product is reasonable.,商品の価格は手頃です。
B101762,rebuild,"After the earthquake, the city had to rebuild its infrastructure.",地震後、市はインフラを再建する必要がありました。
B101763,recall,I recall the memories of my childhood.,私は子供時代を思い出す。
B101764,reception,I went to the reception to check in.,チェックインするために受付に行きました。
B101765,recite,She will recite a poem at the poetry reading.,彼女は詩の朗読会で詩を暗唱します。
B101766,reclaim,The city plans to reclaim land from the river to build a new park.,市は新しい公園を建設するために川から土地を造成する予定です。
B101767,recognize,The team is nationally recognized for their achievements.,そのチームは国家的にその成果が認められている。
B101768,recommend,I recommend this book to anyone who loves mystery novels.,この本はミステリー小説が好きな人におすすめです。
B101769,record,I will break the record.,私は記録を打ち破るつもりだ。
B101770,recording,I made a recording of the concert.,私はコンサートの録音をしました。
B101771,recover,"After the long illness, she worked hard to recover her strength.",長い病気の後、彼女は体力を回復するために懸命に努めた。
B101772,recovery,He is making a good recovery after the surgery.,手術後、彼は良い回復をしています。
B101773,recycled,This box is made of a material containing recycled plastic.,この箱はリサイクルプラスチックを含んだ材料で作られています。
B101774,recycling,We must think about recycling energy.,私達はエネルギーの再生利用を考えなければならない。
B101775,reduce,Regular exercise can help reduce the risk of heart disease.,定期的な運動は心臓病のリスクを減らすのに役立ちます。
B101776,reduction,The reduction in pollution levels has improved the air quality in the city.,大気汚染レベルの低下により、都市の空気の質が改善されました。
B101777,reef,The divers explored the coral reef.,ダイバーたちはサンゴ礁を探検しました。
B101778,referee,The referee blew the whistle to start the game.,審判はゲームを始めるために笛を吹いた。
B101779,reflection,The reflection of the sunlight on the water was breathtaking.,水面に反射する太陽の光は息をのむほど美しかった。
B101780,refreshment,I need some refreshment after a long day at work.,仕事の長い一日の後、リフレッシュが必要です。
B101781,refund,I would like to request a refund for this product.,この商品の返金をお願いしたいです。
B101782,refusal,He gave a flat refusal.,彼はきっぱりと断った。
B101783,refuse,The district made a weekly collection of refuse.,同地区は毎週ゴミの収集を行っていた。
B101784,refuse,I refuse to go to the party.,私はパーティーに行くのを拒否します。
B101785,regain,She worked hard to regain her confidence after the accident.,彼女は事故後、自信を取り戻すために一生懸命働きました。
B101786,regard,I regard him as a close friend.,私は彼を親友とみなしています。
B101787,regarding,"Regarding the new project, we need to discuss the budget.",新しいプロジェクトに関して、予算について話し合う必要があります。
B101788,region,The Amazon rainforest is located in the South American region.,アマゾンの熱帯雨林は南アメリカ地域に位置しています。
B101789,regional,She enjoys exploring regional cuisine.,彼女は郷土料理を探索するのが好きです。
B101790,register,Could you please sign the register?,登録簿に署名していただけますか？
B101791,register,Fill out the form to register.,登録するためにフォームを記入してください。
B101792,registration,I completed the registration process.,私は登録手続きを完了しました。
B101793,regulation,The government implemented new regulations to improve safety standards.,政府は安全基準を向上させるために新しい規則を実施しました。
B101794,reject,I will reject your proposal.,私はあなたの提案を拒否します。
B101795,relate,The movie relates the story of a young girl who overcomes adversity.,この映画は逆境を乗り越える少女の物語です。
B101796,relation,She has a close relation with her sister.,彼女は姉妹との関係が密接だ。
B101797,relationship,Building a strong relationship takes time and effort.,強い関係を築くには時間と努力が必要です。
B101798,relative,Supply is relative to demand.,供給は需要に比例する。
B101799,relative,He is staying with his relatives.,彼は親戚の家に身を寄せている。
B101800,relatively,She is relatively tall compared to her friends.,彼女は友達と比較して比較的背が高いです。
B101801,relaxing,The beach is a relaxing place to unwind and forget about all your worries.,ビーチはくつろげる場所で、すべての心配事を忘れることができます。
B101802,release,The company plans to release a new product next month.,会社は来月新製品を発売する予定です。
B101803,reliable,He is a reliable friend.,彼は信頼できる友達です。
B101804,religion,Many people find comfort and guidance in their religion.,多くの人々は宗教によって慰めと導きを見つけます。
B101805,religious,"She practices a religious lifestyle, attending church every Sunday.",彼女は宗教的な生活を送り、毎週日曜日に教会に通っています。
B101806,rely,I rely on my friends for support.,私は友達に支えてもらっています。
B101807,remainder,"I have finished my work, but there is still a remainder of tasks to be completed.",仕事は終わったが、まだ残りのタスクがある。
B101808,remark,I remarked on the beauty of the landscape.,私は、風景の美しさについて、述べた。
B101809,remarkable,The remarkable achievement of the team impressed everyone.,チームの注目すべき成果は、みんなを感動させました。
B101810,remedy,This medicine is an effective remedy for cold symptoms.,この薬は風邪の症状の治療薬です。
B101811,remembrance,I keep a photo album to help me with remembrance.,私は思い出を振り返るためにアルバムを作っている。
B101812,remote control,I use a remote control to operate the TV.,テレビを操作するためにリモコンを使います。
B101813,remove,Please remove your shoes before entering the house.,家に入る前に靴を脱いでください。
B101814,renew,I need to renew my passport before it expires.,パスポートの有効期限が切れる前に更新する必要があります。
B101815,repay,I need to repay my loan by the end of the month.,私は月末までにローンを返さなければなりません。
B101816,repeatedly,He repeatedly asked her to go out with him.,彼は彼女に何度もデートに行くように頼んだ。
B101817,reply,I will reply to your email as soon as possible.,できるだけ早くメールに返信します。
B101818,report,They reported seeing the incident.,彼らはこの事件を目撃したことを報告した。
B101819,representative,He is the representative of the company.,彼は会社の代表です。
B101820,reproduce,Scientists are trying to reproduce the experiment to confirm the results.,科学者たちは結果を確認するために実験を再現しようとしています。
B101821,republic,The United States is a republic.,アメリカ合衆国は共和国です。
B101822,reputation,He has a great reputation in the business world.,彼はビジネス界で素晴らしい評判を持っています。
B101823,request,Can you please request a meeting with the client?,クライアントに会議のリクエストをしていただけますか？
B101824,require,I require your assistance.,私はあなたの援助を必要とします。
B101825,requirement,Meeting the customer's requirement is our top priority.,お客様の要求を満たすことが私たちの最優先事項です。
B101826,rescue,They hurried to their father's rescue.,彼らは父親を助けるために急行した。
B101827,rescue,The firefighters rescued the trapped hikers from the mountain.,消防士たちは山で閉じ込められたハイカーたちを救出しました。
B101828,researcher,The researcher conducted experiments to test their hypothesis.,研究者は仮説を検証するために実験を行った。
B101829,resemble,They resemble each other in appearance.,彼らは容姿が似ている。
B101830,reservation,I made a reservation at the hotel for next week.,来週のホテルの予約をしました。
B101831,reserve,"The park's wildlife reserve boasts an incredible variety of birds, thanks to its extensive forest reserves.",この公園の野生動物保護区には、広大な森林保護区のおかげで、驚くほど多様な鳥が生息しています。
B101832,reserve,I would like to reserve a table for two.,二人用のテーブルを予約したいです。
B101833,resident,"What does ""resident alien"" mean?",「居住外国人」とは、どういう意味ですか。
B101834,residential,I live in a residential area.,私は住宅地に住んでいます。
B101835,resist,She tried to resist the temptation to eat the chocolate cake.,彼女はチョコレートケーキを食べる誘惑に抵抗しようとした。
B101836,resolve,I will resolve this issue as soon as possible.,この問題をできるだけ早く解決します。
B101837,resort,They went to a resort in the mountains last summer.,彼らは去年の夏は山地の保養地へ行った。
B101838,resource,The company has limited resources to invest in new projects.,同社が新規プロジェクトに投資できる資源は限られている。
B101839,respect,He is the man for whom we all [[have respect|have respect for]].,彼は私達みんなが尊敬している人物です。
B101840,respect,He is respected by everybody.,彼は皆から尊敬されている。
B101841,respectable,He is a respectable businessman.,彼はちゃんとしたビジネスマンです。
B101842,respond,I will respond to the email [[as soon as possible]].,できるだけ早く、そのメールに返信します。
B101843,responsibility,Taking responsibility for your actions is important.,自分の行動に責任を持つことは重要です。
B101844,responsible,She is responsible for managing the project.,彼女はプロジェクトの管理を担当しています。
B101845,rest,I will take care of the rest of the work.,残りの仕事は私がやります。
B101846,rest,The final decision rests with the president.,最終的な決定は大統領に委ねられる。
B101847,restore,He is working hard to restore the old house.,彼は古い家を修復するために一生懸命働いています。
B101848,restrict,They restrict access to the building after 6 PM.,彼らは午後6時以降に建物へのアクセスを制限します。
B101849,result,Their plan resulted in failure.,彼らの計画は失敗に終わった。
B101850,retail,Organic food is one of the largest growth areas in food in the UK in retail.,オーガニック食品は、英国の小売業における食品分野で最大の成長分野のひとつである。
B101851,retain,It is important to retain good employees in a company.,会社で優秀な社員を維持することは重要です。
B101852,retell,Can you retell the story?,物語を再び語ってもらえますか？
B101853,retrospect,"In retrospect, I should have made a different decision.",回顧してみると、私は違う決断をすべきだったと思います。
B101854,reunification,The reunification of Germany meant that East Germany no longer existed as a legal entity.,ドイツの再統一は、東ドイツが合法的な組織として存在しないことを意味した。
B101855,reunify,"Following the fall of the Berlin Wall, tireless efforts were made to reunify East and West Germany after almost three decades of division.",ベルリンの壁崩壊後、東西ドイツは30年近くにわたって分断されていたが、その再統一に向けてたゆまぬ努力が続けられた。
B101856,revise,I need to revise the document before the meeting.,会議の前に文書を改訂する必要があります。
B101857,revision,I need to do a revision of my essay before submitting it.,エッセイを提出する前に、改訂をしなければなりません。
B101858,reward,I received a reward for my hard work.,私は頑張りに対して報酬を受け取りました。
B101859,rewrite,I need to rewrite this paragraph.,この段落を書き直す必要があります。
B101860,rid,He rid himself of all his bad habits.,彼は自分自身の悪い習慣をすべて断ち切った。
B101861,riddle,His voting record is riddled with contradictions.,彼の票決記録をたどると矛盾だらけです。
B101862,ridiculous,The idea of wearing a swimsuit in the snow is ridiculous.,雪の中で水着を着るなんて、馬鹿げている。
B101863,ripe,The bananas are ripe and ready to eat.,バナナは熟して食べごろです。
B101864,rise,The jury's guilty verdict [[gave rise to|give rise to]] widespread debate.,陪審団による有罪評決が大論争の引き金となった。
B101865,rise,The sun will rise tomorrow morning.,明日の朝、太陽が昇るでしょう。
B101866,risk,Investing in stocks carries a certain level of risk.,株式投資には一定のリスクが伴います。
B101867,roadside,I saw a beautiful flower on the roadside.,私は路傍で美しい花を見ました。
B101868,robot,The robot cleaned the entire house.,ロボットが家中を掃除しました。
B101869,rolling,"""A rolling stone gathers no moss"" is a saying.",「転石苔を生ぜず」はことわざである。
B101870,room,I roomed with my sister during our vacation.,私は休暇中、姉と一緒に部屋を借りました。
B101871,rotten,The smell of the rotten fruit filled the room.,腐った果物の匂いが部屋に充満していた。
B101872,rough,The surface of the table is rough.,テーブルの表面は粗いです。
B101873,round,The conglomeration of particles formed a round shape.,粒子の集まりが丸い形を作りました。
B101874,round,The guards rotated in making their rounds every hour.,警備員たちは１時間ごとに輪番で見回った。
B101875,routine,I have a daily routine of waking up at 6 am and going for a run.,私は毎日6時に起きてランニングに行くという日課があります。
B101876,rubber,I need to buy a new rubber for my pencil.,私は鉛筆用の新しい消しゴムを買う必要があります。
B101877,rubbish,Please throw the rubbish in the bin.,ゴミはゴミ箱に捨ててください。
B101878,rudely,He spoke rudely to his teacher.,彼は先生に対して無作法に話した。
B101879,ruin,The ancient ruins were discovered by archaeologists.,古代の遺跡が考古学者によって発見されました。
B101880,runaway,The police are searching for the runaway.,警察は逃亡者を捜しています。
B101881,runway,The airplane landed smoothly on the runway.,飛行機は滑走路にスムーズに着陸しました。
B101882,rush,I need to rush to catch my flight.,飛行機に間に合うために急がなければならない。
B101883,sacred,The temple is a sacred place where people come to worship.,寺は人々が参拝する神聖な場所です。
B101884,sadness,She couldn't hide her sadness when she heard the news.,彼女はそのニュースを聞いた時、悲嘆を隠すことができなかった。
B101885,safari,I went on a safari in Africa and saw many wild animals.,私はアフリカでサファリに行って、たくさんの野生動物を見ました。
B101886,safeguard,The complex encryption algorithm acted as a crucial safeguard against unauthorized access to the company's confidential data.,複雑な暗号化アルゴリズムは、会社の機密データへの不正アクセスに対する重要な安全装置として機能した。
B101887,safely,He drove safely to his destination.,彼は安全に目的地に運転した。
B101888,safety,Safety is our top priority.,安全は私たちの最優先事項です。
B101889,salesman,The salesman was very knowledgeable and helpful.,その男子店員はとても知識が豊富で親切でした。
B101890,salmon,I love to eat grilled salmon.,私はサーモンのグリルを食べるのが大好きです。
B101891,sand,I love walking on the warm sand at the beach.,私はビーチで温かい砂の上を歩くのが好きです。
B101892,sandal,I bought a new pair of sandals for the summer.,夏に新しいサンダルを買いました。
B101893,satellite,The satellite orbits around the main planet.,衛星は主惑星の周りを回っている。
B101894,satisfaction,Customer satisfaction is our top priority.,お客様の満足度は私たちの最優先事項です。
B101895,satisfied,I am satisfied with the outcome of the project.,私はプロジェクトの結果に満足しています。
B101896,saucepan,I need to buy a new saucepan.,新しいシチューなべを買わないといけない。
B101897,saucer,I placed the saucer next to the teacup.,私はティーカップの横に受け皿を置きました。
B101898,scan,A quick scan of my calendar shows that I’m pretty busy this week.,カレンダーをざっと見ると、今週はかなり忙しい。
B101899,scare,The horror movie scared me so much that I couldn't sleep.,ホラー映画が怖くて眠れなかった。
B101900,scared,The wicked man is scared of heights.,その悪党は高所恐怖症だ。
B101901,scary,The haunted house was really scary.,そのお化け屋敷は本当に恐ろしかった。
B101902,scatter,The wind scattered the leaves across the yard.,風が葉っぱを庭中に散らかした。
B101903,scenic,The scenic view from the top of the mountain was breathtaking.,山の頂上からの景色は息をのむようだった。
B101904,scholar,The scholar presented his research findings at the conference.,学者は学会で自身の研究結果を発表しました。
B101905,scholarship,I received a scholarship to study abroad.,私は留学のための奨学金を受け取りました。
B101906,schoolmate,I have known my schoolmate since elementary school.,私は小学校の頃から学友と知り合いです。
B101907,schoolteacher,The schoolteacher is responsible for educating students.,学校の先生は生徒の教育に責任を持っています。
B101908,science fiction,I love reading science fiction novels.,私は空想科学小説を読むのが大好きです。
B101909,scold,I scolded my sister for breaking my favorite toy.,私はお気に入りのおもちゃを壊した妹をしかりました。
B101910,scope,The scope of this project is limited to the development phase.,このプロジェクトの範囲は開発フェーズに限定されています。
B101911,score,The final score was calculated based on the average of all the individual scores.,最終得点は、個々の得点の平均に基づいて計算されました。
B101912,score,He took a shot and scored a goal.,彼はシュートを打ってゴールを決めた。
B101913,scratch,There's a scratch here. Could you give me a discount?,ここに傷があるので、安くしてもらえますか？
B101914,scream,She screamed and fainted.,彼女は金切り声を上げて、気絶した。
B101915,sculpture,The sculpture in the park is breathtaking.,公園の彫刻は息をのむほど美しいです。
B101916,search,I need to search for a new job.,新しい仕事を探さなければなりません。
B101917,season,I love the autumn season.,私は秋の季節が大好きです。
B101918,seawater,Seawater is salty due to the presence of dissolved salts.,海水は溶解した塩分の存在により塩辛いです。
B101919,seaweed,I love eating sushi with seaweed.,私は海草を使った寿司が大好きです。
B101920,second,He won the race and she finished second.,彼がレースに勝ち、彼女は第二着だった。
B101921,secondary school,I attended a secondary school in my hometown.,私は故郷の中等学校に通いました。
B101922,second-hand,I bought a second-hand car.,私は中古の車を買いました。
B101923,second-hand,"I got this information second hand, so I may be wrong.",私はこの情報を又聞きで知ったので間違っているかもしれない。
B101924,secret,He was charged with a secret mission.,彼は極秘任務を与えられた。
B101925,secretly,She secretly bought a gift for her friend.,彼女は友達のためにプレゼントを内緒で買った。
B101926,secure,I feel secure knowing that my house has a security system.,私の家にセキュリティシステムがあると安心です。
B101927,security,There is no one but longs for peace and security.,平和と安全を切望しない人はいない。
B101928,seize,He tried to seize the opportunity.,彼はチャンスをぐいとつかもうとした。
B101929,select,The gallery showcased a select collection of paintings by renowned artists from the Renaissance period.,ギャラリーでは、ルネサンス時代の著名な画家による絵画の厳選されたコレクションが展示されていた。
B101930,selection,The department store offers a wide selection of [[choice goods]].,その百貨店では、選りすぐりの商品を幅広く取り揃えています。
B101931,selfish,She is often criticized for her selfish behavior.,彼女は利己的な行動が多いと批判されることがよくある。
B101932,selfservice,The cafeteria offers self-service options for customers.,食堂では、お客様にセルフサービスのオプションを提供しています。
B101933,sensation,The sensation of touch is important for human interaction.,触覚の感覚は人間の交流に重要です。
B101934,separation,The separation of the two substances is necessary for the experiment.,実験のために、2つの物質の分離が必要です。
B101935,sequence,The sequence of events was unexpected.,一連の出来事は予想外だった。
B101936,series,I am currently watching a series on Netflix.,私は現在、Netflixでシリーズを視聴しています。
B101937,serious,He is a serious student who always studies hard.,彼はいつも熱心に勉強する真面目な学生です。
B101938,server,The server brought us our drinks.,店員が私たちのドリンクを運んできました。
B101939,service,The customer service at this restaurant is excellent.,このレストランのサービスは素晴らしいです。
B101940,service,The mechanic will service your car on Wednesday.,整備士が水曜日にあなたの車を整備します。
B101941,session,The session will begin at 9 am.,会議は午前9時に始まります。
B101942,setting,The setting of the story is a small town.,その物語の舞台は小さな町である
B101943,settle,I need to settle on a decision.,私は決断をする必要があります。
B101944,settlement,The settlement of the dispute was reached after months of negotiations.,紛争は数ヶ月の交渉の末に解決しました。
B101945,settler,The settler arrived in the new land with hopes of starting a new life.,移民は新しい土地に到着し、新しい生活を始めることを望んでいました。
B101946,severe,The storm caused severe damage to the city.,嵐は都市に甚大な被害をもたらしました。
B101947,severely,The storm severely damaged the house.,暴風雨で家は大きな被害を受けた。
B101948,sex,Sex education is important for young people.,若者にとって性教育は重要です。
B101949,shadow,His face was shadowed from the light.,彼の顔は光に照らされて影になっていた。
B101950,shadowy,The room was filled with shadowy figures.,部屋は影のような人物でいっぱいだった。
B101951,shake,Let's shake the rug.,敷物のほこりを払って落とそう。
B101952,shallow,The water in the pond is shallow.,池の水は浅いです。
B101953,shame,He felt a deep sense of shame for his actions.,彼は自分の行動に対して深い恥を感じた。
B101954,shameful,His behavior was shameful.,彼の行動は恥ずべきだった。
B101955,shape,The intelligentsia plays a crucial role in shaping public opinion.,インテリ層は世論の形成において重要な役割を果たしています。
B101956,sharp,The knife is not sharp.,このナイフは良く切れない。
B101957,shave,I need to shave before going to the party.,パーティーに行く前に髭を剃らないと。
B101958,sheer,"The sheer curtains let in a soft, diffused light.",薄手のカーテンからは柔らかく拡散した光が差し込みます。
B101959,sheet,I need to change the bed sheet.,ベッドシーツを変える必要があります。
B101960,shelter,I found shelter from the rain under a tree.,私は木の下で雨宿りする場所を見つけました。
B101961,sheriff,The sheriff is responsible for maintaining law and order in the county.,保安官は、郡内の法と秩序を維持する責任があります。
B101962,shift,I need to shift my focus to a different project.,別のプロジェクトに焦点を移す必要があります。
B101963,shiny,The knight wore a shiny armor.,騎士は光り輝くよろいを身につけていた。
B101964,ship,The exporter shipped the goods to multiple countries.,輸出業者は商品を複数の国に出荷しました。
B101965,shiver,She was shivering with cold.,彼女は寒さで震えていた。
B101966,shocked,You will be shocked to hear this.,あなたはこれを聞いて衝撃を受けるだろう。
B101967,shocking,The news was shocking.,そのニュースはびっくりさせるものだった。
B101968,shop,I like to shop at that department store.,私はあのデパートで買い物するのが好きだ。
B101969,shopper,The shopper bought a new dress.,その買い物客は新しいドレスを買いました。
B101970,shortage,There is a shortage of water in the desert.,砂漠では水が不足しています。
B101971,shortly,The train will arrive shortly.,電車はまもなく到着します。
B101972,shout,He shouted at the top of his lungs.,彼は全力で叫んだ。
B101973,shrimp,I love eating shrimp.,私はエビを食べるのが大好きです。
B101974,shut,The nursery toilet door was shut.,託児所のトイレのドアは閉まっていた。
B101975,sickness,She is suffering from a sickness.,彼女は病気に苦しんでいます。
B101976,sidewalk,I saw a cat walking on the sidewalk.,私は歩道を歩く猫を見ました。
B101977,sigh,He gave a sigh of relief.,彼は安心してホッとため息をもらした。
B101978,sign,The contract was signed yesterday.,契約は昨日署名されました。
B101979,signal,"The traffic signal turned red, so I stopped my car.",信号が赤に変わったので、私は車を停めました。
B101980,signature,He signed the document with his autographic signature.,彼は自筆の署名で文書にサインしました。
B101981,significance,The significance of this discovery cannot be overstated.,この発見の重要性は言い尽くせない。
B101982,signpost,I followed the signpost to find my way.,道しるべに従って道を見つけました。
B101983,silent,"The library was silent, with only the sound of pages turning.",図書館は静かで、ページがめくられる音だけが聞こえた。
B101984,silk,The dress is of silk.,そのドレスは絹製です。
B101985,similarity,There is some similarity in the way they sing.,彼らの歌い方にはいくつかの類似点がある。
B101986,similarly,"Similarly, the chef added a pinch of salt to each dish to ensure consistent seasoning.",同様に、シェフが一品一品に塩をひとつまみ加え、味付けを統一しています。
B101987,simplify,We need to simplify the process.,私たちはプロセスを簡単にする必要があります。
B101988,simultaneously,"They were talking simultaneously, making it difficult to understand either of them.",彼らは同時に話していて、どちらの言葉も理解しにくかった。
B101989,since,I have been studying English since I was in high school.,私は高校の時からずっと英語を勉強しています。
B101990,single,I'd like to break this 100 dollar bill into four 20 dollar bills and twenty singles.,この１００ドル札を２０ドル札４枚と１ドル札２０枚にくずしてください。
B101991,sink,The ship began to sink in the storm.,船は嵐の中で沈み始めた。
B101992,skate,I love to skate at the ice rink.,私はアイスリンクでスケートするのが大好きです。
B101993,skeleton,The skeleton provides support and protection for the body.,骨格は体を支えて保護します。
B101994,ski,I love to ski in the mountains.,私は山でスキーするのが大好きです。
B101995,skin,She has beautiful skin.,彼女は美しい肌をしています。
B101996,skyscraper,The skyscraper stood tall in the city skyline.,摩天楼は都市の景観にそびえ立っていました。
B101997,slavery,Slavery was abolished in the 19th century.,奴隷制度は19世紀に廃止されました。
B101998,sleep,I need to get some sleep.,眠らなくちゃ。
B101999,sleeve,She rolled up her sleeves and got to work.,彼女は袖をまくり上げて仕事に取り掛かった。
B102000,slight,His abrupt departure was interpreted as a slight by his colleagues.,彼の突然の退団は、同僚たちから軽んじられたと解釈された。
B102001,slightly,I am slightly tired.,わずかに疲れています。
B102002,slip,Please make sure to keep your sales slip for future reference.,将来の参照のために、売上伝票を保管してください。
B102003,slip,I slipped on the wet floor.,私は濡れた床で滑って転んだ。
B102004,slogan,Our company's slogan is 'Innovation for a better future'.,私たちの会社のスローガンは「革新はより良い未来のために」です。
B102005,slope,Let's descend the slope.,その坂道を下ろう。
B102006,slot,I found a coin in the slot.,隙間の中にコインを見つけた。
B102007,slow,He walks slow in the park every morning.,彼は毎朝公園をゆっくりと歩きます。
B102008,slow,You need to slow down and enjoy life.,人生をゆっくりと楽しむ必要があります。
B102009,smell,The smell of the ocean filled the air.,海の空気が溢れていました。
B102010,smile,He smiled and left.,彼は微笑んで去っていった。
B102011,smoker,He is a heavy smoker.,彼は重度の喫煙家です。
B102012,sneeze,"He stifled a series of sneezes, afraid to wake the sleeping baby.",寝ている赤ん坊を起こすのが怖くて、くしゃみを何度も抑えた。
B102013,snowboard,I bought a new Burton snowboard for the winter season.,冬シーズン用に新しいバートンのスノーボードを買いました。
B102014,snowstorm,I got caught in a snowstorm on my way home.,帰り道で吹雪に遭ってしまった。
B102015,soap opera,I love watching soap operas in the evening.,夜に連続ホームドラマを見るのが大好きです。
B102016,social networking,It's almost impossible to avoid participating in social networking in the modern age.,現代世界においては、ソーシャルネットワーキングへの参加を避けることはほぼ不可能だ。
B102017,socially,She is socially active and enjoys attending various events.,彼女は社会的に活発で、さまざまなイベントに参加するのが好きです。
B102018,soil,He soiled his white shirt when he changed the ink cartridge.,彼はインクカートリッジを交換していて白いシャツを汚した。
B102019,solid,This bed looks solid.,このベッドは頑丈そうです。
B102020,somehow,"Somehow, I managed to finish the project on time.",どうにかして、私はプロジェクトを時間通りに終わらせることができました。
B102021,someplace,Let's go someplace fun this weekend.,今週末は楽しい場所に行こう。
B102022,sometime,I will meet with my friend sometime next week.,来週あたり、友人と会う予定です。
B102023,sometimes,I sometimes go to the park on weekends.,週末にときどき公園に行きます。
B102024,soothe,Listening to soft music can soothe your nerves.,穏やかな音楽を聴くと緊張が和らぎます。
B102025,sophomore,She is a sophomore in college.,彼女は大学の2年生です。
B102026,sore,I have a sore throat.,喉が痛いです。
B102027,sorrow,She couldn't hide her sorrow when she heard the news.,彼女はそのニュースを聞いた時、悲しみを隠すことができなかった。
B102028,sort,There are many different sorts of flowers in the garden.,庭にはさまざまな種類の花があります。
B102029,soul,She has a beautiful soul.,彼女は美しい心の持ち主です。
B102030,sour,The lemonade was too sour for my taste.,私の味覚にはレモネードはあまりにも酸っぱかった。
B102031,southeast,Yugoslavia was a country in Southeast Europe.,ユーゴスラビアは東南ヨーロッパにある国でした。
B102032,southeast,I traveled to the southeast for my vacation.,私は休暇のために南東部に旅行しました。
B102033,southern,I love visiting the southern part of the country.,私は南の地域を訪れるのが大好きです。
B102034,southwest,Plymouth is a historic port city and naval base on the southwest coast of England.,プリマスは、英国南西岸に位置する歴史的な港湾都市であり、軍港でもあります。
B102035,southwest,I love to travel to the southwest of the country.,私は国の南西部への旅行が大好きです。
B102036,souvenir,I bought a souvenir from my trip to Japan.,私は日本旅行で記念品を買いました。
B102037,sparkle,"The child's eyes held a mischievous sparkle, hinting at an unannounced adventure in the making.",子供の目はいたずらっぽく輝き、予告なしの冒険を予感させた。
B102038,specialist,I consulted a specialist about my health issues.,私は健康問題について専門家に相談しました。
B102039,specialize,She decided to specialize in neurology.,彼女は神経学を専門にすると決めました。
B102040,specially,I made this cake specially for you.,私は特にあなたのためにこのケーキを作りました。
B102041,spectacular,The fireworks display was spectacular.,花火大会は壮観だった。
B102042,spectator,The spectator watched the game with excitement.,観客は興奮しながら試合を見た。
B102043,speed,The new engine design will greatly speed up the car.,新しいエンジン設計により、車の速度が大幅に増加します。
B102044,spelling,Can you please check the spelling of this word?,この単語のつづり方を確認していただけますか？
B102045,sphere,The Earth is a sphere.,地球は球体です。
B102046,spice,I love cooking with various spices.,さまざまなスパイスを使って料理するのが好きです。
B102047,spicy,I love eating spicy food.,私は辛い食べ物が大好きです。
B102048,spider,I saw a spider crawling on the wall.,私は壁を這っているクモを見ました。
B102049,spinach,I love eating spinach in my salads.,私はサラダにホウレンソウを入れて食べるのが大好きです。
B102050,spiral,The DNA molecule has a spiral structure.,DNA分子はらせん構造を持っています。
B102051,spirit,She has a strong spirit.,彼女は強い精神を持っています。
B102052,spiritual,She finds spiritual fulfillment through meditation and yoga.,彼女は瞑想やヨガを通じて精神的な充実感を見出しています。
B102053,split,The secession of the party caused a major split in the political landscape.,その党の分裂が政治的な状況に大きな変化を引き起こした
B102054,spoil,Don't spoil the surprise!,サプライズを台無しにしないで！
B102055,sponge,I used a sponge to clean the dishes.,私は皿を洗うためにスポンジを使いました。
B102056,sponsor,The sponsor is responsible for the payment.,保証人は支払う責任があります。
B102057,sports,I enjoy playing sports.,私はスポーツをするのが楽しいです。
B102058,sportsmanship,Sportsmanship is an important aspect of any sport.,スポーツマンシップはどんなスポーツにおいても重要な要素です。
B102059,stable,The economy is stable.,経済は安定しています。
B102060,stall,You may not set up a roadside stall without prior notice.,事前通告なしに路上出店することはできません。
B102061,standard,This is the standard size for a t-shirt.,これはTシャツの標準サイズです。
B102062,star,Monroe starred in the movie 'James ~',モンローは映画『James ~』に出演しました
B102063,stare,She stared at him in disbelief.,彼女は信じられないという思いで彼を見つめた。
B102064,status,She has achieved a high status in her career.,彼女はキャリアで高い地位を築いています。
B102065,stay,I stayed in a semiprivate room during my hospital stay.,入院中、私は病室にセミプライベートで泊まりました。
B102066,steadily,She is steadily improving her skills.,彼女は着実にスキルを向上させています。
B102067,steady,He maintained a steady pace throughout the race.,彼はレース全体を一定のペースで維持しました。
B102068,steam,The steam from the hot water rose into the air.,熱湯からの蒸気が空中に立ち上がった。
B102069,steel,The construction of the building required a lot of steel.,建物の建設にはたくさんの鋼鉄が必要でした。
B102070,steep,"The hiking trail was steep, making it a challenging climb.",ハイキングの道は急で、登りは挑戦的でした。
B102071,stem,The accident stemmed from her negligence.,その事故は彼女の怠慢から起こった。
B102072,stick,Stick a notice on the board.,掲示板に注意事項を貼ります。
B102073,sticker,I put a sticker on my laptop.,私はラップトップにステッカーを貼りました。
B102074,sticky,The candy was sticky and got stuck to my fingers.,そのキャンディはねばねばして、指にくっつきました。
B102075,stir,She used a spoon to stir the soup.,彼女はスプーンを使ってスープをかき混ぜました。
B102076,storage,The nethermost level of the building is used for storage.,建物のいちばん下の階は倉庫として使用されています。
B102077,stormy,The weather forecast predicts a stormy night.,天気予報では、あらしの夜が予想されています。
B102078,storyteller,The storyteller captivated the audience with his enchanting tales.,語り手は、魅惑的な物語で聴衆を魅了しました。
B102079,strain,I feel a strain in my back after lifting heavy boxes.,重い箱を持ち上げた後、背中に張りを感じる。
B102080,strangely,He behaved strangely at the party.,彼はパーティーで奇妙に振る舞った。
B102081,strategic,The company's strategic plan focused on expanding their market share by launching new products and acquiring smaller competitors.,同社の戦略計画は、新製品の発売と小規模な競合他社の買収によって市場シェアを拡大することに重点を置いていました。
B102082,straw,I sipped my drink through a straw.,私はストローで飲み物をすする。
B102083,strawberry,They grow strawberries in their greenhouse.,彼らは温室でいちごを栽培している。
B102084,stream,They swam against the stream.,彼らは流れに逆らって泳いだ。
B102085,stream,The sunlight streamed through the beautiful stained glass windows.,美しいステンドグラスの窓から太陽の光が差し込んできた。
B102086,strengthen,Regular exercise can help strengthen your muscles.,定期的な運動は筋肉を強化するのに役立ちます。
B102087,stress,I need to find a way to reduce stress in my life.,私は人生でストレスを減らす方法を見つける必要があります。
B102088,stressed,I'm feeling stressed.,ストレスがたまってきたよ。
B102089,stressful,Half of the Japanese people lead stressful lives.,日本人の半数はストレスの多い生活をしている。
B102090,stretch,I like to stretch my arms and legs in the morning.,朝になると、私は腕や足を伸ばすのが好きです。
B102091,stricken,The city was stricken by a devastating earthquake.,その都市は壊滅的な地震に襲われた。
B102092,strike,Their ship struck a rock.,彼らの船は岩にぶつかった。
B102093,strip,The carpenter used furring strips to reinforce the walls.,大工は壁を補強するために下地付けを使用しました。
B102094,stripe,The national flag of the USA is called the Stars and Stripes.,合衆国の国旗は星条旗と呼ばれる。
B102095,struggle,"I started a new job, and it's been a struggle just to keep my head above the water.",新しい職につき、そこでの仕事をなんとかこなそうと必死で頑張っています。
B102096,stubborn,He is stubborn and never listens to anyone.,彼はがん固で、誰の言うことも聞かない。
B102097,stuck,I was stuck in traffic for hours.,数時間も渋滞にはまっていました。
B102098,studio,She works in a small studio.,彼女は小さなスタジオで働いています。
B102099,stuffed,I ate a delicious stuffed pepper for dinner.,夕食に美味しいピーマンの肉詰めを食べました。
B102100,stumble,I stumbled on the uneven pavement and almost fell.,歩道のでこぼこしたところでつまずいて、ほとんど転びそうになった。
B102101,stun,The powerful punch stunned him and he fell to the ground.,強力なパンチが彼を気絶させ、彼は地面に倒れた。
B102102,stunning,The sunset was stunning.,夕日は素晴らしかったです。
B102103,stupid,He made a stupid mistake.,彼は愚かな間違いをした。
B102104,stylish,She always dresses in a stylish way.,彼女はいつもおしゃれに着飾っています。
B102105,subconscious,Our subconscious mind plays a crucial role in shaping our thoughts and behaviors.,私たちの潜在意識は、私たちの思考や行動を形作る上で重要な役割を果たしています。
B102106,submarine,The submarine disappeared beneath the waves.,潜水艦は波の下に消えた。
B102107,substantial,The company made a substantial profit this year.,会社は今年、かなりの利益を上げました。
B102108,substitute,I need to find a substitute for butter in this recipe.,このレシピではバターの代わりになるものを見つける必要があります。
B102109,suddenly,He suddenly stood up and left the room.,彼は突然立ち上がって部屋を出た。
B102110,suffer,Many people suffer from allergies during the spring season.,春の季節に多くの人々がアレルギーに苦しんでいます。
B102111,sufficient,I have sufficient funds to cover the expenses.,私は十分な資金を持っていて、経費をカバーすることができます。
B102112,suffix,Kindness is a suffix that can be added to words to indicate a quality or state.,親切さは、品質や状態を示すために単語に追加できる接尾辞です。
B102113,suicide,She struggled with thoughts of suicide for years.,彼女は何年も自殺の考えに苦しんでいました。
B102114,summarize,Can you summarize the main points of the presentation?,プレゼンテーションの要点を要約していただけますか？
B102115,summit,They reached the summit of the mountain.,彼らは山の頂上に到達した。
B102116,sunbathe,I love to sunbathe on the beach during the summer.,夏になるとビーチで日光浴をするのが大好きです。
B102117,sundial,I saw a beautiful sundial in the garden.,庭に美しい日時計を見ました。
B102118,sunrise,I woke up early to watch the sunrise.,私は日の出を見るために早起きしました。
B102119,sunset,The sunset was breathtaking.,日没は息をのむほど美しかった。
B102120,superior,She is a superior athlete.,彼女は優れたアスリートです。
B102121,superstition,Many people believe in superstition.,多くの人々が迷信を信じています。
B102122,supply,The truck was loaded with supplies.,トラックには補給品が積まれていた。
B102123,support,I will always support you.,私はいつもあなたを支えます。
B102124,supporter,She has a strong group of supporters who always stand by her.,彼女にはいつも彼女を支えてくれる強力な支持者のグループがいます。
B102125,supportive,I am always supportive of my friends' dreams and goals.,私はいつも友達の夢や目標を支えています。
B102126,suppose,Let's suppose that we have unlimited resources.,無限の資源を持っていると仮定しましょう。
B102127,supposedly,"Supposedly, the old mansion is haunted by ghosts of the previous owners.",おそらく、古い邸宅には前の所有者の幽霊が取り憑いていると思われます。
B102128,surely,"Surely, you can't be serious.",確かに、君は真剣ではないはずだ。
B102129,surface,The surface of the table is smooth.,テーブルの表面は滑らかです。
B102130,surgeon,The surgeon performed a successful operation.,外科医は手術を成功させた。
B102131,surgery,He underwent surgery to remove the tumor.,彼は腫瘍を取り除くために手術を受けました。
B102132,surprise,They surprised the enemy at dawn.,彼らは夜明けに敵を急襲した。
B102133,surprisingly,"Surprisingly, she won the race.",驚いたことに、彼女はレースに勝った。
B102134,surround,I like to surround myself with positive people.,私はポジティブな人々に囲まれるのが好きです。
B102135,surrounding,The tall buildings surrounding the park create a beautiful skyline.,公園を囲む高い建物は美しいスカイラインを作り出しています。
B102136,survival,Survival is the key to success.,成功の鍵は生き残ることです。
B102137,survivor,The survivor of the plane crash was found alive after three days.,飛行機事故の生存者は、3日後に無事発見されました。
B102138,suspect,The police arrested a suspect for incendiarism.,警察は放火の容疑者を逮捕しました。
B102139,suspicion,He was arrested on suspicion of theft.,彼は窃盗の疑いで逮捕された。
B102140,swarm,A swarm of bees flew past us.,ミツバチの大群が私たちの横を通り過ぎた。
B102141,swear,I swear I will never do that again.,もう二度とそれをしないと誓います。
B102142,sweat,He was covered with sweat.,彼は汗びっしょりだった。
B102143,sweatshirt,I bought a new sweatshirt for my morning runs.,朝のランニング用に新しい綿ジャージーの長袖Tシャツを買いました。
B102144,swell,The waves swell as the storm approaches.,嵐が近づくにつれて波が大きくなる。
B102145,swimmer,She is a talented swimmer.,彼女は才能ある泳ぎ手です。
B102146,switch,He used a switch to discipline his children.,彼は子供たちをしつけるためにしなやかな小枝を使った。
B102147,switch,I switched to using a safety razor and it has made shaving much easier.,安全かみそりに切り替えてから、剃ることがずっと簡単になりました。
B102148,swollen,Her ankle was swollen after the fall.,彼女の足首は転倒後に腫れていた。
B102149,sword,He wielded a sharp sword in battle.,彼は戦闘で鋭い刀を振るった。
B102150,sympathy,I have great sympathy for those who have lost their loved ones.,愛する人を亡くした方々に深く同情します。
B102151,symptom,He experienced a symptom of the disease.,彼はその病気の症状を経験した。
B102152,syndrome,She is showing symptoms of a rare syndrome.,彼女は珍しい症候群の症状を示しています。
B102153,systematic,She has a systematic approach to problem-solving.,彼女は問題解決に対して系統的なアプローチを持っています。
B102154,tablet,I use my tablet to read books and watch movies.,私はタブレットを使って本を読んだり映画を見たりします。
B102155,take,My take on this is that any leeway should be minimal.,これに対する私の見解は、余地は最小限であるべきだ
B102156,takeaway,My primary takeaway from the workshop was that genuine collaboration leads to innovative solutions.,私がワークショップから得た大事な点は、本物の協力が革新的な解決策につながるということでした。
B102157,takeoff,The plane is preparing for takeoff.,飛行機は離陸の準備をしています。
B102158,tale,She told him a tale about a magical kingdom.,彼女は彼に魔法の王国についての話をした。
B102159,talented,She is a talented musician.,彼女は才能のある音楽家です。
B102160,talk,Let's have a talk about our plans for the weekend.,週末の計画について話し合いましょう。
B102161,talkative,She is very talkative.,彼女はとてもおしゃべりです。
B102162,tank,The fuel tank of the car is almost empty.,車の燃料タンクはほとんど空です。
B102163,tape,All the papers were taped up and kept in the safe.,書類は全部テープでくくられて金庫におさめられた。
B102164,taste,The cake has a delicious taste.,ケーキは美味しい味がする。
B102165,taste,It tasted sweet.,それは甘い味がした。
B102166,tasteless,The soup was tasteless.,スープは味のないものでした。
B102167,tasty,This dish is so tasty!,この料理はとてもおいしいです！
B102168,tax,I need to pay my income tax by the end of the month.,月末までに所得税を支払わなければなりません。
B102169,teaching,Teaching is learning.,教える事は学ぶ事である。
B102170,teammate,My teammate and I worked together to win the game.,私とチームメイトは一緒に協力して試合に勝ちました。
B102171,teamwork,Teamwork is essential for the success of any project.,チームワークはどんなプロジェクトの成功にも不可欠です。
B102172,tear,We must tear down this house.,私たちはこの家を壊さないといけない。
B102173,tease,"The children gathered around the Christmas tree, eyes wide with anticipation, savoring the pre-gift opening teases from their parents.",子供たちは期待に目を輝かせながらクリスマスツリーの周りに集まり、プレゼントを開ける前の両親からのからかいを味わった。
B102174,technique,He used advanced techniques to create his masterpiece.,彼は傑作を作るために高度な技巧を使った。
B102175,technological,Technological advancements have revolutionized the way we communicate.,科学技術の進歩は、私たちのコミュニケーションの方法を革命化しました。
B102176,teen,She is a talented teen singer.,彼女は才能あるティーンエイジャーの歌手です。
B102177,telecommunications,Telecommunications has revolutionized long-distance communication.,電信は遠距離通信を革命化しました。
B102178,telegram,I received a telegram from my grandmother.,私は祖母から電報を受け取りました。
B102179,teller,The bank teller helped me withdraw money from my account.,銀行の窓口係が私に口座からお金を引き出すのを手伝ってくれました。
B102180,temper,She has a bad temper.,彼女は気性が激しいです。
B102181,temporary,I need to find a temporary solution to this problem.,この問題の一時的な解決策を見つける必要があります。
B102182,tempt,The sunshine tempted people out.,太陽の日差しに誘われて人々が外出した。
B102183,tend,I tend to overthink things.,私は物事を過剰に考えがちです。
B102184,tendency,She has a tendency to overthink things.,彼女は物事を過度に考える傾向があります。
B102185,tense,I could feel the tense muscles in my body.,私は体の筋肉がぴんと張っているのを感じることができました。
B102186,tense,I always study English tense before the exam.,試験前にはいつも英語の時制を勉強します。
B102187,tension,The tension in the room was palpable.,部屋の緊張感が手に取るように感じられた。
B102188,tent,I set up a tent in the backyard for our camping trip.,キャンプ旅行のために、私は庭にテントを設置しました。
B102189,term,This is a term used in biology.,これは生物学で使われる用語です。
B102190,terminal,Where is the bus terminal?,バスターミナルはどこですか。
B102191,terribly,The storm was terribly frightening.,嵐は恐ろしく怖かった。
B102192,terrific,The fireworks display was terrific!,花火の打ち上げはものすごかった！
B102193,terrified,She suffers from acrophobia and is terrified of heights.,彼女は高所恐怖症で、高い所が怖いです。
B102194,terror,The terror of the unknown kept her awake at night.,未知の恐怖が彼女を夜眠れなくさせた。
B102195,terrorism,Terrorism is a political act.,テロリズムは政治的な行為です。
B102196,terrorist,We will never give in to terrorist demands.,我々は決してテロリストの要求に屈服しないであろう。
B102197,thankful,I am thankful for all the support I have received.,私は受けたすべてのサポートに感謝しています。
B102198,theft,The theft of the valuable painting shocked the art community.,貴重な絵画の盗難は、美術界を驚かせました。
B102199,theory,The theory of relativity revolutionized our understanding of space and time.,相対性理論は、私たちの空間と時間に対する理解を一変させた。
B102200,thirst,Our people thirst for independence.,わが国の国民は独立を渇望している。
B102201,thorough,He conducted a thorough investigation into the matter.,彼はその問題について徹底的な調査を行った。
B102202,threat,The police received a threat about a bomb in the building.,警察は建物内に爆弾が仕掛けられているという脅迫を受けた。
B102203,threatening,He received a threatening message from an unknown number.,彼は知らない番号から脅迫メッセージを受け取った。
B102204,thriller,Jack's adventures are more amazing than those of the hero in many thrillers.,ジャックの冒険は、多くのスリラー物の主人公の冒険よりも素晴らしい。
B102205,through,You're wet through.,君はずぶぬれだ。
B102206,throughout,She worked hard throughout the day.,彼女は一日中一生懸命働きました。
B102207,thumb,He sucked his thumb when he was a child.,彼は子供の頃、親指をしゃぶっていました。
B102208,thump,He thumped his hat flat.,彼は帽子をたたいてぺしゃんこにした。
B102209,thunder,The loud thunder scared the children.,大きな雷鳴が子供たちを怖がらせた。
B102210,thunderous,The thunderous sound of the storm frightened the children.,嵐の轟音が子供たちを怖がらせました。
B102211,thus,She studied hard and thus passed the exam.,彼女は一生懸命勉強したので、結果的に試験に合格した。
B102212,tick,I found a tick on my dog's fur.,私は犬の毛にダニを見つけました。
B102213,tick,The minutes ticked by agonizingly as she waited for the results.,彼女が結果を待っている間、時間は苦痛なほどゆっくりと過ぎていった
B102214,tide,The tide is high today.,今日は潮が高いです。
B102215,tie,He tied the dog to a tree.,彼は犬を木につないだ。
B102216,tighten,Please tighten the screws.,ネジをきつく締めてください。
B102217,tightly,He held onto the rope tightly.,彼はロープをしっかりと握り締めた。
B102218,tile,I need to buy some new tiles for my bathroom.,私は私のバスルームのために新しいタイルを買う必要があります。
B102219,till,Run the engine till it gets warm.,エンジンが温かくなるまでエンジンを動かし続けなさい
B102220,timely,The timely arrival of the ambulance saved his life.,救急車がタイムリーに到着したことが彼の命を救った。
B102221,tin,Tin is commonly used in the production of cans.,錫は缶の製造によく使用されます。
B102222,tiny,I found a tiny kitten in the garden.,庭でとても小さい子猫を見つけました。
B102223,tire,The long walk tired me.,長いこと歩いたので私は疲れた。
B102224,tiring,Going to school during the rush hour is tiring and unpleasant.,ラッシュアワーの時間に通学するのは疲れるし嫌になる。
B102225,tissue,She wiped her tears with a tissue.,彼女はティッシュで涙を拭いた。
B102226,tobacco,"Tobacco is a plant that is grown for its leaves, which are used to make cigarettes.",タバコは、葉を作るために栽培される植物です。
B102227,tongue,He stuck out his tongue at me.,彼は私に舌を出した。
B102228,toothpaste,I need to buy some toothpaste.,私は歯磨き粉を買わなければなりません。
B102229,top,There is a restaurant on the top floor.,最上階にレストランがある。
B102230,tornado,"A tornado touched down in the middle of the town, causing widespread destruction.",竜巻が町の真ん中に達し、広範囲にわたる破壊を引き起こしました。
B102231,toss,He tossed the ball to his friend.,彼はボールを友達に軽く投げ上げた。
B102232,total,"The total cost of the project is $10,000.",プロジェクトの総費用は1万ドルです。
B102233,total,The total is one hundred.,合計は１００だ。
B102234,totally,I totally forgot about our meeting.,私は全く会議を忘れていました。
B102235,touch,He touched me on the cheek.,彼は私のほおに触った。
B102236,tour,I'm looking forward to touring bookstores in the US.,アメリカで書店巡りをするのが楽しみです。
B102237,tourism,Tourism is a major industry in many countries.,観光は多くの国で主要な産業です。
B102238,tournament,She won the tennis tournament last year.,彼女は去年テニスのトーナメントで優勝しました。
B102239,trace,Is there any trace of the missing child?,行方不明の子供の足跡はありますか。
B102240,tracksuit,I wore a tracksuit to the gym.,私はジムにトラックスーツを着て行きました。
B102241,traditionally,The festival is traditionally held every year.,その祭りは毎年伝説的に開催される。
B102242,traffic jam,I was stuck in a traffic jam for two hours.,私は2時間もの間、交通渋滞に巻き込まれていました。
B102243,tragedy,The tragedy of losing a loved one is devastating.,愛する人を失う悲劇は悲惨です。
B102244,tragic,The sudden death of her husband was a tragic event.,彼女の夫の突然の死は悲劇的な出来事だった。
B102245,trail,The typhoon left behind a trail of destruction.,台風は破壊の跡を残して行った。
B102246,transfer,I need to transfer the files from my computer to a USB drive.,私はコンピュータからUSBドライブにファイルを移す必要があります。
B102247,transform,The caterpillar will transform into a butterfly.,毛虫は蝶に変態します。
B102248,transformation,The caterpillar undergoes a transformation and becomes a butterfly.,毛虫は変態を経て蝶になる。
B102249,transitional,The transitional period between seasons is always beautiful.,季節の移り変わりの期間はいつも美しいです。
B102250,translate,I need to translate this document from English into Japanese.,この文書を英語から日本語に翻訳する必要があります。
B102251,transport,Public transport in the city is notoriously unreliable.,市内の公共交通機関は信頼性が低いことで有名だ。
B102252,transportation,The transportation of goods is essential for the economy.,貨物の輸送は経済にとって不可欠です。
B102253,trash,Please take out the trash.,ゴミを出してください。
B102254,travel agent,I booked my vacation through a travel agent.,私は旅行代理業者を通じて休暇を予約しました。
B102255,treat,That sukiyaki dinner was a real treat.,そのすき焼きの夕食は実に素晴らしかった。
B102256,treatment,The doctor prescribed a new treatment for my condition.,医師は私の症状に対して新しい治療法を処方した。
B102257,tremble,She began to tremble with fear when she saw the spider.,彼女はクモを見て恐怖で震え始めた。
B102258,tremendous,The storm caused tremendous damage to the city.,その嵐は都市にものすごい被害をもたらしました。
B102259,trend,The current trend in fashion is towards minimalism.,現在のファッションの傾向はミニマリズムに向かっています。
B102260,trigger,He pulled the trigger and the gun fired.,彼は引き金を引いて、銃が発射された。
B102261,trim,Do you want a trim?,毛先をそろえますか。
B102262,triumph,"After years of hard work and perseverance, she finally achieved triumph.",数年間の努力と忍耐の末、彼女はついに勝利を収めた。
B102263,tropical,I love exploring tropical destinations.,私は熱帯地域を探検するのが大好きです。
B102264,trouble,His behavior troubles us.,彼の振る舞いは私たちを悩ませる。
B102265,trumpet,He played the trumpet in the school band.,彼は学校のバンドでトランペットを演奏しました。
B102266,trustworthy,He is a trustworthy person.,彼は信頼に値する人物です。
B102267,tumble,I watched the leaves tumble down from the tree.,私は木から葉が落ちるのを見ました。
B102268,tuna,I love eating tuna sushi.,私はマグロの寿司を食べるのが大好きです。
B102269,turbulence,The airplane experienced severe turbulence during the storm.,飛行機は嵐の中で激しい乱気流に遭遇しました。
B102270,turning,"At the next turning in the forest path, be sure to take the fork to the right.",林道の次の曲がり角で、必ず分岐点を右に曲がってください。
B102271,turtle,The turtle swam gracefully in the ocean.,海ガメは優雅に海を泳いでいました。
B102272,twin,She is a twin.,彼女は双子です。
B102273,twist,"There were a lot of twists and turns to the story, but we finally solved the problem.",紆余曲折はあったが、最終的に問題は解決した。
B102274,twist,She twisted her ankle while running.,彼女は走っている最中に足首を捻挫した。
B102275,type,She types well.,彼女はタイピングがうまい。
B102276,typical,He is a typical example of a hardworking student.,彼は勤勉な学生の典型的な例です。
B102277,typically,The workweek in Japan is typically 40 hours.,日本の週の労働時間は通常40時間です。
B102278,unable,I am unable to attend the meeting tomorrow.,明日の会議に出席することができません。
B102279,unafraid,He is a man unafraid to admit his errors.,彼は間違いを認めることを恐れない男です。
B102280,unbelievable,The news I heard today is unbelievable.,今日聞いたニュースは信じられない。
B102281,uncertainty,The uncertainty of the future is causing anxiety.,将来の不確かさが不安を引き起こしている。
B102282,unclear,The instructions were unclear.,指示がはっきりしなかった。
B102283,uncontrollable,His anger was uncontrollable.,彼の怒りは抑制できなかった。
B102284,uncover,She used a brush to uncover the dust on the bookshelf.,彼女はブラシを使って本棚の上のほこりを取り除きました。
B102285,underage,He was denied entry to the club because he was underage.,彼は未成年だったため、クラブへの入場を拒否されました。
B102286,undergo,Many patients undergo medical tests to diagnose their condition.,多くの患者は自分の状態を診断するために医学的な検査を受けます。
B102287,underline,I used an underline to emphasize an important word in my essay.,私のエッセイで重要な単語を強調するためにアンダーラインを使った。
B102288,underneath,The cat is sleeping underneath the table.,猫はテーブルの下で眠っています。
B102289,underpants,I need to buy new underpants.,新しいパンツを買わないといけない。
B102290,undo,I need to undo the knot in this rope.,このロープの結び目を解かなければなりません。
B102291,undress,She helped him undress before going to bed.,彼女は彼が寝る前に服を脱ぐのを手伝った。
B102292,unemployed,He has been unemployed for six months.,彼は6ヶ月間仕事のない状態です。
B102293,unemployment,In the discussion the accent was on unemployment.,討論での重点は失業問題であった。
B102294,unexpected,I received an unexpected gift from my friend.,友達から予期しないプレゼントをもらった。
B102295,unexpectedly,I unexpectedly ran into my old friend at the grocery store.,思いがけなく、スーパーで昔の友達に出会った。
B102296,unfairly,He complained that he was unfairly treated.,彼は不公平な扱いを受けていると不平を言った。
B102297,unfit,He is unfit for the job.,彼はその仕事に適当ではない。
B102298,unfold,She unfolded the map to find her way.,彼女は道を見つけるために地図を広げた。
B102299,unfortunate,It was unfortunate that she missed her flight.,彼女が飛行機に乗り遅れたのは不運だった。
B102300,unfriendly,He was unfriendly towards me.,彼は私に対して友情のない態度を取った。
B102301,unheard,The sound of the alarm clock was unheard in the noisy room.,騒々しい部屋では目覚まし時計の音は聞こえなかった。
B102302,unify,The goal of this project is to unify all the different systems into one platform.,このプロジェクトの目標は、異なるシステムを統一した一つのプラットフォームにすることです。
B102303,uninterested,She seemed uninterested in the conversation.,彼女は会話に無関心のようだった。
B102304,uninteresting,His lecture was uninteresting and never touched me.,彼の講演は無味乾燥で、私はそれを聴いて何の感動もなかった。
B102305,union,The union negotiated a new contract for the workers.,労働組合は労働者のために新しい契約を交渉しました。
B102306,unique,This is a unique opportunity to travel the world.,これは世界を旅するためのたった一度のチャンスです。
B102307,unite,The students decided to unite and form a study group.,学生たちは団結して研究グループを結成することにした。
B102308,universe,The universe is vast and mysterious.,宇宙は広大で神秘的です。
B102309,unless,I will go to the party unless I have to work late.,もし遅くまで仕事がなければ、パーティーに行きます。
B102310,unlikely,It is unlikely that he will win the lottery.,彼が宝くじに当たる可能性はありそうもない。
B102311,unlucky,She always seems to have bad luck.,彼女はいつも不運なようだ。
B102312,unpack,I need to unpack my suitcase to find my passport.,パスポートを見つけるためにスーツケースを開けなければなりません。
B102313,unpredictable,The weather in this city is unpredictable.,この街の天気は予言できない。
B102314,unrelated,The two events are unrelated to each other.,二つのイベントは互いに関係がない。
B102315,untidy,Her room is always untidy.,彼女の部屋はいつもだらしがない。
B102316,until,He waited for me until I arrived.,私が到着するまで、彼は私を待っていた。
B102317,unusually,She was unusually quiet today.,彼女は今日、異常に静かだった。
B102318,unwanted,I received unwanted emails from that company.,私はその会社からいらないメールを受け取りました。
B102319,unwell,I'm feeling unwell today.,今日は体の具合が悪いです。
B102320,update,I need to update my phone to the latest version.,私は私の電話を最新バージョンに更新する必要があります。
B102321,uplifted,"The complex theorem, once understood, brought an uplifted sense of clarity and satisfaction.",複雑な定理は、ひとたび理解されれば、明晰さと満足感という高揚感をもたらした。
B102322,upload,I can't figure out how to upload an image.,画像のアップロードの仕方が分かりません。
B102323,upper,The upper floor of the building offers a stunning view of the city.,建物の上階からは、市内の素晴らしい景色が見えます。
B102324,upstairs,It seems that the burglar broke in through an upstairs window.,泥棒は２階から侵入したらしい。
B102325,upstairs,"The architect proposed expanding the upstairs into a spacious master suite, complete with a walk-in closet and balcony.",建築家は、2階をウォークインクローゼットとバルコニーを備えた広々としたマスタースイートとして拡張することを提案した。
B102326,up-to-date,I always make sure to keep my knowledge up-to-date.,私は常に知識を最新の状態に保つようにしています。
B102327,upward,Prices are on the upward trend.,物価は上昇傾向にある。
B102328,urge,I feel the urge to eat chocolate.,私はチョコレートを食べたいという衝動に駆られている。
B102329,urgent,This is an urgent matter that needs immediate attention.,これは即座の対応が必要な緊急の問題です。
B102330,usage,I need help with the usage of this software.,このソフトウェアの使い方について助けが必要です。
B102331,used to,I used to play soccer every weekend.,私は以前は毎週末サッカーをよくした。
B102332,useless,He felt useless after failing the exam.,彼は試験に失敗した後、無益な気持ちになった。
B102333,vacancy,There is a vacancy in the apartment building.,アパートに空き部屋があります。
B102334,vague,Her explanation was vague and unclear.,彼女の説明は曖昧で分かりにくかった。
B102335,vain,He was so vain that he looked into the mirror every day.,彼は毎日鏡を見るほど見栄っ張りだった。
B102336,valuable,During my time there I had many valuable experiences.,たくさんの貴重な経験をさせていただきました。
B102337,van,I rented a van for our road trip.,私は私たちのドライブ旅行のためにバンを借りました。
B102338,variety,There is a variety of fruits at the market.,市場にはさまざまな種類の果物があります。
B102339,various,There are various options for entertainment in the city.,市内にはさまざまな娯楽の選択肢がある。
B102340,vary,The weather can vary greatly from day to day.,天気は日によって大きく変わることがあります。
B102341,vast,The Sahara Desert is a vast expanse of sand.,サハラ砂漠は広大な砂の広がりです。
B102342,vegetarian,She has been following a vegetarianism diet for five years.,彼女は5年間菜食主義の食生活をしています。
B102343,vegetarian,I am a vegetarian and I don't eat fish or meat for moral or health reasons.,私はベジタリアンで、道徳上または健康上の理由で魚や肉を食べません。
B102344,vehicle,I saw a vehicle parked on the street.,私は通りに駐車された乗り物を見ました。
B102345,vein,The doctor inserted a needle into the vein to draw blood.,医者は血液を採取するために静脈に針を挿入しました。
B102346,vessel,The vessel sailed across the ocean.,その船舶は海を横断しました。
B102347,vet,My grandfather is a vet who served in the army.,私の祖父は軍で勤めた退役軍人です。
B102348,via,I traveled to Japan via Hong Kong.,私は香港を経由して日本に旅行しました。
B102349,vice,He was appointed as the vice president of the company.,彼は会社の副社長に任命されました。
B102350,vice president,The vice president is responsible for overseeing the company's operations.,副社長は会社の業務を監督する責任があります。
B102351,victim,The victim of the crime was a young woman.,犯罪の犠牲者は若い女性でした。
B102352,victory,They celebrated their victory with a parade.,彼らはパレードで勝利を祝った。
B102353,video clip,He downloaded a short video clip.,彼は短いビデオクリップをダウンロードした。
B102354,view,They viewed her as a nuisance.,彼らは彼女をやっかい者と考えていた。
B102355,viewpoint,"From my viewpoint, the situation seems quite different.",私の観点からすると、状況はかなり異なって見えます。
B102356,violence,The movie contains scenes of violence.,その映画には暴力のシーンが含まれています。
B102357,violently,"The storm raged violently, causing damage to buildings and trees.",嵐は激しく荒れ狂い、建物や木々に被害をもたらしました。
B102358,virtual,He claimed to be a virtual prisoner in his own home.,彼は自宅で事実上の囚人になっていると主張した。
B102359,virus,The virus spread rapidly throughout the city.,ウイルスは市内で急速に広がった。
B102360,visa,I need to apply for a visa to visit Japan.,日本を訪れるためにビザを申請する必要があります。
B102361,visible,The stars are visible in the night sky.,夜空には星が目に見える。
B102362,vision,My vision has improved since I started wearing glasses.,メガネをかけ始めてから、私の視力が向上しました。
B102363,visual,Visual arts are a form of creative expression.,視覚芸術は創造的な表現の一形態です。
B102364,visually,The artist used geometric shapes to create a visually striking painting.,芸術家は幾何学的な形を使って、視覚的に目を引く絵を作りました。
B102365,vivid,The sunset painted the sky with vivid colors.,夕焼けが空に鮮やかな色を描きました。
B102366,vividly,The artist vividly painted the sunset.,芸術家は夕日をあざやかに描いた。
B102367,volcano,The volcano erupted with a loud explosion.,火山が大きな爆発とともに噴火した。
B102368,volume,I bought a volume of poetry.,私は詩集の一冊を買いました。
B102369,volunteer,He volunteered to help her.,彼は自発的に彼女を助けようとした。
B102370,vote,We voted for the candidate.,我々はその候補者に賛成投票した。
B102371,vowel,The English alphabet has five vowels.,英語のアルファベットには5つの母音があります。
B102372,voyage,Embarking on a voyage to discover new lands.,新しい土地を発見するための航海に乗り出す。
B102373,wagon,I saw a wagon parked outside the house.,家の外にワゴン車が停まっているのが見えました。
B102374,wake,The ship left a clear wake in the calm sea.,その船は穏やかな海に明確な航跡を残しました。
B102375,ward,I live in the ward.,私は区に住んでいます。
B102376,wardrobe,I need to organize my wardrobe.,私は衣装だんすを整理する必要があります。
B102377,warm,She warmed herself by the fire.,彼女は火にあたって体を暖めた。
B102378,warmly,She greeted us warmly.,彼女は暖かく私たちを迎えた。
B102379,warmth,The warmth of the sun on my face is so comforting.,顔に当たる太陽の暖かさがとても心地よいです。
B102380,warn,I want to warn you about the dangers of smoking.,喫煙の危険性について警告したいと思います。
B102381,warning,The warning signs were clearly posted.,警告の標識が明確に掲示されていました。
B102382,warranty,The warranty on this product is valid for one year.,この製品の保証期間は1年間です。
B102383,warrior,The brave warrior fought valiantly on the battlefield.,勇敢な戦士は戦場で勇敢に戦った。
B102384,washbowl,I need to wash my face in the washbowl.,私は洗面器で顔を洗わないといけない。
B102385,waste,The destructor is used to burn waste materials.,廃物焼却炉は廃棄物を燃やすために使用されます。
B102386,waste,It's a waste of time.,それは時間の無駄です。
B102387,waste,Don't waste your time on meaningless tasks.,無駄な仕事に時間を使わないでください。
B102388,wasteful,It is wasteful to throw away perfectly good food.,完全に大丈夫な食べ物を捨てるのは無駄です。
B102389,waterfall,I hiked to the top of the mountain and saw a beautiful waterfall.,私は山の頂上までハイキングして、美しい滝を見ました。
B102390,wave,"She smiled, waving her hand.",彼女は手を振りながらにっこり笑った。
B102391,wax,I used wax to seal the envelope.,私は封筒を封するためにろうを使いました。
B102392,wax,Wax the floor.,床にワックスをかけなさい。
B102393,weakness,He admitted his weakness in public.,彼は公に自分の弱点を認めた。
B102394,weapon,He was arrested for carrying a concealed weapon.,彼は秘密裏に武器を持っていたため逮捕された。
B102395,weather forecast,I always check the weather forecast before going out.,外出する前にいつも天気予報を確認します。
B102396,webcam,I used a built-in webcam on my computer to attend an online meeting.,私は自分のパソコンに内臓されたウェブカメラを使って、オンライン会議に出た。
B102397,weird,There was something weird about the incident.,その事件には何となく気味の悪いところがあった。
B102398,welcome,You are always welcome here.,いつでもここへ歓迎されています。
B102399,well-dressed,She was well-dressed.,彼女は立派な服装をしていた。
B102400,westward,They headed westward.,彼らは西の方へ向かった。
B102401,wetland,The sedge grows in wetlands.,スゲは湿地に生えます。
B102402,whale,The whale is the largest mammal in the ocean.,クジラは海で最大の哺乳類である。
B102403,whatever,You can do whatever you want.,好きなことを何でもできます。
B102404,whenever,Whenever did he escape?,彼は一体いつ脱出したんだ？
B102405,whenever,You can call me whenever you need help.,助けが必要な時はいつでも私に電話してください。
B102406,wherever,You can find good food wherever you go.,どこに行っても美味しい食べ物を見つけることができます。
B102407,whether,I don't know whether he will come to the party or not.,彼がパーティーに来るかどうかわからない。
B102408,whichever,You can choose whichever movie you want to watch.,好きな映画をどれでも選ぶことができます。
B102409,while,They had a rest for a while.,彼らはしばらく休憩した。
B102410,whisper,She spoke to me in a whisper.,彼女は私に小声で話した。
B102411,whistle,A whistle is blown at the start of a game.,ゲームの開始には笛が吹かれる。
B102412,whoever,Whoever wants to join the club can sign up at the front desk.,クラブに参加したい人は、フロントデスクで申し込むことができます。
B102413,whole,"As a whole, the project was a success.",全体として、プロジェクトは成功だった。
B102414,widespread,The COVID-19 pandemic has had a widespread impact on the global economy.,COVID-19パンデミックは世界経済に広範囲な影響を与えています。
B102415,wildlife,I love exploring the wilderness and observing wildlife.,私は自然を探検し、野生生物を観察するのが大好きです。
B102416,wildly,He drove wildly through the streets.,彼は乱暴に街を走った。
B102417,willingness,Her willingness to help others is truly inspiring.,彼女の他人を助ける意欲は本当に感動的です。
B102418,windscreen,I need to replace my cracked windscreen.,私は割れたフロントガラスを交換する必要があります。
B102419,windsurfing,It is difficult for beginners to enjoy windsurfing.,初心者がウィンドサーフィンをするのはむずかしい。
B102420,wing,The bird spread its wings and flew away.,鳥は翼を広げて飛び立った。
B102421,wire,I need to buy some wire for my project.,私はプロジェクトのために針金を買う必要があります。
B102422,wither,The flowers wither without water.,水がないと花はしぼむ。
B102423,witness,She witnessed the crime.,彼女はその犯罪を目撃した。
B102424,wizard,"The flickering firelight danced along the walls, casting wizard shadows that stretched and twisted like phantoms.",揺らめく火の光が壁に沿って踊り、幻影のように伸びたりねじれたりする魔法使いの影を落としていた。
B102425,wonder,The Pharos was one of the Seven Wonders of the Ancient World.,ファロスは古代世界の七不思議のひとつである。
B102426,working,"To complete this work, the following working items are recommended.",この作業を完了させるために、以下の作業項目を推奨する。
B102427,workout,She had an intensive workout at the gym.,彼女はジムで集中的にワークアウトをした。
B102428,workplace,I have a meeting at the workplace tomorrow.,明日は職場で会議があります。
B102429,workshop,My father spends most of his time in his workshop.,私の父は彼の仕事場でほとんどの時間を過ごします。
B102430,worn,She had worn a beautiful dress to the party.,彼女はパーティーに美しいドレスを着ていた。
B102431,worst,The worst is over.,最悪の事態はもう終わった。
B102432,worth,This book is worth reading.,この本は読む価値がある。
B102433,worthwhile,Visiting the Louvre Museum is a worthwhile experience.,ルーブル美術館を訪れることは価値のある経験です。
B102434,worthy,She is a worthy candidate for the scholarship.,彼女は奨学金の候補者として価値のある存在です。
B102435,wound,She had a deep wound on her leg.,彼女は脚に深い傷を負っていた。
B102436,wrap,The packer carefully wrapped each item in bubble wrap before placing them in the box.,パッカーは、各アイテムをバブルラップで丁寧に包んでから箱に入れました。
B102437,wrap,She used a scarf to wrap around her neck.,彼女はマフラーを首に巻きつけました。
B102438,wrapping,I enjoy the art of gift wrapping.,私はギフトラッピングをアートとして楽しんでいます。
B102439,wrist,I sprained my wrist while playing basketball.,バスケットボールをしている最中に手首を捻挫しました。
B102440,wristwatch,I always wear a wristwatch to keep track of time.,私は時間を把握するためにいつも腕時計を身につけています。
B102441,written,I have written a letter to my friend.,私は友達に手紙を書いた。
B102442,yell,His voice was drowned by the yells.,彼の声はその叫びでかき消された。
B102443,yet,"He is young, [[and yet]] he is prudent.",彼は若い、それなのに分別がある。
B102444,yoga,I practice yoga every morning to relax my mind and body.,私は毎朝ヨガを行って心と体をリラックスさせています。
