id,word,example_en,example_ja
A200001,ability,She has the ability to speak multiple languages.,彼女は複数の言語を話す能力を持っています。
A200002,abroad,I am planning to study abroad next year.,私は来年、海外で勉強する予定です。
A200003,accept,I gladly accept your generous gift.,喜んであなたの寛大な贈り物を受け取ります。
A200004,acceptable,Your proposal is perfectly acceptable.,あなたの提案は完全に受け入れられます。
A200005,accident,The meeting with my best friend in the city was a happy accident.,都市での親友との出会いは幸せな偶然だった。
A200006,account,I need to create a new account on this website.,このウェブサイトで新しいアカウントを作成する必要があります。
A200007,achieve,She achieved her dream of becoming a famous actress.,彼女は有名な女優になる夢を実現した。
A200008,across,He ran across the field.,彼はフィールドを横切って走った。
A200009,across,The cat ran quickly across the street.,猫は素早く通りを横切った。
A200010,act,The soldier acted bravely.,その兵士は勇敢に振る舞った。
A200011,actually,"Actually, I have never been to Paris.",実際に、私はパリに行ったことがありません。
A200012,addition,The addition of these two numbers equals ten.,これら 2 つの数字を足すと 10 になります。
A200013,additional,I need to make an additional comment on the report.,私はレポートに追加のコメントを付け加える必要があります。
A200014,adjective,The adjective 'beautiful' describes the scenery.,形容詞の '美しい' は風景を表現しています。
A200015,adjust,I need to adjust the settings of my computer.,私はコンピュータの設定を調整する必要があります。
A200016,admire,I admire your courage and determination.,あなたの勇気と決断力に感嘆します。
A200017,admit,I admit to being careless.,僕が不注意なことは認める。
A200018,adult,The railroad fare for children is half of the adult fare.,鉄道の料金は子供は大人の半額だ。
A200019,adult,"This movie is for adults, not for children.",この映画は大人向けであり、子供向けではない。
A200020,advanced,The company has advanced into the international market.,その会社は国際市場に進出した。
A200021,advantage,The advantage of living in the city is the convenience of public transportation.,都市に住む利点は公共交通の利便性です。
A200022,adventure,I'm always ready for a new adventure.,私はいつでも新しい冒険の準備ができている。
A200023,advertisement,The advertisement for the new product was very appealing.,新製品の広告は非常に魅力的だった。
A200024,advertising,The company spends a lot of money on advertising every year.,その会社は毎年、広告に多くのお金を使っています。
A200025,advice,I appreciate your advice.,あなたの忠告に感謝します。
A200026,advise,I advise you to take a break.,あなたには休憩を取ることを勧めます。
A200027,affair,The affair of the missing necklace became the talk of the town.,行方不明のネックレスの件は町の話題になった。
A200028,after,I will meet you after work.,仕事の後に会います。
A200029,against,She stood up against the injustice.,彼女は不公平に対して立ち上がった。
A200030,aged,She is aged and wise.,彼女は年をとって賢いです。
A200031,agency,I work for a travel agency that specializes in international tours.,私は国際ツアーを専門とする旅行代理店で働いています。
A200032,agent,The agent signed the contract on behalf of the company.,代理人は会社を代表して契約書に署名した。
A200033,ahead,The road ahead is clear.,前方の道路は開けています。
A200034,air,The radio station will air the concert live.,そのラジオ局はコンサートを生放送する。
A200035,aisle,I found the book I was looking for in the aisle.,私は通路で探していた本を見つけました。
A200036,alarm,There is no cause for undue alarm.,過度に心配する必要はない。
A200037,alarm clock,I forgot to set my alarm clock last night.,昨晩、目覚まし時計をセットするのを忘れてしまった。
A200038,alive,The cat is still alive.,その猫はまだ生きている。
A200039,all,She studied all night for the exam.,彼女は試験のために一晩中勉強しました。
A200040,allow,They allow pets in their apartment.,彼らはアパートでペットを飼うことを許しています。
A200041,alone,She prefers to be alone.,彼女は一人でいることを好む。
A200042,along,I walked along the river.,私は川沿いを歩きました。
A200043,alright,"Everything is alright, don't worry.",何も問題ない、心配しないで。
A200044,alright,"Alright, let's go to the park.",いいよ、公園に行こう。
A200045,although,"Although it was raining, we decided to go for a walk.",雨が降っていたが、私たちは散歩に行くことに決めた。
A200046,ambition,His ambition to become a successful entrepreneur is truly inspiring.,彼が成功した起業家になるという大望は本当に感動的です。
A200047,among,She was among the first to arrive at the party.,彼女はパーティーに最初に到着した人々の中にいました。
A200048,amused,She was amused by his witty remarks.,彼女は彼の機知に富んだ発言におもしろがった。
A200049,amusement,The amusement park is full of joy and excitement.,遊園地は喜びと興奮でいっぱいです。
A200050,ancestor,My ancestor was a brave warrior.,私の先祖は勇敢な戦士でした。
A200051,ancient,The ancient ruins were discovered in the heart of the city.,古代の遺跡は都市の中心部で発見されました。
A200052,angel,The angel descended from the heavens with a message of peace.,天使が平和のメッセージを持って天から降りてきました。
A200053,angrily,He slammed the door angrily.,彼は怒ってドアをバタンと閉めた。
A200054,ankle,I sprained my ankle while playing soccer.,サッカーをしている時に足首を捻挫しました。
A200055,anniversary,Today is our 10th wedding anniversary.,今日は私たちの結婚10周年記念日です。
A200056,annoy,It really annoys me when you don't clean up after yourself.,あなたが自分の後片付けをしないと、本当にイライラします。
A200057,annoying,Your constant chatter is really annoying.,あなたの絶え間ないおしゃべりは本当にうるさい。
A200058,another,"I don't like this shirt, can I try another?",このシャツは好きではありません、別のものを試してもいいですか？
A200059,anxious,She was anxious about her upcoming job interview.,彼女はこれからの就職面接について心配していました。
A200060,anymore,I don't enjoy playing video games anymore.,もはやビデオゲームを楽しむことはありません。
A200061,anyway,"Anyway, let's get back to the topic.",さて、話題に戻りましょう。
A200062,anywhere,Can we go anywhere for our vacation?,私たちは休暇にどこかへ行くことができますか？
A200063,apart,They live apart from each other.,彼らはお互いから離れて暮らしています。
A200064,apartment,I live in a small apartment in the city.,私は都市の小さなアパートに住んでいます。
A200065,apologize,I must apologize for my late arrival.,私の遅刻について謝らなければなりません。
A200066,apparently,"Apparently, he missed the last train home.",どうやら彼は最終電車に乗り遅れたようだ。
A200067,appear,The sun will appear at dawn.,太陽は夜明けに現れます。
A200068,appearance,The sudden appearance of the comet in the sky surprised everyone.,空に突然彗星が現れたことは皆を驚かせました。
A200069,apply,I decided to apply for the job after much consideration.,よく考えた結果、その仕事に応募することにしました。
A200070,appointment,I have an appointment with the doctor tomorrow.,明日、医者の予約があります。
A200071,appreciate,I really appreciate your help.,あなたの助けを本当に感謝しています。
A200072,appropriate,It's appropriate to wear formal attire to the event.,そのイベントにはフォーマルな服装を着るのが適切です。
A200073,architecture,The architecture of the building is stunning.,建物の建築は見事です。
A200074,area,The area of this room is 20 square meters.,この部屋の面積は20平方メートルです。
A200075,argue,They often argue about politics and social issues.,彼らはよく政治や社会問題について議論します。
A200076,argument,I had a heated argument with my friend yesterday.,昨日、友達と激しい口論をしました。
A200077,armchair,I spent the whole afternoon reading a book in my favorite armchair.,私はお気に入りのアームチェアに座って、午後中ずっと本を読んでいました。
A200078,armed,The armed forces are ready for the mission.,武装した軍隊は任務の準備ができています。
A200079,around,I usually jog around the park in the morning.,私は通常、朝に公園の周りをジョギングします。
A200080,artificial,The artificial intelligence industry is rapidly growing.,人工知能産業は急速に成長しています。
A200081,as,She is as tall as her brother.,彼女は彼女の兄と同じぐらいの背が高いです。
A200082,asleep,She was so tired that she fell asleep on the couch.,彼女はとても疲れていたので、ソファーで眠ってしまった。
A200083,assistant,The young man whom I employed as my assistant works very hard.,私が助手に雇った青年はとてもよく働く。
A200084,association,I am a member of the local photography association.,私は地元の写真協会のメンバーです。
A200085,astronaut,The astronaut is preparing for his next mission.,その宇宙飛行士は次のミッションの準備をしています。
A200086,athlete,The athlete trained hard every day to improve his performance.,その競技者は、パフォーマンスを向上させるために毎日厳しくトレーニングしていました。
A200087,atom,The atom is the basic unit of a chemical element.,原子は化学元素の基本単位です。
A200088,attack,The bear suddenly attacked the campers.,その熊は突然キャンパーたちを襲った。
A200089,attack,They attacked the enemy.,彼らは敵を攻撃した。
A200090,attempt,This is my fifth attempt.,これは私の5回目の試みです。
A200091,attention,Please pay attention to the traffic signals.,交通信号に注意してください。
A200092,attitude,Your attitude towards work is commendable.,あなたの仕事に対する態度は称賛に値します。
A200093,attractive,She has an attractive personality that everyone loves.,彼女は誰もが愛する魅力的な性格を持っています。
A200094,audience,The audience was captivated by the stunning performance.,聴衆はその見事なパフォーマンスに魅了されました。
A200095,audio,The audio frequency of this radio is very clear.,このラジオの音声周波数は非常にクリアだ。
A200096,author,The author of this book is very famous.,この本の著者はとても有名です。
A200097,automatic,The door opens automatically when you approach it.,あなたが近づくと、ドアは自動的に開きます。
A200098,automatically,The doors will automatically close after you exit.,あなたが出ると、ドアは自動的に閉まります。
A200099,average,He was a man of average height.,彼は平均的な背丈だ。
A200100,average,The average height of the students in the class is 160 centimeters.,クラスの生徒の平均身長は160センチメートルです。
A200101,avoid,We should avoid eating too much junk food.,私たちはジャンクフードを食べすぎるのを避けるべきです。
A200102,award,She was nominated for the award.,彼女はその賞の候補に指名されました。
A200103,awful,The aftermath of the earthquake was an awful sight.,地震の後の光景は恐ろしいものだった。
A200104,back,He felt for his matches and found them in his back pocket.,マッチがないか手でさわってみたら、うしろのポケットに入っているのに気がついた。
A200105,background,The background of the painting was a beautiful sunset.,その絵の背景は美しい夕日だった。
A200106,badly,He played the piano badly.,彼はピアノを下手に弾いた。
A200107,badminton,I play badminton every weekend.,私は毎週末、バドミントンをします。
A200108,bake,I love to bake cookies during the holiday season.,私は休暇の季節にクッキーを焼くのが大好きです。
A200109,balcony,I enjoy drinking coffee on the balcony in the morning.,私は朝、バルコニーでコーヒーを飲むのが好きです。
A200110,balloon,I saw a colorful balloon floating in the sky.,私は空に浮かんでいる色とりどりの風船を見ました。
A200111,bank,I like to bank my savings in a high-interest account.,私は高い利息の口座に貯金するのが好きです。
A200112,banking,The banking industry has been facing numerous challenges in recent years.,銀行業界は近年、数多くの課題に直面しています。
A200113,barbecue,We'll have a barbecue at the beach.,海岸でバーベキューをしよう。
A200114,barber,The barber gave me a nice haircut yesterday.,昨日、理髪師が私に素敵な髪型を作ってくれました。
A200115,bargain,I found a great bargain at the flea market.,私はフリーマーケットで素晴らしい掘り出し物を見つけました。
A200116,base,The base of the tower is made of concrete.,塔の基礎はコンクリートでできています。
A200117,basic,This is a basic course for beginners.,これは初心者向けの基礎コースです。
A200118,basically,"Basically, I prefer tea over coffee.",基本的に、私はコーヒーよりも紅茶を好む。
A200119,basket,I put the apples in the basket.,私はリンゴをかごに入れました。
A200120,batch,The second batch of bread [[came out|come out]] underdone.,2回目に焼いたパンは生焼けという結果になった。
A200121,battery,"The battery in my phone died, so I couldn't make any calls.",私の携帯のバッテリーが切れたので、電話ができませんでした。
A200122,bay,The sun was setting over the bay.,太陽が湾に沈んでいた。
A200123,bear,The bear is climbing the tree.,その熊は木に登っています。
A200124,beauty,The beauty of the sunset was breathtaking.,夕日の美しさは息をのむほどだった。
A200125,been,I have been to Paris twice.,私はパリに2回行ったことがあります。
A200126,beer,I enjoy drinking beer with my friends.,私は友達とビールを飲むのが楽しいです。
A200127,before,Please finish your homework before you go out.,外出する前に宿題を終わらせてください。
A200128,beg,The homeless man had to beg for food and clothing.,そのホームレスの男性は食べ物や衣服をくださいと頼む必要がありました。
A200129,beginner,"As a beginner, I find it challenging to understand complex concepts.",初心者として、複雑なコンセプトを理解するのは難しいと思う。
A200130,beginning,This is the beginning of a new chapter in my life.,これは私の人生の新しい章の始まりです。
A200131,behavior,His behavior at the party was unacceptable.,彼のパーティーでの行動は許容範囲外でした。
A200132,being,The being of the universe is a profound mystery.,宇宙の存在は深遠な謎である。
A200133,belly,I have a belly ache after eating too much.,食べ過ぎて腹痛があります。
A200134,belong,This book belongs to John.,この本はジョンの所有物です。
A200135,belt,I need to tighten my belt.,私はベルトを締める必要があります。
A200136,bench,I sat on the bench in the park.,私は公園のベンチに座った。
A200137,bend,Can you bend your knees?,あなたは膝を曲げることができますか？
A200138,besides,"Besides, it's starting to rain.",その上雨が降り出している。
A200139,better,She sings even better now.,彼女は今、さらに歌が上手になりました。
A200140,beyond,The park is just beyond that building.,その建物を越えたところに公園があります。
A200141,bill,Let's split the bill.,支払いは割り勘にしよう。
A200142,bit,I need a bit of sugar for this recipe.,このレシピには少し砂糖が必要です。
A200143,bite,Let's catch a bite.,軽く食べましょう。
A200144,blackboard,The teacher wrote the equation on the blackboard.,先生は黒板に方程式を書いた。
A200145,blame,They blamed him for the accident.,彼らは事故の責任は彼にあると言った。
A200146,blanket,I need a new blanket for the winter.,私は冬のために新しい毛布が必要です。
A200147,blonde,The blonde woman with fair skin was standing at the corner of the street.,金髪で色白の女性が通りの角に立っていました。
A200148,blood,The sight of blood makes me faint.,血を見ると気が遠くなる。
A200149,bloom,The cherry blossoms bloom beautifully in spring.,桜の花は春に美しく咲きます。
A200150,blow,The wind blew the leaves off the trees.,風が木の葉を吹き飛ばした。
A200151,board game,I bought a new gaming table for my board game nights.,私はボードゲームの夜のために新しいゲームテーブルを買いました。
A200152,boil,Please wait until the water starts to boil.,水が沸くまでお待ちください。
A200153,boiled,I want a boiled egg.,卵をゆでてほしいのです。
A200154,bonus,I received a bonus for my hard work.,私は頑張った成果としてボーナスを受け取りました。
A200155,bookcase,I bought a new bookcase for my study room.,私は自分の書斎用に新しい本箱を買いました。
A200156,bookshelf,I bought a new bookshelf for my room.,私は部屋のために新しい本だなを買いました。
A200157,bookshop,I bought a novel at the bookshop.,私は書店で小説を買いました。
A200158,bored,She is bored with this novel.,彼女はこの小説に退屈しています。
A200159,boss,My boss is very strict.,私の上司はとても厳しいです。
A200160,bother,I'm sorry to bother you.,ご迷惑をおかけして申し訳ありません。
A200161,bra,She bought a new bra at the store.,彼女は店で新しいブラジャーを買いました。
A200162,brainstorm,"During the brainstorming session, she had a temporary mental breakdown.",ブレインストーミングのセッション中、彼女は一時的な精神錯乱を起こしました。
A200163,brake,He stepped on the brake to stop the car.,彼は車を止めるためにブレーキを踏んだ。
A200164,branch,The chimpanzee swung from branch to branch in the forest.,チンパンジーは森で枝から枝へと揺れ動いた。
A200165,brand,This store offers a wide variety of brands.,この店舗では様々なブランドの商品が取り扱われています。
A200166,brave,She showed a brave face despite her fear.,彼女は恐怖にもかかわらず勇敢な顔を見せた。
A200167,break,I'm going to take a break.,休憩を取ろうと思っている。
A200168,breeze,I love feeling the gentle breeze on my face.,私は顔にそよ風を感じるのが好きです。
A200169,bride,The bride looked stunning in her white wedding gown.,花嫁は白いウェディングドレスで見事でした。
A200170,brilliant,The sun was shining brilliantly in the clear blue sky.,晴れた青空に太陽が輝いていました。
A200171,brown,The lion's pelage is golden brown.,ライオンの体毛はゴールデンブラウンです。
A200172,budget,I need to create a budget for my upcoming trip.,私は今度の旅行のために予算を作成する必要があります。
A200173,bug,I saw a bug crawling on the wall.,私は壁を這っている虫を見ました。
A200174,bulb,I planted flower bulbs in my garden.,私は庭に花の球根を植えました。
A200175,burn,I got a burn on my finger.,指にやけどをしました。
A200176,bury,He decided to bury the treasure in the backyard.,彼は宝を裏庭に埋めることに決めた。
A200177,bus station,I will meet you at the bus station.,バス停で会いましょう。
A200178,bus stop,I waited at the bus stop for 20 minutes.,私はバス停で20分待ちました。
A200179,bush,The bush was full of colorful flowers.,茂みは色とりどりの花でいっぱいでした。
A200180,businessman,He is a successful businessman.,彼は成功した実業家です。
A200181,businesswoman,The businesswoman is attending a conference.,女実業家は会議に出席しています。
A200182,cab,I hailed a cab and went to the airport.,私はタクシーを拾って空港に行きました。
A200183,cafeteria,I had lunch at the cafeteria.,私はカフェテリアで昼食をとりました。
A200184,calendar,I always mark important dates on my calendar.,私はいつも大切な日付をカレンダーに記入します。
A200185,call,I received a call from an unknown number.,私は未知の番号から電話を受け取りました。
A200186,camp,"Every summer, we camp in the mountains.",毎夏、私たちは山でキャンプします。
A200187,camping,We went camping in the mountains last weekend.,先週末、私たちは山で野営に行きました。
A200188,campus,I love walking around the campus and exploring all the different buildings.,私はキャンパスを散策して、さまざまな建物を探検するのが好きです。
A200189,can,I can swim.,私は泳ぐことができます。
A200190,capital,Tokyo is the capital of Japan.,東京は日本の首都です。
A200191,capital letter,Please remember to use a capital letter at the beginning of a sentence.,文章の最初に大文字を使うことを覚えてください。
A200192,captain,The captain of the ship is responsible for the safety of the crew and passengers.,船長は乗組員と乗客の安全を責任を持っています。
A200193,car park,I parked my car in the car park.,私は車を駐車場に停めました。
A200194,carrot,I love eating carrot sticks as a healthy snack.,私は健康的なスナックとしてニンジンのスティックを食べるのが好きです。
A200195,cash,I need to withdraw some cash from the ATM.,私はATMから現金を引き出す必要があります。
A200196,cassette,I found an old cassette in the attic.,屋根裏で古いカセットを見つけました。
A200197,castle,The castle is a popular tourist attraction.,城は人気の観光名所です。
A200198,cause,Smoking can cause lung cancer.,喫煙は肺がんの原因となる可能性があります。
A200199,cent,I found a penny on the street.,私は通りで1セント硬貨を見つけました。
A200200,center,The center of the city is always busy.,都市の中心はいつも賑やかです。
A200201,centimeter,The length of the pencil is 15 centimeters.,鉛筆の長さは15センチメートルです。
A200202,century,The invention of the printing press in the 15th century revolutionized the way information was disseminated.,15世紀の印刷機の発明は、情報の伝達方法を革命的に変えました。
A200203,cereal,I eat cereal for breakfast every morning.,私は毎朝朝食にシリアルを食べます。
A200204,certain,I am certain that I will pass the exam.,私は試験に合格すると確信しています。
A200205,certainly,I will certainly attend the meeting tomorrow.,私は明日、確かに会議に出席します。
A200206,chain,He used a chain to secure his bike.,彼は自転車を固定するために鎖を使った。
A200207,chairman,The chairman called the meeting to order.,議長が会議の開会を宣言した。
A200208,challenge,I love taking on a new challenge.,新しい挑戦をするのが好きです。
A200209,champagne,I popped open a bottle of champagne to celebrate the special occasion.,特別な機会を祝うために、私はシャンペンのボトルを開けました。
A200210,championship,She won the championship in the swimming competition.,彼女は水泳大会で優勝しました。
A200211,chance,I hope I get a chance to meet him.,彼に会うチャンスがあるといいな。
A200212,chapter,This chapter discusses the main themes of the book.,この章では、本の主要なテーマについて議論します。
A200213,chart,The chart illustrates how the body works.,その図は体の働きを説明している。
A200214,chat,She chatted with her friends about the baseball game.,彼女は野球の試合について友人達とおしゃべりをした。
A200215,cheap,I found a cheap hotel for our vacation.,私は私たちの休暇のために安いホテルを見つけました。
A200216,check,Please check the car before you drive.,運転する前に車を止めてください。
A200217,cheek,She blushed and her cheeks turned red.,彼女は赤面して、頬が赤くなった。
A200218,cheer,The crowd erupted in cheer when their team scored a goal.,チームがゴールを決めると、観客は歓声を上げた。
A200219,chef,The chef prepared a delicious meal for us.,料理長は私たちのためにおいしい食事を用意してくれました。
A200220,chemical,"When matter is changed chemically, chemical energy is given off.",物質が化学的に変化する時には、化学エネルギーが放出される。
A200221,cheque,I need to deposit this cheque into my bank account.,私はこの小切手を銀行口座に入金する必要があります。
A200222,chess,I enjoy playing chess with my friends on the weekends.,週末に友達とチェスを楽しんでいます。
A200223,chest,He kept his valuable possessions in a chest.,彼は貴重品を収納箱に保管していた。
A200224,childhood,I have many fond memories from my childhood.,私には子供の頃の楽しい思い出がたくさんあります。
A200225,chili,I love the spicy taste of chili.,私はチリの辛い味が大好きです。
A200226,chimpanzee,The chimpanzee swung from branch to branch in the forest.,チンパンジーは森で枝から枝へと揺れ動いた。
A200227,chin,He pointed his chin towards the sky.,彼はあごを空に向けた。
A200228,chirp,The birds chirp in the morning.,朝、鳥がチュッチュッと鳴く。
A200229,choice,I had no choice but to accept the job offer.,私は仕事のオファーを受け入れる以外に選択肢がありませんでした。
A200230,cigarette,He smokes a cigarette after dinner.,彼は夕食後に紙巻きたばこを吸います。
A200231,citizen,Every citizen has the right to vote.,すべての市民は投票する権利を持っています。
A200232,claim,She claims the inheritance.,彼女はその遺産を要求している。
A200233,classic,Classic literature often serves as a benchmark for other works in the same genre.,古典文学はしばしば同じジャンルの他の作品の基準となります。
A200234,classical music,I enjoy listening to classical music.,私はクラシック音楽を聴くのが好きです。
A200235,cleaner,I hired a cleaner to help me with the housework.,私は家事を手伝ってもらうために掃除人を雇いました。
A200236,clear,The evidence is clear.,証拠は明らかだ。
A200237,clearly,She spoke clearly and confidently during the presentation.,彼女はプレゼン中にはっきりと自信を持って話しました。
A200238,clerk,The clerk helped me find the right size.,店員が私に適切なサイズを見つけるのを手伝ってくれました。
A200239,click,Click on the link to access the website.,リンクをクリックしてウェブサイトにアクセスしてください。
A200240,climb,I love to go for a climb in the mountains.,私は山で登るのが大好きです。
A200241,climbing,I enjoy climbing mountains on the weekends.,週末に山登りを楽しんでいます。
A200242,clone,Scientists successfully cloned a sheep.,科学者たちは羊のクローンを作ることに成功した。
A200243,clown,The clown entertained the audience with his funny antics.,道化師はおかしな芸で観客を楽しませました。
A200244,clue,I found a clue that led me to the hidden treasure.,私は隠された宝物へと導く手がかりを見つけました。
A200245,coast,This road extends to the coast.,この道路は海岸まで伸びている。
A200246,coin,Who coined the word “Internet”?,インターネット」という言葉は誰が作ったのか？
A200247,cola,I love drinking cola.,私はコーラを飲むのが大好きです。
A200248,colorful,The garden is filled with colorful flowers.,庭は色彩に富んだ花でいっぱいです。
A200249,column,The ancient temple had a beautiful column with intricate carvings.,古代の寺院には、複雑な彫刻が施された美しい円柱がありました。
A200250,comb,This is a wooden comb.,これは木のくしです。
A200251,comfortable,This bed is very comfortable.,このベッドはとても快適です。
A200252,comic,I love reading comic books.,私は漫画を読むのが大好きです。
A200253,comic,He chuckled at the comics.,彼は漫画を見てくすくす笑った。
A200254,commitment,She made a commitment to finish the project on time.,彼女はプロジェクトを時間通りに終わらせるという約束をしました。
A200255,committee,The committee will meet tomorrow to discuss the new proposal.,委員会は明日、新しい提案について話し合うために集まります。
A200256,common,Having common interests is important in a relationship.,恋愛関係において共通の趣味を持つことは重要です。
A200257,communicate,Effective communication is key to building strong relationships.,効果的なコミュニケーションは強い関係を築くための鍵です。
A200258,communication,Effective communication is essential in building strong relationships.,効果的なコミュニケーションは強い関係を築く上で不可欠です。
A200259,company,I work for a multinational company.,私は多国籍企業で働いています。
A200260,comparative,She is taller than her sister.,彼女は妹よりも背が高いです。
A200261,compare,I will compare the prices of different brands.,私は異なるブランドの価格を比較します。
A200262,competition,I participated in a fierce competition and won first place.,私は激しい競争に参加して、一位になりました。
A200263,complain,I complain about the service at this restaurant.,私はこのレストランのサービスについて文句を言います。
A200264,complaint,I have a complaint about the service at this restaurant.,このレストランのサービスについてクレームがあります。
A200265,complete,His work is now complete.,これで彼の仕事は完了した。
A200266,composer,Beethoven is a famous composer.,ベートーヴェンは有名な作曲家です。
A200267,concentrate,She needs to concentrate on her studies.,彼女は勉強に集中する必要があります。
A200268,concern,It is no concern of our firm.,それは当社の関知するところではない。
A200269,condition,The weather condition is perfect for a picnic.,天候の状態はピクニックに最適です。
A200270,confident,She is confident in her abilities.,彼女は自分の能力に自信があります。
A200271,confuse,I always confuse the words 'accept' and 'except'.,いつも「accept」と「except」という言葉を混同してしまいます。
A200272,confused,I was confused by the complicated instructions.,複雑な指示に困惑しました。
A200273,consequence,The consequence of his actions was severe.,彼の行動の結果は厳しかった。
A200274,consider,I will consider your proposal before making a decision.,私は決定する前にあなたの提案をよく考えます。
A200275,consist,The team will consist of five members.,チームは5人のメンバーで成り立つ。
A200276,contact,Please avoid contact with the hot stove.,熱いコンロとの接触は避けてください。
A200277,contact,Please contact me by letter.,手紙で連絡してください。
A200278,container,I packed my lunch in a container.,私はランチを容器に詰めました。
A200279,context,Understanding the context is crucial for effective communication.,効果的なコミュニケーションのためには、文脈を理解することが重要である。
A200280,continent,Africa is the second largest continent in the world.,アフリカは世界で2番目に大きな大陸です。
A200281,continue,I will continue studying until I pass the exam.,試験に合格するまで勉強を続けます。
A200282,contrast,There is a stark contrast between the two paintings.,二つの絵の間には鮮明な対比があります。
A200283,control,The riot was completely out of control.,暴動は手の付けられない状態だった。
A200284,convenience,Convenience is important when choosing a place to live.,住む場所を選ぶ際には、便利さが重要です。
A200285,convenient,This app is very convenient for managing your schedule.,このアプリはスケジュール管理にとても便利です。
A200286,cooker,I need to buy a new cooker for my kitchen.,私はキッチン用に新しい料理用電気(ガス)器具を買う必要があります。
A200287,cooking,I enjoy cooking delicious meals for my family.,私は家族のために美味しい料理を作るのが楽しいです。
A200288,cooler,I need to buy a new cooler for my computer.,私はコンピューター用の新しい冷却装置を買う必要があります。
A200289,copy,Please copy this document for me.,この書類をコピーしてください。
A200290,correctly,Please answer the question correctly.,質問に正しく答えてください。
A200291,cost,The cost of living in this city is very high.,この都市の生活費は非常に高いです。
A200292,cost,This will cost Euro30.,これには30ユーロかかります。
A200293,count,Count the apples in the basket.,籠の中のリンゴの数を数えなさい。
A200294,country,I love traveling to different countries.,私は異なる国々への旅行が大好きです。
A200295,countryside,My cousin lives in the countryside.,私のいとこは田舎に住んでいます。
A200296,couple,I bought a couple of apples at the grocery store.,私はスーパーでりんごを2個買いました。
A200297,court,The judge made a ruling in the court.,裁判官が裁判所で判決を下しました。
A200298,cover,The blanket covers the bed.,毛布がベッドをおおっています。
A200299,crazy,He is acting crazy.,彼は狂気じみた行動をしている。
A200300,cream,The walls of the room were painted in a soft cream color.,部屋の壁は柔らかいクリーム色に塗られていました。
A200301,create,God created the universe.,神は宇宙を創造した。
A200302,creative,She is a creative artist.,彼女は創造力のあるアーティストです。
A200303,creativity,Creativity is the key to innovation.,創造性は革新の鍵です。
A200304,creature,The deep sea is home to many fascinating creatures.,深海には多くの魅力的な生物が生息しています。
A200305,credit,She has good credit and is able to get a loan easily.,彼女は信用があり、簡単にローンを借りることができます。
A200306,cricket,I enjoy playing cricket with my friends on weekends.,週末に友達とクリケットを楽しんでいます。
A200307,crime,He was arrested for committing a crime.,彼は犯罪を犯したため逮捕された。
A200308,crisp,The potato chips were so crisp and crunchy.,ポテトチップスはとてもかりかりしていました。
A200309,criticize,I don't like it when people criticize others without knowing the full story.,私は物事の全体像を知らずに他人を非難する人が嫌いです。
A200310,cross,She wore a necklace with a cross pendant.,彼女は十字架のペンダントが付いたネックレスを身に着けていました。
A200311,cross,He crossed the street.,彼は道路を渡った。
A200312,crowd,The crowd became unruly and started pushing and shoving.,群衆は秩序を乱し、押し合いへし合いを始めた。
A200313,crowded,The train station was crowded with people.,駅は人で込み合っていた。
A200314,crown,The queen wore a beautiful crown on her head.,女王は美しい王冠を頭にかぶっていました。
A200315,cruise,I went on a cruise to the Caribbean.,私はカリブ海クルーズに行きました。
A200316,cry,She is crying.,彼女は泣いている。
A200317,cupboard,I found a mouse in the cupboard.,私は食器だなの中にネズミを見つけました。
A200318,curry,I love to eat curry for dinner.,夕食にカレーを食べるのが大好きです。
A200319,curse,I curse you!,呪ってやる！
A200320,custom,I ordered a custom-made dress for the wedding.,私は結婚式のためにオーダーメイドのドレスを注文しました。
A200321,customer,The customer asked for assistance with finding a specific product.,その顧客は、特定の製品を見つけるための支援を求めた。
A200322,cycling,I enjoy cycling in the park on weekends.,週末に公園で自転車に乗るのが楽しいです。
A200323,daily,I have a daily routine of exercising in the morning.,私は毎朝の運動の日課があります。
A200324,daily,Traffic accidents happen daily.,交通事故は毎日起こります。
A200325,dam,The construction of the dam was completed last year.,ダムの建設は昨年完成しました。
A200326,dancer,She is a talented dancer.,彼女は才能ある踊り子です。
A200327,danger,Beware of the danger lurking in the dark alley.,暗い路地に潜む危険に注意してください。
A200328,dangerous,The storm created dangerous conditions for driving.,嵐が運転に危険な状況を作り出しました。
A200329,daylight,I love to go for a walk in the daylight.,私は日光の中で散歩するのが好きです。
A200330,dead,He found a dead bird in his backyard.,彼は裏庭で死んだ鳥を見つけた。
A200331,deal,I made a great deal on a new car.,新車をお得に買いました。
A200332,death,The news of his death shocked everyone.,彼の死の知らせはみんなを驚かせた。
A200333,debate,The students had a lively debate about the topic.,生徒たちはそのトピックについて活発な討論を行った。
A200334,decide,I need to decide which movie to watch tonight.,今夜何の映画を見るか決めなければならない。
A200335,deep,He dug deep into the ground.,彼は地面を深く掘った。
A200336,deeply,She is deeply in love with him.,彼女は彼に深く恋をしている。
A200337,degree,She has a high degree of intelligence.,彼女は高い知性を持っている。
A200338,delay,He was irritated by her delay.,彼は彼女が遅いのでいらいらした。
A200339,dentist,I have an appointment with my dentist tomorrow.,明日、私は歯科医との予約があります。
A200340,department store,I went to the department store to buy some new clothes.,私は百貨店に行って新しい服を買いました。
A200341,depend,I depend on my parents for financial support.,私は経済的な支援を親に頼っています。
A200342,description,Can you give me a description of the painting?,絵の説明を教えていただけますか？
A200343,desert,I visited the desert during my vacation.,私は休暇中に砂漠を訪れました。
A200344,dessert,I love to indulge in a delicious dessert after a meal.,食事の後に美味しいデザートを堪能するのが大好きです。
A200345,destroy,The earthquake destroyed many buildings.,地震が多くの建物を破壊しました。
A200346,detail,Can you provide more detail about the project?,プロジェクトの詳細を提供していただけますか？
A200347,develop,The new technology will help develop innovative solutions.,新しい技術は革新的な解決策を生み出すのに役立つでしょう。
A200348,developed,LDC stands for less developed country.,LDCは発展途上国を意味します。
A200349,diamond,The diamond's brilliancy was breathtaking.,ダイヤモンドの輝きは息をのむほどだった。
A200350,diary,I write in my diary every night.,私は毎晩日記を書きます。
A200351,die,He will die if he doesn't receive medical treatment.,彼は医療処置を受けなければ死ぬだろう。
A200352,diet,I am on a strict diet to lose weight.,私は体重を減らすために厳しいダイエットをしています。
A200353,differently,She approached the problem differently than her colleagues.,彼女は同僚とは違う方法で問題に取り組んだ。
A200354,difficulty,I had difficulty understanding the instructions.,説明を理解するのが難しかったです。
A200355,digital camera,I bought a new digital camera yesterday.,私は昨日新しいデジタルカメラを買いました。
A200356,dinosaur,The dinosaur roared loudly as it stomped through the jungle.,ジャングルを踏みしめながら、恐竜は大きな声でほえました。
A200357,direct,Is it a direct flight?,それは直行便ですか。
A200358,direction,Can you give me directions to the nearest train station?,最寄りの駅への道順を教えていただけますか？
A200359,director,The director of the company is responsible for making important decisions.,会社の社長は重要な決定をする責任があります。
A200360,disadvantage,One disadvantage of living in a big city is the high cost of living.,大都市に住むことの一つの不利な点は高い生活費です。
A200361,disagree,I disagree with your opinion.,私はあなたの意見に一致しません。
A200362,disappear,The magician made the rabbit disappear.,マジシャンはウサギを消した。
A200363,disappointed,I was disappointed with the outcome of the game.,私は試合の結果にがっかりしました。
A200364,disappointing,The movie was disappointing.,その映画は失望させるようなものだった。
A200365,disco,I love going to the disco on weekends.,週末にディスコに行くのが大好きです。
A200366,discover,I discover a hidden treasure in the attic.,私は屋根裏部屋で隠された宝物を発見する。
A200367,discussion,The discussion about the new project lasted for hours.,新しいプロジェクトについての議論は数時間続きました。
A200368,dishonest,He is known for being dishonest.,彼は不正直であることで知られている。
A200369,dislike,She has a dislike for snakes and mathematics.,彼女はヘビと数学は嫌いだ。
A200370,display,The museum had an impressive display of ancient artifacts.,その博物館には、古代の遺物の素晴らしい展示があった。
A200371,disturb,The loud noise from the construction site disturbed my concentration.,建設現場からの大きな音が私の集中力をかき乱しました。
A200372,divide,Please divide the cake into equal parts.,ケーキを均等な部分に分けてください。
A200373,dizzy,I felt dizzy after spinning around in circles.,私はぐるぐる回った後、めまいがした。
A200374,done,I have done my homework.,宿題を終えました。
A200375,double,He paid double fare.,彼は二倍の運賃を払った。
A200376,doubt,I have a doubt about the answer.,私は答えについて疑問を抱いています。
A200377,down,Tears ran down her face.,彼女の顔を涙が伝いました。
A200378,download,You can download the file from the website.,ウェブサイトからファイルをダウンロードすることができます。
A200379,downstairs,He came downstairs.,彼は階下におりてきた。
A200380,downtown,I love exploring downtown areas.,私は都市の中心地を探検するのが好きです。
A200381,draw,The match ended in a draw.,試合は引き分けに終わった。
A200382,drawer,I found a key in the drawer.,私は引き出しの中で鍵を見つけました。
A200383,drawing,I enjoy drawing in my free time.,暇な時間に絵を描くのが楽しいです。
A200384,dream,She dreamed a strange dream.,彼女は奇妙な夢を見た。
A200385,dress,The guests were dressed in full-dress for the wedding.,結婚式にはゲストたちが正装で着飾っていました。
A200386,dressed,The guests were dressed in full-dress for the wedding.,結婚式にはゲストたちが正装で着飾っていました。
A200387,drill,I need to buy a new drill for my home improvement project.,私は家の改修プロジェクトのために新しいドリルを買う必要があります。
A200388,drive,I love going for a drive in the countryside.,私は田舎でドライブするのが大好きです。
A200389,driver's license,I need to renew my driver's license.,私は運転免許証を更新する必要があります。
A200390,drop,I accidentally let the drop of water fall on the document.,私はうっかり文書の上に水滴を落としてしまいました。
A200391,drug,He takes a drug to manage his chronic pain.,彼は慢性の痛みを管理するために薬を服用しています。
A200392,drugstore,I need to go to the drugstore to buy some medicine.,薬を買うためにドラッグストアに行かなければなりません。
A200393,dry,The towels were all dried up after a day in the sun.,タオルは日差しの中で一日を過ごした後、すっかり乾いていた。
A200394,duck,I saw a duck swimming in the pond.,私は池で泳いでいるアヒルを見ました。
A200395,during,I studied hard during the summer vacation.,夏休みの間ずっと一生懸命勉強しました。
A200396,dust,I need to clean the dust off the shelves.,棚の上のちりを掃除しなければならない。
A200397,early,You are early.,早かったね。
A200398,earn,She works hard to earn a living.,彼女は生計を立てるために一生懸命働いています。
A200399,earring,She wore a beautiful earring to the party.,彼女はパーティーに美しいイヤリングをつけていました。
A200400,earth,The earth is the third planet from the sun.,地球は太陽から3番目の惑星です。
A200401,earthquake,The earthquake shook the entire city.,地震が街全体を揺らした。
A200402,easily,She easily solved the math problem.,彼女は簡単に数学の問題を解決した。
A200403,east,I live in the east side of the city.,私は市の東側に住んでいます。
A200404,east,The wind is blowing east.,風は東に吹いています。
A200405,east,Nagoya is to the east of Kyoto.,名古屋は京都の東の方にある。
A200406,editor,The editor made several changes to the manuscript before it was published.,出版される前に、編集者は原稿にいくつかの変更を加えました。
A200407,education,Education is the key to success.,教育は成功の鍵です。
A200408,educational,Educational institutions play a crucial role in shaping the future of our society.,教育機関は、社会の未来を形作る上で重要な役割を果たしています。
A200409,effect,The medication had a positive effect on her health.,その薬は彼女の健康に良い結果をもたらしました。
A200410,effort,She put a lot of effort into her studies.,彼女は勉強に多くの努力を注いだ。
A200411,either,Is the cake either sweet or sour?,ケーキは甘いですか、それとも酸っぱいですか？
A200412,elderly,The elderly couple enjoys taking walks in the park every morning.,年配の夫婦は毎朝公園で散歩を楽しんでいます。
A200413,electric,I need to charge my electric car.,私は電気自動車を充電する必要があります。
A200414,elephant,The elephant is the largest land animal.,ゾウは最大の陸上動物です。
A200415,elevator,The elevator is out of order.,エレベーターが故障しています。
A200416,elsewhere,I want to go elsewhere for my vacation.,私は休暇にどこか他の場所に行きたいです。
A200417,e-mail,I need to e-mail my boss about the project.,私はプロジェクトについて上司に電子メールを送る必要がある。
A200418,embarrassing,It was embarrassing when I tripped and fell in front of everyone.,みんなの前でつまずいて転んだ時は恥ずかしかったです。
A200419,emergency,"In case of an emergency, please dial 911.",緊急の場合は911におかけください。
A200420,empty,I received a gift from him.,彼からプレゼントをもらいました。
A200421,encourage,I encourage you to pursue your dreams.,私はあなたに夢を追求するように勧めます。
A200422,end,The game ended in fulltime.,試合は時間切れで終了しました。
A200423,endangered,The conservation efforts are crucial to protect endangered species.,絶滅の危機に瀕した種を保護するために保全活動は重要です。
A200424,ending,The movie has a surprising ending.,その映画は驚きの終りを迎える。
A200425,energetic,She is always full of energy and enthusiasm.,彼女はいつもエネルギーと熱意に満ちています。
A200426,enormous,The elephant is enormous.,その象は巨大です。
A200427,enough,Is it large enough?,その大きさで十分ですか。
A200428,enough,There is enough light to read by.,読書には十分な明るさがある。
A200429,enough,I have enough of this job.,私はこの仕事にうんざりしています。
A200430,enter,I enter the room.,私は部屋に入る。
A200431,entertainment,I enjoy going to the theater for entertainment.,私は娯楽のために劇場に行くのが好きです。
A200432,entrance,"I stood at the entrance of the building, waiting for my friends.",私は友達を待っている間、建物の入り口に立っていました。
A200433,envelope,I put the letter in the envelope.,私は手紙を封筒に入れました。
A200434,envy,She couldn't help but feel envy towards her successful friend.,彼女は成功した友人に対してねたみを感じずにはいられなかった。
A200435,episode,The camping trip was definitely an episode to remember.,キャンプ旅行は間違いなく忘れられないエピソードとなった。
A200436,error,There was an error in the code.,コードに誤りがありました。
A200437,escalator,I took the escalator to the second floor.,私はエスカレーターで2階に行きました。
A200438,escape,"The boy attempted an escape, but failed.",少年は逃げようとしたが失敗した。
A200439,especially,"I love all kinds of music, especially classical music.",私はあらゆる種類の音楽が大好きですが、特にクラシック音楽が好きです。
A200440,essay,I need to write an essay on the topic of climate change.,私は気候変動のトピックについての小論を書かなければなりません。
A200441,establish,They establish a new company.,彼らは新しい会社を設立する。
A200442,euro,The euro is the official currency of the European Union.,ユーロは欧州連合の公式通貨です。
A200443,even,I can't believe he [[didn't even|not even]] apologize.,彼が謝罪さえしなかったことが信じられない。
A200444,ever,Have you ever been to Japan?,日本に行ったことがありますか？
A200445,evidence,There is no evidence to support his claim.,彼の主張を裏付ける証拠はありません。
A200446,exactly,He followed the instructions exactly.,彼は指示を正確に従った。
A200447,exam,I have an exam tomorrow.,明日、試験があります。
A200448,except,I didn't tell him anything except that I needed the money.,私はお金が必要だということ以外は彼に何も言いませんでした。
A200449,except,Nobody was hungry except me.,私だけが空腹だった。
A200450,exchange,It is a system of direct exchange of goods.,それは物資を直接交換する制度である。
A200451,exercise,Walking is a good exercise.,歩くことはよい運動です。
A200452,exhibition,I visited an art exhibition last weekend.,先週末、私は美術展に行きました。
A200453,exist,Many different species of animals exist in the world.,世界には多くの異なる種類の動物が存在しています。
A200454,expect,I expect to receive the package tomorrow.,明日、荷物を受け取ることを期待しています。
A200455,experience,The team is lacking in experience.,チームは経験が不足しています。
A200456,expert,He is an expert in his field.,彼はその分野のエキスパートだ。
A200457,explain,Can you explain how to solve this math problem?,この数学の問題を解く方法を説明してもらえますか？
A200458,explanation,Can you give me an explanation for your behavior?,あなたの行動の説明をしてもらえますか？
A200459,explore,I love to explore new places and discover hidden gems.,私は新しい場所を探検し、隠れた名所を発見するのが大好きだ。
A200460,express,Is this an express?,これは急行ですか。
A200461,expression,He has a very expressive face.,彼はとても表情豊かな顔をしています。
A200462,extra,Will there be an extra charge for that?,それには追加料金がかかりますか。
A200463,extra,A permanent costs extra.,パーマは別料金です。
A200464,extremely,She is extremely intelligent.,彼女は非常に賢いです。
A200465,face,They are faced with a serious situation.,彼らは容易ならぬ事態に直面している。
A200466,fact,It is a well-known fact that smoking is harmful to your health.,喫煙が健康に悪いことはよく知られている事実です。
A200467,fail,"I tried my best, but I failed the exam.",一生懸命頑張ったけど、試験に落ちちゃった。
A200468,fairly,She played fairly in the game.,彼女はゲームで公平にプレイしました。
A200469,fall,I love watching the leaves fall in autumn.,私は秋に葉が落ちるのを見るのが好きです。
A200470,familiar,He is a familiar face in the neighborhood.,彼は近所ではよく知られた顔です。
A200471,fancy,"Her room is so fancy, in contrast to me.",私とは対照的に、彼女の部屋はとても派手だ。
A200472,fantastic,The view from the top of the mountain was fantastic.,山の頂上からの景色は異様に素晴らしかった。
A200473,far,You are [[going too far|go too far]].,言い過ぎですよ。
A200474,fare,The fare for the train ride is $10.,電車の乗車料金は10ドルです。
A200475,fascinating,The museum had a fascinating collection of ancient artifacts.,その博物館には魅惑的な古代の遺物のコレクションがありました。
A200476,fashion,She has a great sense of fashion.,彼女はファッションセンスが素晴らしいです。
A200477,fast-food,I love eating fast-food because it is convenient.,私はファストフードを食べるのが好きです。なぜならそれが便利だからです。
A200478,fault,It's not my fault that the car broke down.,車が故障したのは私のせいではありません。
A200479,favor,Can you do me a favor and pick up some groceries?,お願いがあるんだけど、買い物に行ってくれる？
A200480,fear,She couldn't overcome her fear of spiders.,彼女はクモの恐怖を克服することができなかった。
A200481,feather,The bird had a beautiful feather.,その鳥は美しい羽を持っていました。
A200482,feature,This new smartphone has a unique feature that allows you to unlock it using facial recognition.,この新しいスマートフォンには、顔認識を使ってロックを解除することができるユニークな機能があります。
A200483,fee,There is a fee for using the gym.,ジムの利用には料金がかかります。
A200484,feel,I love the feel of silk against my skin.,私は肌に触れるシルクの感触が好きです。
A200485,female,The female lion is the primary hunter for the pride.,ライオンの群れの主なハンターはメスです。
A200486,fence,The dog jumped over the fence.,犬はフェンスを飛び越えた。
A200487,few,There are a few books in the bag.,かばんの中に本が２、３冊入っています。
A200488,fiction,She loves reading fiction novels.,彼女はフィクションの小説を読むのが好きです。
A200489,fighter,The fighter entered the ring with confidence.,戦士は自信を持ってリングに入った。
A200490,figure,She is a prominent figure in the fashion industry.,彼女はファッション業界で著名な人物です。
A200491,figure,He figured out a principle.,彼はひとつの原理を考えだした。
A200492,film,The film was a great success.,その映画は大成功だった。
A200493,final,This is my final offer.,これが私の最終オファーです。
A200494,final,We advanced to the finals.,私達は決勝戦に進出した。
A200495,finally,"Finally, after months of hard work, I completed my project.",最後に、数ヶ月間の努力の末、私はプロジェクトを完成させました。
A200496,first name,My first name is John.,私のファーストネームはジョンです。
A200497,fisherman,The fisherman caught a big fish.,漁夫は大きな魚を捕まえました。
A200498,fit,She is fit for the job.,彼女はその仕事に適している。
A200499,fix,That would leave me in a fix.,そうなると、私は困ったことになる。
A200500,flea,I found a flea on my dog.,犬にノミが付いていたのを見つけました。
A200501,flight,The alternative possibilities were resistance and flight.,可能な選択肢は抵抗か逃亡かの二者択一だった。
A200502,float,Hey! Throw that float to me.,おい！その浮き輪を俺に投げてくれ。
A200503,flood,The flood overwhelmed the village.,洪水がその村を飲み込んでしまった。
A200504,flour,I need to buy some flour to make bread.,パンを作るために小麦粉を買わなければなりません。
A200505,fog,The fog made it difficult to see the road.,霧が道路が見えにくくしました。
A200506,folder,I put the documents in a folder to keep them organized.,私は書類をフォルダに入れて整理している。
A200507,follow,I will follow you wherever you go.,どこへ行ってもあなたの後をついていきます。
A200508,fool,He is such a fool.,彼は本当にばかだ。
A200509,footballer,My brother aspires to become a professional footballer.,私の兄はプロのサッカー選手になることを目指しています。
A200510,for,"It will rain, for the barometer is falling.",気圧計が下がっているから、雨が降るだろう。
A200511,forbid,They forbid smoking in the building.,彼らは建物内での喫煙を禁じています。
A200512,force,The police used force to subdue the suspect.,警察は容疑者を制圧するために力を使った。
A200513,forest,I love hiking in the forest.,私は森林でハイキングするのが大好きです。
A200514,forever,Love is forever.,愛は永久に続く。
A200515,fork,I need a fork to eat my dinner.,夕食を食べるためにフォークが必要です。
A200516,fortunately,"Fortunately, I found my lost wallet.",運よく、私は失くした財布を見つけました。
A200517,fortune,She had the good fortune to win the lottery.,彼女は宝くじに当たるという幸運を得た。
A200518,forward,He looked forward to the weekend.,彼は週末を楽しみにしていた。
A200519,frame,The picture looks better with a frame.,絵は額縁に入れるとより良く見えます。
A200520,frank,"Frankly speaking, I don't like the idea.",率直に言って、私はその考えが好きではありません。
A200521,free,You can use this software free for a month.,このソフトウェアは1ヶ月間無料で使用できます。
A200522,freedom,Freedom is a fundamental human right.,自由は基本的な人権です。
A200523,freeze,The water will freeze if you leave it outside in the winter.,冬に外に置いておくと水は凍ります。
A200524,fresh,I bought some fresh vegetables from the market.,私は市場で新鮮な野菜を買いました。
A200525,fridge,I need to buy some groceries to fill up my fridge.,冷蔵庫をいっぱいにするために食料品を買う必要があります。
A200526,fried,I fried some chicken for dinner.,夕食にチキンを揚げました。
A200527,friendship,Friendship is a precious bond that lasts a lifetime.,友情は一生続く貴重な絆です。
A200528,frighten,The loud noise frightened me.,大きな音が私をびっくりさせました。
A200529,frightened,I was terribly frightened.,怖くてどきどきしたよ。
A200530,frightening,The horror movie was so frightening that I couldn't sleep at night.,ホラー映画はぎょっとさせるほど怖くて、夜眠れなかった。
A200531,front,The car's front is dented.,車の前面がへこんでいる。
A200532,fry,I ordered fries on the side.,副菜にフライドポテトを注文した。
A200533,fully,She fully understands the importance of education.,彼女は教育の重要性を十分に理解しています。
A200534,function,The computer can still function offline.,コンピューターはオフラインでも機能することができます。
A200535,furniture,I need to buy some new furniture for my living room.,リビングルームのために新しい家具を買う必要があります。
A200536,further,I need a further explanation.,もう少し詳しい説明が必要です。
A200537,gallery,I visited the art gallery and admired the beautiful paintings.,私は美術館を訪れ、美しい絵画を称賛しました。
A200538,garage,I parked my car in the garage.,私は車を車庫に駐車しました。
A200539,garlic,I love the taste of garlic in my pasta.,私はパスタに入っているニンニクの味が大好きです。
A200540,gas,Natural gas is used for heating and cooking.,天然ガスは暖房や料理に使われています。
A200541,gate,The gate to the park is closed.,公園への門は閉まっています。
A200542,gather,We gather every Sunday for a family dinner.,私たちは毎週日曜日に家族の夕食のために集まります。
A200543,gender,Gender equality is important for a fair society.,性の平等は公正な社会にとって重要です。
A200544,generation,The generation of today is facing unique challenges.,今日の世代は独特な課題に直面しています。
A200545,gentle,She has a gentle smile.,彼女は優しい笑顔をしています。
A200546,given,I have given him a gift.,私は彼にプレゼントをあげました。
A200547,globe,The globe is a representation of the Earth.,地球儀は地球を表している。
A200548,glove,I put on my glove to keep my hands warm.,手を暖かく保つために手袋をはめました。
A200549,gold,Gold is a malleable metal.,金は打ち延ばしできる金属です。
A200550,golden,She wore a beautiful golden necklace.,彼女は美しい金のネックレスを身に着けていた。
A200551,golf,I enjoy playing golf on the weekends.,週末にゴルフを楽しんでいます。
A200552,good-looking,He is very good-looking.,彼はとてもイケメンだ。
A200553,government,The government is responsible for making and enforcing laws.,政府は法律を制定し、執行する責任があります。
A200554,grace,She moved with grace and elegance.,彼女は優雅で上品に動いた。
A200555,gradually,She gradually became more comfortable speaking in public.,彼女は徐々に公の場で話すのが楽になりました。
A200556,graduate,She graduated with honors.,彼女は優秀な成績で卒業した。
A200557,gram,I bought 500 grams of sugar.,私は砂糖を500グラム買いました。
A200558,grandchild,My grandchild is coming to visit me this weekend.,今週末、私の孫が私を訪ねてきます。
A200559,granddad,My granddad loves to tell stories about his childhood.,私の祖父は自分の子供時代の話をするのが大好きです。
A200560,granddaughter,My granddaughter is very talented.,私の孫娘はとても才能がある。
A200561,grandson,My grandson is very smart.,私の孫息子はとても頭が良いです。
A200562,granny,My granny makes the best apple pie.,私のおばあちゃんは最高のアップルパイを作ります。
A200563,grateful,I am grateful for all the support I have received.,私は受けたすべてのサポートに感謝しています。
A200564,greatly,I greatly appreciate your help.,あなたの助けに大いに感謝しています。
A200565,greedy,He is known for his greedy nature.,彼はどん欲な性格で知られている。
A200566,green,Green is associated with grass.,緑は草を連想させる。
A200567,grilled,I love to eat grilled salmon.,私はサーモンのグリルを食べるのが大好きです。
A200568,grocery,I need to go to the grocery store to buy some food.,食料品を買うために食料品店に行かなければなりません。
A200569,guard,The security guard patrols the building every night.,セキュリティーガードは毎晩ビルを巡回します。
A200570,guidebook,I forgot to bring my guidebook to the museum.,私は博物館に案内書を持ってくるのを忘れてしまった。
A200571,gun,He pointed the gun at the target.,彼は銃を的に向けた。
A200572,half,I will be back in a half-hour.,半時間後に戻ります。
A200573,half,I ate half of the pizza.,私はピザの半分を食べました。
A200574,half-price,The man jumped at our offer of a half-price bargain sale.,その男性は私たちの半額セールの申し出に飛びついた。
A200575,half-price,I bought this shirt at half-price.,私はこのシャツを半額で買いました。
A200576,ham,I love eating ham sandwiches for lunch.,昼食にハムサンドイッチを食べるのが大好きです。
A200577,hand,I handed him the book.,彼に本を渡した。
A200578,handbag,She carried a stylish handbag to the party.,彼女はパーティーにおしゃれなハンドバッグを持っていった。
A200579,handicapped,She is a strong advocate for the rights of the handicapped.,彼女は身体(精神)に障害のある人々の権利を強く主張しています。
A200580,handle,This handle will not turn.,このハンドルはどうしても回らない。
A200581,happily,She smiled happily as she walked down the street.,彼女は通りを歩きながら幸せそうに微笑んだ。
A200582,happiness,Happiness is a choice that we make every day.,幸せとは、私たちが日々選択するものだ。
A200583,hardly,I hardly ever go to the gym.,私はほとんどジムに行かない。
A200584,harm,That incident harmed his reputation.,その事件は彼の名声を傷つけた。
A200585,harmful,Exposure to harmful chemicals can have serious health effects.,有害な化学物質にさらされると、重篤な健康影響が出る可能性があります。
A200586,harmony,The colors of the painting create a sense of harmony.,絵の色彩が調和感を生み出しています。
A200587,harvest,The farmers were busy with the harvest.,農民たちは収穫で忙しかった。
A200588,hate,They hated each other.,二人は互いに憎み合っていた。
A200589,head,He always heads the team in every game.,彼はいつも試合ごとにチームの先頭に立っています。
A200590,headphone,I forgot to bring my headphones to the gym.,ジムにヘッドフォンを持ってくるのを忘れてしまった。
A200591,headteacher,She is the current headteacher at my high school,彼女は私の高校の現在の校長（教頭）です
A200592,heat,The heat of the sun was unbearable.,太陽の熱は耐えられなかった。
A200593,heating,The heating system in our house keeps us warm during the winter.,冬になっても、家の暖房システムが私たちを暖かく保ってくれます。
A200594,heavily,The suitcase was heavily packed with clothes.,スーツケースには衣類がぎっしりと詰まっていた。
A200595,help,It was a great help!,大変助かりました。
A200596,helpful,The helpful neighbor helped me carry my groceries.,親切な隣人が食料品を運ぶのを手伝ってくれました。
A200597,hero,He is considered a hero for his brave actions during the war.,彼は戦争中の勇敢な行動により英雄とされています。
A200598,herself,She did it herself.,彼女はそれを自分でやった。
A200599,hey,"Hey, how are you?",おや、元気ですか？
A200600,high,She jumped high into the air.,彼女は高く空中に飛び上がった。
A200601,high school,I met my best friend in high school.,私は高校で親友に出会いました。
A200602,highway,I drove on the highway to get to the city.,私は都市に行くために高速道路を走りました。
A200603,hike,I love to hike in the mountains.,私は山でハイキングするのが大好きです。
A200604,hiking,I enjoy hiking in the mountains.,私は山でハイキングを楽しんでいます。
A200605,himself,He always does everything by himself.,彼はいつも自分で何でもやります。
A200606,hip hop,Rhymester is a popular hip-hop group in Japan.,Rhymesterは日本で人気のあるヒップホップグループです。
A200607,hit,He hit the mark.,彼は的に当てた。
A200608,hockey,I enjoy playing hockey with my friends.,私は友達とホッケーをするのが楽しいです。
A200609,hold,I have a hold on the situation.,私は状況を把握している。
A200610,home,I always go home after work.,仕事の後はいつも家に帰ります。
A200611,honey,I love to drizzle honey on my pancakes.,私はパンケーキにはちみつをかけるのが大好きです。
A200612,honor,It is an honor to meet you.,お会いできて光栄です。
A200613,horror,I love watching horror movies.,私はホラー映画を見るのが好きです。
A200614,host,The museum exhibition attracted a host of art enthusiasts from various countries.,その美術館の展示会は、さまざまな国から多くの美術愛好家を引き付けました。
A200615,however,"However, I still managed to finish the project on time.",しかし、それでも何とか時間内にプロジェクトを終えることができた。
A200616,hug,I gave her a warm hug when I saw her.,彼女に会った時、私は彼女を暖かく抱き締めました。
A200617,human,Talking is a human ability.,話すことは人間の能力の一つである。
A200618,hundred,There are a hundred people in the room.,部屋には百人います。
A200619,hunter,The hunter tracked the deer through the forest.,ハンターは森の中で鹿を追跡した。
A200620,hurry,He was in a hurry to get to the store.,彼は店に行くのに急いでいた。
A200621,ID,Do you have any ID?,身分証明をお持ちですか。
A200622,ID card,I always carry my ID card with me.,私はいつも身分証明書を持ち歩いています。
A200623,ill,She is ill and cannot come to work today.,彼女は病気で今日は仕事に来れません。
A200624,illegal,Engaging in illegal activities can result in severe consequences.,違法行為に従事すると深刻な結果を招く可能性があります。
A200625,image,I saw my image in the mirror.,私は鏡に映った自分の像を見ました。
A200626,imagination,She has a vivid imagination.,彼女は豊かな想像力を持っています。
A200627,impact,The earthquake had a significant impact on the city.,地震は市に大きな衝撃を与えました。
A200628,impatient,She became impatient waiting for the bus.,彼女はバスを待っている間、いらいらしていた。
A200629,importance,Understanding the importance of education is crucial for every individual.,教育の重要性を理解することは、すべての人にとって極めて重要である。
A200630,importantly,"Importantly, she emphasized the need for teamwork in achieving the company's goals.",重要なことには、彼女は会社の目標を達成するためにチームワークの必要性を強調しました。
A200631,impossible,Achieving that goal seems impossible.,その目標を達成することは不可能のようだ。
A200632,impress,She always impresses me with her intelligence.,彼女はいつも知性で私を感心させます。
A200633,improve,Regular exercise can improve your overall health and well-being.,定期的な運動はあなたの全体的な健康と幸福感を向上させることができます。
A200634,in,She walked in the room quietly.,彼女は静かに部屋に入った。
A200635,inch,He measured the length of the table in inches.,彼はテーブルの長さをインチで測った。
A200636,include,I always include a salad with my dinner.,私はいつも夕食にサラダを入れます。
A200637,increase,They intended to increase the military budget.,彼らは軍事予算を増大させようとした。
A200638,indeed,"Indeed, it was a beautiful day.",実に、それは美しい日でした。
A200639,independence,The country fought for its independence from colonial rule.,その国は植民地支配からの独立を求めて戦った。
A200640,indicate,Can you indicate where the nearest restroom is?,最寄りのトイレはどこかを示していただけますか？
A200641,indoor,"I prefer indoor activities, such as reading or painting.",私は読書や絵画などの室内の活動を好みます。
A200642,inexpensive,This restaurant offers inexpensive meals.,このレストランは安価な食事を提供しています。
A200643,influence,He has influence in politics.,彼は政治に影響力を持っている。
A200644,injure,He accidentally injured his hand while chopping vegetables.,彼は野菜を切っている最中に手を誤って傷つけました。
A200645,inner,The inner layer of the cake is filled with chocolate.,ケーキの内側の層にはチョコレートが詰まっています。
A200646,insect,I saw a beautiful insect in the garden.,私は庭で美しい昆虫を見ました。
A200647,inside,The children played inside while it rained outside.,子供たちは外で雨が降っている間、中で遊んでいた。
A200648,inspiration,She found inspiration in nature.,彼女は自然の中にインスピレーションを見出した。
A200649,instant,I saw an instant flash of light.,私は一瞬の光を見た。
A200650,instead,I decided to walk instead of taking the bus.,バスに乗る代わりに歩くことに決めました。
A200651,instrument,He plays a musical instrument.,彼は楽器を演奏します。
A200652,intelligence,He works in the intelligence department.,彼は情報部で働いています。
A200653,intelligent,She is an intelligent woman.,彼女は知的な女性だ。
A200654,interest,I have a lot of interest in learning new languages.,新しい言語を学ぶことにとても興味があります。
A200655,international,She has an international background.,彼女は国際的なバックグラウンドを持っています。
A200656,invade,The enemy plans to invade our territory.,敵は私たちの領土に侵入する計画です。
A200657,invent,He was able to invent a new device.,彼は新しい装置を発明することができました。
A200658,invention,The invention of the telephone revolutionized communication.,電話の発明はコミュニケーションに革命をもたらした。
A200659,invite,I would like to invite you to my birthday party.,私はあなたを私の誕生日パーティーに招待したいと思います。
A200660,issue,The company is facing a major issue with its supply chain.,会社は供給チェーンに重大な問題を抱えています。
A200661,IT,We are facing the increasing use of IT in all aspects of today's society.,現代社会のあらゆる場面でITの活用が進んでいる。
A200662,itself,The book itself is very interesting.,その本自体はとても面白いです。
A200663,jam,The subway station was a jam of people during rush hour.,ラッシュアワー中、地下鉄の駅は人々で混雑していました。
A200664,jelly,I love eating jelly for dessert.,デザートにゼリーを食べるのが大好きです。
A200665,joke,It was just a joke.,ちょっとした冗談のつもりで言っただけです。
A200666,journey,I am planning a journey to Japan next month.,来月、私は日本への旅行を計画しています。
A200667,joy,She couldn't contain her joy when she received the good news.,彼女はその良い知らせを受け取ったとき、喜びを抑えることができなかった。
A200668,junior,She is a junior employee at the company.,彼女は会社の若手社員です。
A200669,junk,I found some junk in the attic.,私は屋根裏部屋でいくつかのがらくたを見つけました。
A200670,killer,The detective finally caught the serial killer.,刑事はついに連続殺人犯を捕まえた。
A200671,kilo,I bought five kilos of apples at the grocery store.,私はスーパーでりんごを5キログラム買いました。
A200672,kilogram,I weighed myself and found out that I am 60 kilograms.,体重を計ったら、私は60キログラムだとわかった。
A200673,kilometer,I walked five kilometers today.,今日は5キロメートル歩きました。
A200674,kind,She is a kind person.,彼女は親切な人です。
A200675,kindly,Our teacher is at once stern and kindly.,我々の先生は厳しくもあり、かつ優しくもある。
A200676,kingdom,The kingdom was ruled by a wise and just king.,その王国は賢明で公正な王によって統治されていた。
A200677,kit,I bought a new tool kit for my home repairs.,私は家の修理のために新しい工具セットを買いました。
A200678,knock,There was a knock at the front door.,玄関で扉を叩く音がした。
A200679,knowledge,Having knowledge about a wide range of topics is important.,様々なトピックについての知識を持つことは重要です。
A200680,labor,Labor unions play an important role in protecting workers' rights.,労働組合は労働者の権利を守る重要な役割を果たしています。
A200681,lack,There is a lack of communication in the team.,チーム内でのコミュニケーションが不足しています。
A200682,lake,I went fishing at the lake.,私は湖で釣りをしました。
A200683,lamp,I turned on the lamp to brighten up the room.,部屋を明るくするためにランプをつけました。
A200684,land,The helicopter landed on the rooftop.,ヘリコプターは屋上に着陸しました。
A200685,landscape,The landscape of the countryside is breathtaking.,田舎の風景は息をのむほど美しいです。
A200686,lane,I drove down a narrow lane to get to the cottage.,私はコテージに行くために狭い道を車で走りました。
A200687,last,This is the last chance.,これが最後のチャンスです。
A200688,last,He was the last but two to arrive.,彼は終わりから３番目に着いた。
A200689,latest,I just bought the latest smartphone.,最新のスマートフォンを買ったばかりだ。
A200690,latter,I prefer the latter half of the year.,私は年の後半を好みます。
A200691,latter,Of these it is the latter one that is important.,このうち大事なのは後者の方です。
A200692,law,He studied law at Harvard University.,彼はハーバード大学で法学を勉強しました。
A200693,lawyer,He hired a lawyer to help with his legal case.,彼は法的な問題を手伝ってもらうために弁護士を雇った。
A200694,laziness,His laziness prevented him from completing the project on time.,彼の怠惰さが彼をプロジェクトを時間通りに完成させることを妨げた。
A200695,lead,Exposure to lead-based paint can cause lead poisoning.,鉛含有塗料にさらされると、鉛中毒を引き起こすことがあります。
A200696,learner,She is a dedicated learner.,彼女は熱心な学習者です。
A200697,least,This is the least expensive item in the store.,これは店で最も安い商品です。
A200698,leather,She bought a new leather jacket.,彼女は新しい革のジャケットを買いました。
A200699,left,He turned left at the intersection.,彼は交差点で左に曲がりました。
A200700,left,He found his keys in the left pocket of his jacket.,彼はジャケットの左ポケットで彼の鍵を見つけました。
A200701,left-hand,He held the pen in his left hand.,彼はペンを左手で持っていた。
A200702,leisure,I enjoy leisure activities such as reading and hiking.,私は読書やハイキングなどのレジャー活動を楽しんでいます。
A200703,lemon,I added a slice of lemon to my water.,私は水にレモンのスライスを加えました。
A200704,lemonade,I love drinking lemonade on a hot summer day.,暑い夏の日にレモネードを飲むのが大好きです。
A200705,lend,Can you lend me a pencil?,鉛筆を貸してもらえますか？
A200706,less,"As time went on, people grew less and less concerned about the matter.",時間がたつにつれて、人々はそのことにだんだん関心がなくなってきた。
A200707,less,I prefer to drink skim milk because it has less fat.,脂肪が少ないので、私は脱脂乳を飲むことを好みます。
A200708,less,"Some had more, others less.",より多く持っている人もいれば、少ない人もいます。
A200709,level,The water rose to a level of 10 meters.,水は１０メートルまで到達した。
A200710,liberty,She fought for liberty and equality.,彼女は自由と平等のために戦った。
A200711,license,The restaurant is licensed to serve alcohol.,そのレストランは酒類の提供を許可されている。
A200712,lie,I lied to him and he lied to me in turn.,私が彼に嘘をつくと、今度は彼が私に嘘をついた。
A200713,lifestyle,Having a healthy lifestyle is important for overall well-being.,健康的な生き方は全体的な幸福感に重要です。
A200714,likely,She is likely to win the competition.,彼女は競技に勝つ可能性が高いです。
A200715,lip,She applied a coat of lipstick to her lips.,彼女はくちびるに口紅を塗った。
A200716,liter,I bought a liter of milk at the grocery store.,私はスーパーで1リットルの牛乳を買いました。
A200717,lively,The party was lively with music and dancing.,パーティーは音楽とダンスで生気にあふれていました。
A200718,load,I need help carrying this heavy load.,この重い荷物を運ぶのを手伝ってください。
A200719,local,I love exploring local markets when I travel.,旅行する時は、地元の市場を探検するのが大好きです。
A200720,lock,The lock is broken.,錠が壊れている。
A200721,logical,Logical reasoning is an important skill in the field of philosophy.,論理的な推論は哲学の分野で重要なスキルです。
A200722,long,I've long known that this day would come.,この日が来ることは、ずっと前からわかっていました。
A200723,loose,She's wearing a loose coat.,彼女はだぶだぶの上着を着ている。
A200724,lose,I don't want to lose the game.,私はゲームに負けたくない。
A200725,lost,I lost my keys yesterday.,昨日、私は鍵を失くしました。
A200726,lot,I've got lots of homework to do.,私はたくさんの宿題をやらなければなりません。
A200727,loudly,She spoke loudly to make sure everyone could hear her.,彼女はみんなが彼女の声を聞けるように大声で話した。
A200728,lover,She is my lover.,彼女は私の恋人です。
A200729,low,The temperature is low today.,今日は気温が低いです。
A200730,low,The airplane flew very low.,飛行機は大変低く飛んでいた。
A200731,luckily,"Luckily, I found my lost wallet.",運よく、私は失くした財布を見つけました。
A200732,lunchtime,I usually have a sandwich at lunchtime.,私は通常、昼食時間にサンドイッチを食べます。
A200733,lyric,The lyric beauty of the poem touched my heart deeply.,その詩の叙情的な美しさが私の心を深く打った。
A200734,mad,He was mad at me for forgetting his birthday.,彼は自分の誕生日を忘れたことに腹を立てていた。
A200735,magic,I perform a magic trick at the party.,私はパーティーで手品を披露します。
A200736,magic,There is no such thing as magic.,魔法なんて存在しない。
A200737,main course,We are having fish for our main course.,メインディッシュを魚にしました。
A200738,mainly,I mainly eat vegetables for dinner.,夕食は主に野菜を食べます。
A200739,major,The Seine is a major river in France.,セーヌ川はフランスの主要な川です。
A200740,maker,He is a talented maker.,彼は才能ある製作者です。
A200741,make-up,She never wears make-up.,彼女は決して化粧をしません。
A200742,male,Sixty percent of Japanese adult males drink alcoholic beverages on a regular basis.,日本人男性の六割は日常的にお酒を飲んでいます。
A200743,mall,I went to the mall to buy some new clothes.,私は新しい服を買うためにショッピングモールに行きました。
A200744,manage,I manage my time effectively.,私は時間を効果的に管理しています。
A200745,manager,The manager of the company is responsible for overseeing the operations and making important decisions.,会社の支配人は、業務の監督や重要な決定を行う責任があります。
A200746,manner,He has good manners.,彼はマナーが良い。
A200747,mark,Mark your calendar for the upcoming event.,今後のイベントのためにカレンダーに印をつけてください。
A200748,mark,The cattle are marked with brands.,それらの牛には焼き印がついている。
A200749,market,I went to the market to buy some fresh vegetables.,新鮮な野菜を買うために市場に行きました。
A200750,married,They got married last year.,彼らは去年結婚した。
A200751,marry,She wants to marry him.,彼女は彼と結婚したいと思っています。
A200752,marvelous,The view from the top of the mountain was absolutely marvelous.,山の頂上からの景色は本当に驚嘆すべきものだった。
A200753,material,The material used for this dress is silk.,このドレスに使用されている素材はシルクです。
A200754,matter,It doesn't matter.,どっちでも構いません。
A200755,max,The max capacity of this elevator is eight people.,このエレベーターの最大容量は8人です。
A200756,mean,She is a mean person.,彼女は意地悪な人だ。
A200757,meaning,The meaning of life is to be happy.,人生の目的は幸せになることです。
A200758,medal,He won a gold medal in the Olympics.,彼はオリンピックで金メダルを獲得しました。
A200759,medical,He is studying medical science at university.,彼は大学で医学を勉強しています。
A200760,melon,I bought a ripe melon from the grocery store.,私はスーパーで熟したメロンを買いました。
A200761,member,She is a valuable member of our team.,彼女は私たちのチームの貴重な一員です。
A200762,mention,He made no mention of her request.,彼は彼女の要求については一言も触れなかった。
A200763,menu,"Can I see the menu, please?",メニューを見せてもらえますか？
A200764,metal,I love listening to metal music.,私はメタル音楽を聴くのが好きです。
A200765,meter,The length of the swimming pool is 25 meters.,プールの長さは25メートルです。
A200766,method,I learned a new method for solving math problems.,私は数学の問題を解くための新しい方法を学びました。
A200767,midday,I always take a break at midday.,私はいつも正午に休憩を取ります。
A200768,middle,The library is in the middle of the city.,図書館は市の中央にある。
A200769,midnight,I stayed up until midnight last night.,昨夜は真夜中まで起きていました。
A200770,might,I might go to the party tonight.,今夜、パーティーに行くかもしれない。
A200771,military,The military conducted a training exercise.,軍隊は訓練演習を行った。
A200772,million,He earned a million dollars last year.,彼は去年100万ドルを稼いだ。
A200773,mind,I don't mind helping you with your homework.,宿題を手伝うのは構わないよ。
A200774,mineral water,I always drink mineral water to stay hydrated.,私は常に水分補給のために鉱泉を飲んでいます。
A200775,mirror,Look at yourself in the mirror.,鏡の中の自分を見てごらん。
A200776,missing,I realized that I was missing a key ingredient for the recipe.,レシピのための重要な材料がないことに気づきました。
A200777,mistake,I made a mistake on the test.,テストで誤りをしました。
A200778,mix,I like to mix different colors together when painting.,絵を描く時に、異なる色を混ぜ合わせるのが好きです。
A200779,mobile,I bought a new mobile phone.,私は新しい携帯電話を買った。
A200780,model,She is a successful model.,彼女は成功したモデルです。
A200781,modern,I love the modern design of this house.,私はこの家の現代的なデザインが好きです。
A200782,mood,I'm in a great mood today.,今日はとても気分がいいです。
A200783,mosque,I visited a beautiful mosque with towering minarets.,私は尖塔のそびえ立つ美しいモスクを訪れました。
A200784,most,It was a most beautiful flower.,それはとても美しい花だった。
A200785,most,He made the most of the chance.,彼はそのチャンスを最大限に生かした。
A200786,mostly,I mostly prefer to stay at home on weekends.,週末はたいてい家にいることを好む。
A200787,motorway,I drove on the motorway to get to the city.,私は都市に行くために高速道路を走りました。
A200788,move,I need to make a move.,移動しなければなりません。
A200789,MP3 player,I want an MP3 player!,ＭＰ３プレーヤーがほしい！
A200790,Ms.,Ms. Smith is a doctor.,スミスさんは医者です。
A200791,mug,I sipped my coffee from a ceramic mug.,私は陶器製のマグカップからコーヒーをすする。
A200792,murder,The detective solved the murder case.,探偵は殺人事件を解決した。
A200793,museum,I visited the museum yesterday and learned a lot about history.,昨日、私は博物館を訪れて、歴史についてたくさん学びました。
A200794,mushroom,I love to eat mushroom risotto.,私はキノコのリゾットを食べるのが大好きです。
A200795,musical,I love going to musicals.,私はミュージカルを見に行くのが大好きです。
A200796,myself,I can take care of it myself.,自分で対処できます。
A200797,mysterious,The old mansion had a mysterious atmosphere.,その古い屋敷は神秘的な雰囲気を持っていた。
A200798,mystery,The disappearance of the ancient artifact remains a mystery.,古代の遺物の消失は未解決のままです。
A200799,napkin,Can you please pass me a napkin?,ナプキンを取ってもらえますか？
A200800,nation,The United States is a nation founded on the principles of freedom and democracy.,アメリカ合衆国は自由と民主主義の原則に基づいて建国された国家です。
A200801,national,The national anthem is sung before every game.,試合前には国歌が歌われます。
A200802,native,She is a native of New York.,彼女はニューヨーク出身です。
A200803,natural,The natural beauty of the forest was breathtaking.,森の自然な美しさは息をのむほどだった。
A200804,nature,I love spending time in nature.,私は自然の中で過ごすことが大好きです。
A200805,nearly,I nearly missed the bus.,危うくバスに乗り遅れるところだった。
A200806,necessary,Water is necessary for survival.,生存には水が必要です。
A200807,need,I need a break.,休憩が必要です。
A200808,negative,The test results came back negative.,テストの結果は陰性でした。
A200809,nervous,She felt nervous before her big presentation.,彼女は大きなプレゼンテーションの前に緊張していました。
A200810,net,"Net profit for the period is estimated at 5 billion yen, largely unchanged from the previous one.",当期純利益は５０億円の見込みで、前期とほとんど変わりません。
A200811,next,They are deliberating what to do next.,彼らは次に何をすべきか熟考中である。
A200812,next,What are your plans for the next weekend?,次の週末の予定は何ですか？
A200813,next to,The bookstore is next to the coffee shop.,本屋はカフェの隣にあります。
A200814,no one,No one knows the answer.,だれもその答えを知りません。
A200815,nobody,Nobody likes to be alone.,だれも一人でいるのは好きではありません。
A200816,noisy,The party next door was so noisy that I couldn't concentrate on my work.,隣のパーティーがとてもやかましくて、仕事に集中できませんでした。
A200817,noon,I always take a walk at noon.,私はいつも正午に散歩をします。
A200818,normal,He has a normal heart rate.,彼の心拍数は正常です。
A200819,north,I live in the north of the city.,私は市の北に住んでいます。
A200820,north,The bus was heading north.,バスは北へ向かっていた。
A200821,north,There are colossal mountains in the north.,北部には巨大な山々がある。
A200822,notice,Stick a notice on the board.,掲示板に注意事項を貼ります。
A200823,noun,John is a proper noun.,ジョンは固有名詞です。
A200824,novel,She is reading a novel.,彼女は小説を読んでいます。
A200825,nowadays,"Nowadays, technology plays a crucial role in our daily lives.",今日では、テクノロジーが私たちの日常生活で重要な役割を果たしています。
A200826,oak,I sat under the shade of a majestic oak tree.,私は壮大なオークの木の陰に座った。
A200827,occupation,My father's occupation is a doctor.,私の父の職業は医者です。
A200828,off,He went off in a hurry.,彼は足早に立ち去った。
A200829,offer,This is a one-time offer.,これは一度きりのお試しの機会です。
A200830,offer,They offered assistance.,彼らは援助を申し出た。
A200831,official,He is an official in the government.,彼は政府の公務員です。
A200832,oil,I need to change the oil in my car.,私は車のオイルを交換する必要があります。
A200833,olive oil,I sauteed the vegetables in olive oil.,私はオリーブオイルで野菜を炒めました。
A200834,Olympic,The Olympic Games are held every four years.,オリンピックは4年に一度開催されます。
A200835,omelet,I love to eat omelet for breakfast.,朝食にオムレツを食べるのが大好きです。
A200836,on,She placed the book on the table.,彼女は本をテーブルの上に置きました。
A200837,one,I have two apples. One is red and the other is green.,私はりんごを2つ持っています。1つは赤く、もう1つは緑です。
A200838,onion,I love the taste of onion in my salad.,私はサラダに入ったタマネギの味が好きです。
A200839,online,I prefer to shop online rather than going to the store.,私は店に行くよりもオンラインで買い物する方が好きです。
A200840,online,This item is purchasable online.,この商品はオンラインで買えます。
A200841,operate,The machine is easy to operate.,その機械は操作が簡単です。
A200842,opinion,"In my opinion, the movie was fantastic.",私の意見では、その映画は素晴らしかったです。
A200843,opportunity,I believe this job will provide me with a great opportunity to grow professionally.,私はこの仕事が私にとって大きな成長の機会を提供してくれると信じています。
A200844,oppose,I oppose the new policy.,私は新しい政策に反対します。
A200845,opposite,The store is located on the opposite side of the street.,その店は道の向こう側に位置しています。
A200846,opposite,The flower shop is opposite the park.,花屋は公園の向かいにある。
A200847,order,He was ordered home.,彼は帰宅を命じられた。
A200848,organize,I need to organize my closet.,私はクローゼットを整理する必要があります。
A200849,organized,The event was well-organized and ran smoothly.,イベントは組織されており、スムーズに進行しました。
A200850,original,This is an original idea.,これはオリジナルのアイデアです。
A200851,orphan,She was adopted by a kind family after becoming an orphan.,彼女は孤児になった後、優しい家族に養子にされました。
A200852,other,Where are all the others?,他の人はどこにいるのですか。
A200853,ourselves,We should believe in ourselves and our abilities.,私たちは自分自身と自分の能力を信じるべきです。
A200854,out of,He ran out of the house.,彼は家から外へ走り出した。
A200855,outside,This subject is outside the scope of our inquiry.,この問題は我々の調査の範囲外である。
A200856,oven,I baked a cake in the oven.,私はオーブンでケーキを焼きました。
A200857,over,She jumped over the fence.,彼女はフェンスを飛び越えた。
A200858,overseas,Japanese cars sell well overseas.,日本車は海外でよく売れる。
A200859,overweight,She is overweight and needs to lose some weight.,彼女は超過重量であり、体重を減らす必要があります。
A200860,own,This essay is my own.,このエッセイは私自身が書いたものだ。
A200861,pacific,He had a pacific nature and avoided conflict.,彼は穏やかな性格で、対立を避けた。
A200862,pack,I need to pack my suitcase for the trip.,旅行のためにスーツケースに荷物を詰める必要があります。
A200863,pack in,I packed in my camping gear.,私はキャンプ用具を収納しました。
A200864,painter,The painter created a beautiful landscape.,画家は美しい風景を作りました。
A200865,pal,I went to the park with my pal.,私は友達と公園に行きました。
A200866,pan,I cooked soup in a pan.,私は鍋でスープを作りました。
A200867,panic,The crowd was in a panic.,群集はあわてふためいた。
A200868,park,I parked my car in the parking garage.,私は車を駐車場に停めました。
A200869,part,I need you to be a part of this project.,このプロジェクトの一部として参加してもらいたい。
A200870,partly,I partly agree with your opinion.,私はあなたの意見に一部同意します。
A200871,pass,The linebacker intercepted the pass and ran it back for a touchdown.,ラインバッカーがパスをインターセプトし、タッチダウンまで走り抜けた。
A200872,pass,I need to pass the exam to graduate.,卒業するために試験に合格する必要があります。
A200873,passage,I read a passage from the book.,私は本から一節を読みました。
A200874,passenger,The passenger boarded the plane.,乗客が飛行機に乗りました。
A200875,pasta,I love eating pasta for dinner.,夕食にパスタを食べるのが大好きです。
A200876,path,The hiker followed the path through the forest.,ハイカーは森の中の道を進んだ。
A200877,patient,The patient is in danger.,その患者は危篤状態だ。
A200878,PC,I bought a new PC yesterday.,私は昨日新しいPCを買いました。
A200879,pea,I love eating peas.,私はエンドウ豆を食べるのが大好きだ。
A200880,peaceful,The park is a peaceful place where people can relax and enjoy nature.,公園は人々がリラックスして自然を楽しむことができる平和な場所です。
A200881,pear,I love eating a juicy pear for dessert.,デザートにジューシーな西洋ナシを食べるのが大好きです。
A200882,pence,I have five pence in my pocket.,私のポケットには5ペンスあります。
A200883,pen friend,I have a pen friend from Japan.,私には日本からの文通相手がいます。
A200884,pepper,I like to sprinkle pepper on my pizza.,私はピザにこしょうをふりかけるのが好きです。
A200885,perfect,She has a perfect score on the test.,彼女はテストで満点を取った。
A200886,perfectly,She perfectly executed the dance routine.,彼女は完全にダンスのルーティンを実行しました。
A200887,perform,I perform a magic trick at the party.,私はパーティーで手品を披露します。
A200888,performance,The performance of the team was outstanding.,チームの遂行は素晴らしかった。
A200889,perfume,She sprayed some perfume on her wrist.,彼女は手首に香水をふりかけた。
A200890,perhaps,Perhaps it will rain tomorrow.,明日はひょっとしたら雨が降るかもしれません。
A200891,permission,May I have your permission to leave early today?,今日早退してもよろしいですか？
A200892,personality,She has a great personality.,彼女は素晴らしい性格を持っています。
A200893,petrol,I need to fill up my car with petrol.,私は車にガソリンを満タンにする必要があります。
A200894,gas station,I need to stop at the gas station to fill up my car.,車にガソリンを入れるためにガソリンスタンドに立ち寄る必要があります。
A200895,photograph,He took a photograph of the family.,彼は家族の写真を撮った。
A200896,photographer,The photographer captured the beautiful sunset.,写真家は美しい夕日を捉えました。
A200897,photography,Photography is a form of art that captures moments and tells stories.,写真術は瞬間を捉え物語を伝える芸術の一形態です。
A200898,physical,Regular exercise is important for maintaining good physical health.,定期的な運動は良い身体の健康を維持するために重要です。
A200899,physically,She is physically fit and can run a marathon.,彼女は体力があり、マラソンも走れる。
A200900,pile,I have a pile of books on my desk.,私の机の上に本の山があります。
A200901,pilgrim,The pilgrim traveled to the holy shrine.,巡礼者は聖なる神社へ旅行しました。
A200902,pill,I take a pill every morning.,私は毎朝丸薬を飲みます。
A200903,pilot,The pilot safely landed the plane.,パイロットは無事に飛行機を着陸させました。
A200904,pink,Pink and rose are similar colors.,ピンクとばら色は似た色だ。
A200905,pity,It's a pity that she couldn't attend the party.,彼女がパーティーに参加できなかったのは残念です。
A200906,planet,There are eight planets in our solar system.,私たちの太陽系には8つの惑星があります。
A200907,plant,The rabbit eats plants for food.,ウサギは食べ物として植物を食べます。
A200908,plastic,I grow tomatoes in plastic houses.,ビニールハウスでトマトを栽培しています。
A200909,plate,I placed the cake on a plate.,私はケーキを皿に置きました。
A200910,playful,The children were being playful in the park.,子供たちは公園で遊んでいた。
A200911,playground,The children are playing at the playground.,子供たちは遊び場で遊んでいます。
A200912,pleasant,The weather today is pleasant.,今日の天気は快適です。
A200913,pleased,I am pleased with the outcome of the project.,私はプロジェクトの結果に喜んでいます。
A200914,pleasing,The music at the party was pleasing to the ears.,パーティーの音楽は耳に心地よかった。
A200915,plenty,I like having plenty to do.,私はやることがたくさんある方が好きだ。
A200916,plural,The plural dishes served at the banquet impressed every guest.,その宴会で提供された複数の料理は、すべてのゲストを感動させました。
A200917,plus,I like to drink coffee with milk plus sugar.,私はミルクプラス砂糖を加えたコーヒーを飲むのが好きです。
A200918,point,The compass needle pointed to the cardinal point.,コンパスの針は、基準点を指しました。
A200919,police,The police are investigating the crime.,警察が犯罪を調査しています。
A200920,police officer,The police officer arrested the suspect.,警官は容疑者を逮捕しました。
A200921,police station,I need to go to the police station to report the incident.,私は事件を報告するために警察署に行かなければなりません。
A200922,policeman,The policeman arrested the thief.,警察官は泥棒を逮捕した。
A200923,policewoman,The policewoman patrolled the streets to ensure the safety of the neighborhood.,婦人警官は地域の安全を確保するために街を巡回した。
A200924,polite,He always speaks in a polite manner.,彼はいつも礼儀正しく話します。
A200925,political,The political situation in the country is unstable.,国内の政治情勢は不安定です。
A200926,pollute,Burning fossil fuels pollute the air.,化石燃料の燃焼は空気を汚染する。
A200927,popular,This restaurant is popular among locals.,このレストランは地元の人々に人気があります。
A200928,population,The population of the city has been steadily increasing over the years.,その都市の人口は年々着実に増加しています。
A200929,portrait,She sat still for hours while the artist painted her portrait.,彼女は芸術家が彼女の肖像画を描く間、何時間もじっと座っていました。
A200930,position,I am currently in a good position at work.,私は現在、仕事で良い位置にいます。
A200931,possible,It is possible to achieve your dreams if you work hard.,努力すれば夢を叶えることが可能です。
A200932,possibly,I will possibly go to the party tonight.,今夜、ひょっとしたらパーティーに行くかもしれません。
A200933,post,They posted guards at the entrance.,彼らは入口に警備員を配置した。
A200934,post office,I need to go to the post office to mail this package.,この荷物を送るために郵便局に行かなければなりません。
A200935,pour,She poured the milk into a glass.,彼女はミルクをグラスに注ぎました。
A200936,power,She has the power to change the world.,彼女は世界を変える力を持っています。
A200937,powerful,She has a powerful voice.,彼女は力強い声を持っています。
A200938,precise,He gave a precise answer to the question.,彼は質問に正確な答えをした。
A200939,predict,Scientists predict that there will be a major earthquake in this region within the next decade.,科学者たちは、この地域で次の10年以内に大地震が起こると予測しています。
A200940,prediction,The weather prediction for tomorrow is rain.,明日の天気予報は雨です。
A200941,prefer,I prefer tea over coffee.,コーヒーよりもお茶を好む。
A200942,prepare,I need to prepare for the exam tomorrow.,明日の試験のために準備しなければなりません。
A200943,pressure,I feel a lot of pressure to succeed in my career.,私は自分のキャリアで成功するために多くのプレッシャーを感じています。
A200944,pretend,I pretend to be happy even when I'm not.,私は嬉しそうに振る舞うふりをする、本当はそうではない時でも。
A200945,pretty,It's pretty good.,なかなかやるなあ。
A200946,prevent,Wearing a mask can help prevent the spread of germs.,マスクを着用することで、細菌の感染を防ぐことができます。
A200947,pride,She took great pride in her accomplishments.,彼女は自分の業績に大きな誇りを持っていた。
A200948,principal,The principal reason for his success is hard work.,彼の成功の第1の理由は努力です。
A200949,print,I need to print this document.,この文書を印刷する必要があります。
A200950,printer,I need to buy a new printer for my office.,オフィス用に新しいプリンターを買わなければなりません。
A200951,private,He has a private office at work.,彼は仕事場に個室がある。
A200952,pro,I am a professional in my field.,私は自分の分野でプロです。
A200953,probably,I will probably go to the party tonight.,たぶん、今夜パーティーに行くでしょう。
A200954,produce,The factory produces thousands of cars every day.,その工場は毎日何千台もの車を生産しています。
A200955,product,This new product is highly recommended.,この新製品は非常におすすめです。
A200956,production,The production of goods has increased significantly in the past year.,昨年度において、商品の生産は大幅に増加しました。
A200957,professional,He is a professional basketball player.,彼はプロのバスケットボール選手です。
A200958,progressive,The project is making progressive steps towards completion.,プロジェクトは完成に向けて前進しています。
A200959,promise,They will keep their promise.,彼らは約束を守るでしょう。
A200960,pronounce,Can you pronounce this word correctly?,この単語を正しく発音できますか？
A200961,pronunciation,I need to work on my pronunciation.,私は発音を練習する必要があります。
A200962,proper,It is proper to dress formally for a job interview.,仕事の面接では正装するのが適切です。
A200963,provide,Can you provide me with some information?,いくつかの情報を提供していただけますか？
A200964,psychologist,The psychologist conducted a series of experiments to study human behavior.,心理学者は人間の行動を研究するために一連の実験を行った。
A200965,public,The problem puzzled the public.,その問題は大衆を当惑させた。
A200966,publish,The author plans to publish a new book next month.,著者は来月新しい本を出版する予定です。
A200967,pull,He pulled the heavy suitcase up the stairs.,彼は重いスーツケースを引いて階段を上がった。
A200968,punctuation,Punctuation is important for clarity and understanding in writing.,句読点は文章の明確さと理解に重要です。
A200969,purple,She wore a purple dress to the party.,彼女はパーティーに紫のドレスを着ていた。
A200970,purpose,The purpose of this meeting is to discuss the new project.,この会議の目的は、新しいプロジェクトについて話し合うことです。
A200971,pursue,The detective pursued the suspect through the crowded streets.,探偵は混雑した通りを犯人を追いかけた。
A200972,quality,The quality of this product is excellent.,この製品の品質は優れています。
A200973,queen,The queen of England is a beloved figure.,イギリスの女王は愛されている存在です。
A200974,quick,He has a quick reflex.,彼は反射神経が速いです。
A200975,quietly,"She sat quietly in the corner, reading her book.",彼女は静かに角に座って、本を読んでいた。
A200976,quit,I decided to quit my job.,私は仕事をやめることを決めました。
A200977,quite,She is quite tall for her age.,彼女は年齢の割にかなり背が高い。
A200978,quiz,I need to study for the quiz tomorrow.,明日の小テストのために勉強しなければならない。
A200979,racket,He was making a lot of racket in the kitchen.,彼は台所で大騒ぎしていた。
A200980,raincoat,I always carry a raincoat with me when it's raining.,雨が降っている時はいつもレインコートを持っています。
A200981,raise,She asked her boss for a raise.,彼女は上司に昇給を求めた。
A200982,range,The price range for these shoes is $50 to $100.,これらの靴の価格の範囲は$50から$100です。
A200983,rap,He gave a rap on the door.,彼は戸をトントンとたたいた。
A200984,rate,The interest rate on the loan is very high.,ローンの利率は非常に高いです。
A200985,rather,I would rather stay home than go out tonight.,今夜は外出するよりも家にいたいです。
A200986,rating,The movie received a high rating from critics.,その映画は批評家から高い評価を受けました。
A200987,raw,I prefer to eat raw vegetables.,私は生野菜を食べるのが好きです。
A200988,ray,The sun's rays warmed my face.,太陽の光線が私の顔を温めた。
A200989,reach,I reached the top of the mountain.,私は山の頂上に到達しました。
A200990,realize,I realize that I forgot to bring my wallet.,財布を持ってくるのを忘れたことに気づきました。
A200991,receipt,I need a receipt for this purchase.,この購入には領収書が必要です。
A200992,receive,I receive a gift from my friend.,私は友達からプレゼントをもらいます。
A200993,recent,I haven't seen her in recent days.,最近彼女に会っていない。
A200994,recently,I recently met a lot of people.,最近、たくさんの人に会いました。
A200995,receptionist,The receptionist greeted the guests with a warm smile.,受付係は温かい笑顔でお客様を迎えました。
A200996,record,Record the broadcast on tape.,その放送をテープに録音(録画)してくれ。
A200997,recycle,I always recycle my plastic bottles.,私はいつもプラスチックボトルをリサイクルします。
A200998,red,She was dressed in red.,彼女は赤い服を着ていた。
A200999,refer,I will refer you to the customer service department for assistance.,援助のために、お客様サービス部門にご案内いたします。
A201000,reflect,The mirror can reflect light.,鏡は光を反射することができます。
A201001,refrigerator,I need to buy a new refrigerator for my kitchen.,私はキッチン用に新しい冷蔵庫を買う必要があります。
A201002,regret,I regret not studying harder for the exam.,試験のためにもっと一生懸命勉強しなかったことを後悔しています。
A201003,regular,I have a regular exercise routine.,私はいつもの運動習慣があります。
A201004,regularly,I regularly go to the gym to stay fit.,私は定期的にフィットネスジムに行って健康を保っています。
A201005,relax,I like to relax by reading a book.,本を読むことでリラックスするのが好きです。
A201006,relaxed,I feel relaxed with him.,彼といるとくつろいだ気分になります。
A201007,release,He obtained a release from his debt.,彼は借金を免除してもらった。
A201008,remain,Only a few minutes remain before the movie starts.,映画が始まるまであと数分しかありません。
A201009,remind,I need to remind my mom to buy groceries.,私は母に食料品を買うように思い出させる必要があります。
A201010,remote,The lighthouse was just a remote speck in the distance.,灯台は遠く離れた小さな点にしか見えませんでした。
A201011,rent,I need to pay my rent by the end of the month.,月末までに家賃を支払わなければならない。
A201012,rent,They rented an apartment.,彼らはアパートを借りた。
A201013,repair,I need to repair my car.,私は車を修理する必要があります。
A201014,repair,My car is being repaired.,私の自動車は修理中です。
A201015,replace,I need to replace the broken light bulb.,壊れた電球を取り替える必要があります。
A201016,reply,His reply was negative.,彼の返事は否定的だった。
A201017,report,I need to write a report for my boss.,上司に報告書を書かなければなりません。
A201018,represent,Symbols can represent complex ideas.,シンボルは複雑なアイデアを表すことができます。
A201019,request,He made a request to return to his home country.,彼は帰国を申し出た。
A201020,research,I am conducting a research on climate change.,私は気候変動についての研究を行っています。
A201021,response,I'm waiting for your response.,あなたの返事を待っています。
A201022,retire,He decided to retire from his job after working for 40 years.,彼は40年間働いた後、仕事を引退することを決めました。
A201023,retired,He retired last year after working for 30 years.,彼は30年間働いた後、去年引退しました。
A201024,return,People were delighted at the safe return of the astronauts.,宇宙飛行士たちが無事に戻ってきたので人々は喜んだ。
A201025,return,I will return home after work.,仕事の後、家に帰ります。
A201026,reunion,I am looking forward to our reunion next month.,来月の再会を楽しみにしています。
A201027,reveal,The detective will reveal the truth at the end of the movie.,探偵は映画の最後に真実を明らかにするでしょう。
A201028,rhythm,The music had a catchy rhythm that made everyone want to dance.,その音楽はキャッチーなリズムがあり、みんなが踊りたくなった。
A201029,right,You have the right to remain silent.,あなたには沈黙する権利があります。
A201030,right-hand,He writes with his right hand.,彼は右手で書きます。
A201031,ring,She wore a beautiful diamond ring on her finger.,彼女は指に美しいダイヤモンドの指輪をつけていました。
A201032,road,I live on a quiet road.,私は静かな道沿いに住んでいます。
A201033,roast,I love to roast vegetables in the oven.,私はオーブンで野菜を焼くのが大好きです。
A201034,rob,"The thief tried to rob the bank, but he was caught by the police.",泥棒は銀行を襲おうとしたが、警察に捕まった。
A201035,robbery,He was arrested for robbery.,彼は強盗で逮捕された。
A201036,robin,I saw a robin in the garden.,私は庭でロビンを見ました。
A201037,rock,I love listening to rock music.,私はロック音楽を聴くのが好きです。
A201038,roll,I used a whole roll of toilet paper to clean up the mess.,汚れを拭き取るのにトイレットペーパーを丸々一ロール使いました。
A201039,romance,She was swept off her feet by the romance of the legendary tale.,彼女は伝説の物語のロマンスに心を奪われた。
A201040,romantic,He planned a romantic dinner for two.,彼は二人だけのロマンチックなディナーを計画した。
A201041,roof,The cat is sitting on the roof.,猫が屋根に座っています。
A201042,root,The root of the tree goes deep into the ground.,木の根は地面に深く伸びています。
A201043,rope,He tied the rope around the tree.,彼は木の周りにロープを結んだ。
A201044,roughly,He roughly estimated the cost of the project.,彼はプロジェクトのコストをおおよそ見積もった。
A201045,round,She looked round the room nervously.,彼女は緊張して部屋を見回した。
A201046,roundabout,I took a roundabout route to avoid traffic.,交通渋滞を避けるために遠回りをしました。
A201047,royal,The royal family attended the ceremony.,王族は式典に出席しました。
A201048,rugby,I enjoy playing rugby with my friends on the weekends.,週末に友達とラグビーをするのが楽しいです。
A201049,ruin,Television is ruining family life.,テレビは家庭生活をダメにしている。
A201050,rumor,There is a rumor going around that she is quitting her job.,彼女が仕事を辞めるという噂が広まっている。
A201051,runner,The runner crossed the finish line with a new personal record.,ランナーは自己新記録でフィニッシュラインを越えた。
A201052,running,I enjoy running in the park every morning.,毎朝公園で走るのが楽しいです。
A201053,rush,I was in a rush to catch the train.,私は電車に乗ろうと急いでいた。
A201054,sadly,She looked sadly at the old photograph.,彼女は古い写真を悲しそうに見つめた。
A201055,safe,It is important to always wear a helmet while riding a bike to stay safe.,自転車に乗る際には常にヘルメットを着用して安全を確保することが重要です。
A201056,sailing,I enjoy sailing on the open sea.,私は開けた海で帆走するのを楽しんでいます。
A201057,sake,He worked hard for the sake of his family's future.,彼は家族の未来のために一生懸命働いた。
A201058,salt,I need to add some salt to the soup.,スープに少し塩を加える必要があります。
A201059,sample,This is a sample of the new product.,これは新製品の見本です。
A201060,sandy,The beach is covered in sandy shores.,ビーチは砂浜で覆われている。
A201061,satisfy,I always strive to satisfy my customers.,いつもお客様を満足させるよう努めています。
A201062,sauce,I love the taste of barbecue sauce on grilled chicken.,私はグリルチキンにかけたバーベキューソースの味が大好きです。
A201063,sausage,I love eating sausage for breakfast.,朝食にソーセージを食べるのが大好きです。
A201064,scale,The scale of the universe is mind-boggling.,宇宙のスケールは驚くべきものです。
A201065,scarf,She wrapped a scarf around her neck to keep warm.,彼女は暖かくするためにスカーフを首に巻きました。
A201066,scene,The police arrived at the scene of the crime.,警察が犯罪現場に到着しました。
A201067,scenery,The scenery in this area is breathtaking.,この地域の風景は息をのむほど美しいです。
A201068,schedule,It's behind schedule.,予定より遅れている。
A201069,schoolchild,The schoolchild eagerly raised their hand to answer the teacher's question.,学童は熱心に手を挙げて先生の質問に答えました。
A201070,schoolwork,I have a lot of schoolwork to do this weekend.,今週末はたくさんの学業をやらなければなりません。
A201071,scientific,Scientific research has led to many advancements in technology.,科学的な研究は技術の多くの進歩をもたらしています。
A201072,scissors,I need to use scissors to cut this paper.,この紙を切るためにはさみを使わなければなりません。
A201073,scream,She let out a scream when she saw the spider.,彼女はクモを見て悲鳴をあげた。
A201074,screen,The screen of my phone cracked.,私の携帯の画面が割れました。
A201075,screw,Please tighten the screws.,ネジをきつく締めてください。
A201076,script,The actor memorized the script for the play.,俳優は演劇の台本を暗記しました。
A201077,seafood,"I love eating seafood, especially fish and shellfish.",私は海産物が大好きで、特に魚と貝類が好きです。
A201078,search,They went in search of happiness.,彼らは幸福を探しにでかけた。
A201079,seaside,I love spending my vacations at the seaside.,私は休暇を海岸で過ごすのが大好きです。
A201080,second,I'll be with you in a second.,すぐそちらへまいります。
A201081,second,The festival will [[take place]] from the second to the fourth of September.,フェスティバルは9月2日から4日まで開催されます。
A201082,secret,Let's keep this a secret.,これは秘密にしておこう。
A201083,secretary,She works as a secretary to the CEO of a multinational company.,彼女は多国籍企業のCEOの秘書として働いています。
A201084,seed,She planted the seed in the garden.,彼女は庭に種を植えました。
A201085,seek,I seek knowledge and wisdom.,私は知識と知恵を探し求める。
A201086,seem,You seem tired.,疲れているように見える。
A201087,semester,I am excited for the new semester to begin.,新しい学期が始まるのが楽しみです。
A201088,send,I will send you the document via email.,私はメールで文書を送ります。
A201089,senior,She is my senior at work.,彼女は私の仕事の先輩です。
A201090,senior,We have to be respectful to our seniors.,私たちは先輩たちに敬意を払わなければならない。
A201091,sense,I have a keen sense of smell.,私は嗅覚が鋭いです。
A201092,separate,They went their separate ways.,彼らはそれぞれの道を行った。
A201093,seriously,I seriously need to finish this project by tomorrow.,明日までにこのプロジェクトを終わらせなければならない。
A201094,serve,The waiter will serve the food to the customers.,ウェイターは食べ物をお客さんに提供します。
A201095,set,I bought a set of enamelware for camping.,キャンプ用にエナメル容器のセットを買いました。
A201096,several,There are several books on the shelf.,本棚にはいくつかの本があります。
A201097,several,Several of the reports were missing.,報告書がいくつか見当たらなかった。
A201098,sew,She loves to sew her own clothes.,彼女は自分の服を縫うことが大好きです。
A201099,shade,The tall trees provided shade from the hot sun.,高い木々は熱い太陽から日陰を提供していた。
A201100,shadow,The shadow of the tree stretched across the lawn.,木の陰が芝生に伸びていた。
A201101,shall,I shall go to the store tomorrow.,明日、私は店に行くつもりです。
A201102,shampoo,I need to buy some shampoo.,私はシャンプーを買わなければなりません。
A201103,shape,The artist used different shapes to create a unique sculpture.,芸術家は異なる形状を使ってユニークな彫刻を作りました。
A201104,share,They are arguing about their share of the property.,彼らは財産分けのことでもめている。
A201105,shell,Conchology is the study of shells.,貝類学は貝殻の研究です。
A201106,shine,The sun shines brightly in the sky.,太陽が空に明るく輝いています。
A201107,shock,The news of his sudden death came as a shock to everyone.,彼の突然の死の知らせは、みんなに衝撃を与えた。
A201108,shoot,He aimed and shot the target.,彼は狙ってターゲットを撃った。
A201109,shop assistant,The shop assistant helped me find the perfect dress.,店員が私にぴったりのドレスを見つけるのを手伝ってくれました。
A201110,shore,I love walking along the shore and listening to the sound of the waves.,私は浜辺を歩きながら波の音を聞くのが好きです。
A201111,shorts,I like to wear shorts in the summer.,夏には半ズボンを履くのが好きです。
A201112,shot,He took a shot and scored a goal.,彼はシュートを打ってゴールを決めた。
A201113,shout,He heard a shout.,彼は叫び声を聞いた。
A201114,show,The show was incredibly entertaining and full of surprises.,そのショーは非常に楽しく、驚きがいっぱいでした。
A201115,shut,Please shut the door when you leave.,出る時にドアを閉めてください。
A201116,sightseeing,I enjoy sightseeing in new cities.,新しい街で見物するのが楽しいです。
A201117,significant,This is a significant achievement.,これは重要な成果です。
A201118,silence,The silence in the library was deafening.,図書館の静けさは耳をつんざくほどだった。
A201119,silently,"She sat silently in the corner, lost in her own thoughts.",彼女は静かに角に座って、自分の考えにふけっていた。
A201120,silly,He made a silly mistake.,彼は愚かな間違いをした。
A201121,silver,I have several silver coins.,私は銀貨を数枚持っている。
A201122,silver,Silver is a precious metal.,銀は貴重な金属です。
A201123,similar,The two paintings have a similar style.,2つの絵は似たスタイルを持っています。
A201124,simple,This is a simple task.,これは簡単な仕事です。
A201125,simply,You can simply press this button to start the machine.,このボタンを簡単に押すだけで、機械を起動することができます。
A201126,since,It's been raining since morning.,朝から雨が降っている。
A201127,singing,She loves singing in the shower.,彼女はシャワーを浴びながら歌うのが大好きです。
A201128,single,This is the single most important decision of your life.,これはあなたの人生でたった一つの最も重要な決定です。
A201129,singular,He has a singular talent for playing the piano.,彼はピアノを演奏する非凡な才能を持っています。
A201130,singular,"Some nouns are used only in the singular, even though they end in -s.",一部の名詞は、-s で終わる場合でも、単数形でのみ使用されます。
A201131,sink,Would you put the dishes in the sink?,お皿を流しに置いてもらえますか。
A201132,sitting room,I like to relax in the sitting room after a long day.,長い一日の後、居間でリラックスするのが好きです。
A201133,situation,"In this situation, it is important to consider the other person's perspective.",この立場では、相手の視点を考慮することが重要です。
A201134,skate,Don't forget your ice skates.,スケート靴を忘れないでね。
A201135,skateboarding,I enjoy skateboarding in a park.,私は公園でスケートボードをするのが好きです。
A201136,skating,Skating on the pond is dangerous.,池の上でスケートをするのは危険です。
A201137,ski,I'd like to rent skis and ski boots.,スキー板と靴を貸して下さい。
A201138,skiing,I love skiing in the mountains.,私は山でスキーをするのが大好きです。
A201139,slave,She was born into a family of slaves.,彼女は奴隷の家族に生まれました。
A201140,sleepless,I had a sleepless night.,私は眠れない夜を過ごしました。
A201141,sleepy,I feel sleepy after staying up late last night.,昨夜遅くまで起きていたので、眠いです。
A201142,slice,"I would like a slice of pizza, please.",ピザを一切れください。
A201143,slide,He took a slide down the hill on his sled.,彼はそりで丘を滑り降りた。
A201144,slim,She has a slim figure.,彼女はほっそりとした体格です。
A201145,slowly,He walked slowly towards the park.,彼は遅く公園に向かって歩いた。
A201146,smoke,The man got up and smoked.,男は起き上がって煙草をふかした。
A201147,smooth,Her skin is smooth and flawless.,彼女の肌は滑らかで完璧です。
A201148,smoothly,The car glided smoothly down the road.,車は滑らかに道路を滑りました。
A201149,snack,I like to have a snack between meals.,私は食事の間に軽食を取るのが好きです。
A201150,snow,It seldom snows here in winter.,冬ここではめったに雪が降りません。
A201151,snowboarding,I love snowboarding in the winter.,私は冬にスノーボーディングをするのが大好きです。
A201152,so,She spoke so softly that I could barely hear her.,彼女はとても小さめに話したので、ほとんど聞こえなかった。
A201153,soap,I washed my hands with soap.,私は石けんで手を洗いました。
A201154,society,The society we live in is constantly changing.,私たちが生活する社会は常に変化しています。
A201155,sock,I need to buy a new pair of socks.,新しい靴下を買わなければなりません。
A201156,soda,I ordered a soda at the restaurant.,私はレストランでソーダを注文しました。
A201157,soft,The pillow is so soft that it changes shape when pressed.,枕は押されると形を変えるほど柔らかいです。
A201158,soft drink,I prefer to drink a soft drink instead of an alcoholic beverage.,私はアルコール飲料の代わりに清涼飲料を飲む方が好きです。
A201159,softly,She spoke softly to the baby.,彼女は赤ちゃんに柔らかに話しかけました。
A201160,software,I need to install the latest software update on my computer.,私はコンピューターに最新のソフトウェアのアップデートをインストールする必要があります。
A201161,soldier,The soldier fought bravely on the battlefield.,その軍人は勇敢に戦場で戦った。
A201162,solution,Finding a solution to this problem is crucial.,この問題の解決策を見つけることは重要です。
A201163,somebody,Somebody left their umbrella in the office.,誰かがオフィスに傘を置いていきました。
A201164,someday,"Someday, I want to travel around the world.",いつか、世界中を旅したいです。
A201165,somewhere,I want to go somewhere peaceful.,私はどこか静かな場所に行きたいです。
A201166,sound,The sound of waves crashing against the shore is so soothing.,波が岸に打ち寄せる音はとても心地よい。
A201167,sound,That sounds interesting.,それは面白そうだ。
A201168,source,The river is the source of life.,川は生命の源です。
A201169,south,I am planning a trip to the south next month.,来月、南への旅行を計画しています。
A201170,south,The wind blows south.,風は南へ吹く。
A201171,south,The birds flew to the south.,鳥は南へ飛んで行った。
A201172,space,I love looking at the stars in the night sky. Space is so vast and mysterious.,夜空の星を見るのが大好きです。宇宙は広大で神秘的です。
A201173,spaceship,The spaceship launched into outer space.,宇宙船が宇宙に打ち上げられました。
A201174,spaghetti,I love eating spaghetti with meatballs.,私はミートボールと一緒にスパゲッティを食べるのが大好きです。
A201175,speaker,The speaker captivated the audience with his powerful speech.,話者は力強いスピーチで聴衆を魅了した。
A201176,specific,I need specific instructions on how to assemble the furniture.,家具の組み立て方について具体的な指示が必要です。
A201177,speed,He ran at a tremendous speed.,彼は驚異的な速さで走った。
A201178,spell,The sorceress cast a powerful spell.,女魔法使いは強力な呪文を唱えた。
A201179,spill,Be careful not to spill your drink.,飲み物をこぼさないように気をつけてください。
A201180,splash,A passing car splashed water on us.,通りがかりの車が私たちに水をはねた。
A201181,split,He has a split personality.,彼は二重人格を持っています。
A201182,spoon,I used a spoon to eat my soup.,スープを食べるためにスプーンを使いました。
A201183,sports center,The project to build a new sports center has fallen through for lack of adequate funds.,新しいスポーツ施設の建設計画は、十分な資金が無いため、だめになった。
A201184,spread,The speed of the spread of AIDS is horrifyingly fast.,エイズウイルスの拡散は恐るべき速さで進んでいる。
A201185,square,Enclose tuple elements in square brackets.,組要素を角かっこで囲みます。
A201186,square,The park has a beautiful square with a fountain in the center.,公園には中央に噴水のある美しい広場があります。
A201187,stadium,The football match will be held at the stadium.,サッカーの試合は競技場で行われます。
A201188,staff,The staff at the hotel were very helpful and friendly.,ホテルのスタッフはとても親切でフレンドリーでした。
A201189,stair,I tripped and fell down the stair.,私はつまずいて階段から転げ落ちた。
A201190,stamp,I need to buy a stamp to send this letter.,この手紙を送るために切手を買わなければなりません。
A201191,stand,He stands for democracy.,彼は民主主義を支持している。
A201192,state,The state of California is known for its beautiful beaches.,カリフォルニア州は美しいビーチで知られています。
A201193,statement,He made a statement to the police about the incident.,彼は事件について警察に供述した。
A201194,statue,The statue of liberty is a famous landmark in New York.,自由の女神像はニューヨークの有名なランドマークです。
A201195,steak,I ordered a juicy steak for dinner.,夕食にジューシーなステーキを注文しました。
A201196,steal,He tried to steal money from the bank.,彼は銀行からお金を盗もうとした。
A201197,step,She stepped out of the car.,彼女は車から降りた。
A201198,still,"Despite the setbacks, he is still determined to achieve his goal.",逆境にもかかわらず、彼はそれでもなお彼の目標を達成することを決意しています。
A201199,stomach,I have a stomachache after eating too much.,食べ過ぎてお腹が痛いです。
A201200,stomachache,I have a stomachache after eating too much.,食べ過ぎて腹痛がする。
A201201,storm,The storm was so powerful that it knocked down trees and caused power outages.,あまりにも強力な嵐で、木々が倒れ、停電が発生しました。
A201202,stove,I turned on the stove to cook dinner.,夕食を作るためにストーブをつけました。
A201203,straight,He is a straight person.,彼は正直な人だ。
A201204,stranger,I was approached by a stranger on the street.,私は見知らぬ人に道で声をかけられました。
A201205,strategy,Having a clear strategy is essential for success.,成功するためには明確な戦略が不可欠です。
A201206,strength,She showed great strength in overcoming her fears.,彼女は自分の恐怖心を克服するために大きな力を示しました。
A201207,strike,There's to be a strike on April 6th.,４月６日にストライキが予定されている。
A201208,string,I tied the string around the package.,私はひもをパッケージの周りに結んだ。
A201209,strongly,She strongly believes in the power of education.,彼女は教育の力を強く信じています。
A201210,structure,There are ways to structure the deal that will get around these problems.,このような問題を回避するために、取引を構成する方法がある。
A201211,study,Virology is the study of viruses.,ウィルス学はウイルスの研究です。
A201212,stuff,I have a lot of stuff in my room.,私の部屋にはたくさんの物があります。
A201213,style,Her style is always on trend.,彼女のスタイルは常にトレンドに乗っています。
A201214,succeed,She worked hard and finally succeeded in her business venture.,彼女は一生懸命働いて、ついにビジネスの冒険に成功しました。
A201215,success,Hard work and determination are the keys to success.,努力と決意が成功の鍵です。
A201216,successfully,He successfully completed the project.,彼はプロジェクトを首尾よく完了した。
A201217,such,I have never seen such a beautiful sunset before.,私はこんな美しい夕日を見たことがありません。
A201218,such,Such is the beauty of nature.,それが自然の美しさです。
A201219,sudden,I was startled by the sudden noise.,突然の音に驚いた。
A201220,suggest,I suggest we go to the park for a picnic.,私たちはピクニックに公園に行くことを提案します。
A201221,suit,He always wears a suit to work.,彼はいつも仕事にスーツを着ています。
A201222,suit,The blue dress suits her.,その青い服は彼女に似合う。
A201223,suitable,This dress is suitable for the occasion.,このドレスはその場に適当です。
A201224,suitcase,I packed my clothes in a suitcase for the trip.,旅行のために私はスーツケースに服を詰めました。
A201225,summary,Can you give me a summary of the book?,その本の要約を教えてもらえますか？
A201226,sunflower,I planted sunflowers in my garden.,私は庭にヒマワリを植えました。
A201227,sunglasses,I always wear sunglasses when I go to the beach.,私はいつもビーチに行く時にサングラスをかけます。
A201228,sunlight,I love basking in the warm sunlight.,暖かい日光に当たるのが好きです。
A201229,superlative,He gave a superlative perfomance on the piano.,彼はピアノで最高の演奏を披露した。
A201230,superstar,She became a superstar overnight after her debut album was released.,彼女のデビューアルバムがリリースされた後、彼女は一夜にしてスーパースターになった。
A201231,supper,I usually have a light supper in the evening.,私は通常、夕方に軽い夕食をとります。
A201232,support,I am in support of the new policy.,私は新しい政策を支持しています。
A201233,sure,I am sure I locked the door before leaving.,出かける前に確かにドアを施錠したと思います。
A201234,surf,I love to surf in summer.,夏にサーフィンをするのが大好きだ。
A201235,surfing,I love surfing at the beach.,私はビーチで波乗りが大好きです。
A201236,surname,What is your surname?,あなたの姓は何ですか？
A201237,surprised,I was surprised to see him at the party.,パーティーで彼に会って驚いた。
A201238,surprising,The magician performed a surprising trick.,魔術師は驚くべきトリックを披露しました。
A201239,survive,He managed to survive until the end.,彼はなんとか最後まで生き延びた。
A201240,swallow,I saw a swallow flying in the sky.,私は空を飛ぶツバメを見ました。
A201241,sweat,I started to sweat after running for 30 minutes.,私は30分走った後に汗をかき始めました。
A201242,sweater,I bought a new sweater yesterday.,昨日、新しいセーターを買いました。
A201243,sweet,She is partial to sweets.,彼女は甘いものには目がない。
A201244,sweetheart,You are my sweetheart.,あなたは私の恋人です。
A201245,swimming costume,I need to buy a new swimming costume for my vacation.,私は休暇のために新しい水着を買う必要があります。
A201246,swimsuit,I need to buy a new swimsuit for my vacation.,私は休暇のために新しい水泳着を買う必要があります。
A201247,symbol,The Statue of Liberty is a symbol of freedom.,自由の女神は自由の象徴である。
A201248,symphony,I attended a symphony concert last night.,昨夜、私は交響楽のコンサートに出席しました。
A201249,system,"The solar system consists of the sun, planets, and other celestial bodies.",太陽系は太陽、惑星、その他の天体から成り立っています。
A201250,table tennis,I enjoy playing table tennis with my friends.,私は友達と卓球をするのが楽しいです。
A201251,tablespoon,I need one tablespoon of sugar to put in my coffee.,コーヒーに入れる砂糖が大さじ1杯欲しい。
A201252,talent,She has a natural talent for singing.,彼女は生まれつき歌う才能がある。
A201253,tap,Please be careful not to spill the drink from the tap.,飲み口から飲み物をこぼさないように気をつけてください。
A201254,tape,I used tape to wrap the gift.,私は贈り物を包むためにテープを使いました。
A201255,target,The archer aimed at the target and released the arrow.,弓使いは的を狙って矢を放った。
A201256,task,I have a lot of tasks to complete today.,今日はたくさんの課題を完成させなければなりません。
A201257,tear,She wiped away a tear from her eye.,彼女は目から涙を拭いた。
A201258,teenage,She is a talented teenage singer.,彼女は才能ある10代の歌手です。
A201259,teenager,She is a talented teenager who excels in both academics and sports.,彼女は学業とスポーツの両方で優れた才能を持つティーンエージャーです。
A201260,telephone,Who telephoned Ann?,誰がアンに電話してきたのですか。
A201261,temperature,The temperature outside is very hot.,外の気温はとても高いです。
A201262,terrify,The horror movie terrified me.,ホラー映画は私を怖がらせました。
A201263,terrorist,The police arrested a suspected terrorist yesterday.,昨日、警察は容疑者のテロリストを逮捕しました。
A201264,text,The text of the book is written in a clear and concise manner.,この本の本文は明瞭かつ簡潔に書かれている。
A201265,text,Please text me later.,後でテキストメッセージを送ってください。
A201266,text message,I received a text message from my friend.,私は友達からテキストメッセージを受け取りました。
A201267,textbook,I forgot to bring my textbook to class.,授業に教科書を持ってくるのを忘れてしまった。
A201268,theirs,The book on the shelf is theirs.,本棚の本は彼らのものだ。
A201269,themselves,They built the house themselves.,彼ら自身がその家を建てた。
A201270,therefore,"He studied hard, therefore he passed the exam.",彼は一生懸命勉強した。それゆえ、彼は試験に合格した。
A201271,thief,The thief stole my wallet.,泥棒が私の財布を盗んだ。
A201272,third,He is the third person in line.,彼は列の3番目の人です。
A201273,thirsty,I'm thirsty. Can I have some water?,のどが渇いた。水をもらえる？
A201274,though,"Though it was raining, we still went for a walk.",雨が降っていたにもかかわらず、私たちは散歩に行きました。
A201275,thought,I thought about what she said.,彼女の言ったことを考えました。
A201276,thousand,There were a thousand people at the concert.,コンサートには1000人の人がいました。
A201277,throw,He likes to throw the ball.,彼はボールを投げるのが好きです。
A201278,thunderstorm,I was scared when the thunderstorm hit last night.,昨夜、大雷雨が襲ってきた時、私は怖かった。
A201279,tidy,She always keeps her room tidy.,彼女はいつも部屋をきちんとしています。
A201280,tidy,She is using a trimmer to tidy up her garden.,彼女は庭を整頓するためにトリマーを使っています。
A201281,tie,I bought him a tie.,私は彼にネクタイを買ってあげた。
A201282,tights,She wore black tights with her dance costume.,彼女はダンスの衣装に黒いタイツを履いていました。
A201283,till,Wait till six.,６時まで待ちなさい。
A201284,timetable,I need to check the timetable for the train.,電車の時間表を確認しなければなりません。
A201285,tip,Here's a helpful tip: always double-check your work before submitting it.,ここに役立つヒントがあります：提出する前に常に作業をダブルチェックしてください。
A201286,title,The book's title is 'The Great Gatsby'.,その本のタイトルは『グレート・ギャツビー』です。
A201287,toast,I like to eat toast for breakfast.,朝食にトーストを食べるのが好きです。
A201288,toe,I stubbed my toe on the table.,私はテーブルの角で足の指をぶつけました。
A201289,tone,She adjusted the tone of her voice to sound more confident.,彼女は自信を持ったように聞こえるように声のトーンを調整しました。
A201290,tonight,The weatherman predicts snow for tonight.,天気予報では今夜は雪が降ると予報している。
A201291,toothache,I have a terrible toothache.,私はひどい歯痛があります。
A201292,toothbrush,I need to buy a new toothbrush.,新しい歯ブラシを買わなければなりません。
A201293,tour,I went on a tour of Europe last summer.,去年の夏、ヨーロッパの旅行に行きました。
A201294,tour guide,Is there a tour guide available?,観光ガイドは雇えますか。
A201295,tourist,The tourist took a lot of photos during their trip.,旅行者は旅行中にたくさんの写真を撮りました。
A201296,toward,I saw a man walking towards the railroad station.,私は一人の男が駅に向かって歩いているのを見た。
A201297,track,The track of the car was clearly visible on the muddy road.,車の通った跡が泥だらけの道路にはっきりと見えました。
A201298,trade,The global trade has been affected by the pandemic.,世界の貿易はパンデミックによって影響を受けています。
A201299,tradition,It is a tradition to exchange gifts during the holiday season.,休日シーズンに贈り物を交換するのはしきたりです。
A201300,traditional,The traditional dance is performed during the festival.,祭りの間に伝統的な踊りが披露されます。
A201301,traffic,The traffic in the city was heavy during rush hour.,ラッシュアワーに都市の交通は混雑していました。
A201302,traffic light,I stopped at the traffic light.,私は信号で止まった。
A201303,train,He was trained as a lawyer.,彼は法律家になる教育を受けた。
A201304,training,I am going to the gym for training.,私はトレーニングのためにジムに行きます。
A201305,tram,I took the tram to work this morning.,今朝、私は通勤に路面電車に乗りました。
A201306,trap,The hunter set a trap to catch his prey.,ハンターは獲物を捕まえるためにわなを仕掛けました。
A201307,travel,I prefer domestic travel over international travel.,私は国内旅行の方が海外旅行よりも好きです。
A201308,traveler,The traveler explored the ancient ruins.,旅行者は古代の遺跡を探検しました。
A201309,treasure,He discovered a hidden treasure in the old cave.,彼は古い洞窟で隠された宝物を発見した。
A201310,trick,He played a trick on his friends during the party.,彼はパーティー中に友達にいたずらをした。
A201311,trouble,I had trouble finding my keys this morning.,今朝、鍵を見つけるのに苦労しました。
A201312,truly,I truly believe in you.,私はあなたを本当に信じています。
A201313,trust,Trust is the foundation of any strong relationship.,信頼は強い関係の基盤です。
A201314,truth,The truth will always come out eventually.,真実はいつか必ず明るみに出る。
A201315,try,I'm going to give it a try.,試してみます。
A201316,tune,I love the tune of this song.,この曲の曲調が好きだ。
A201317,twice,I have to go to the store twice today.,今日は2回店に行かなければなりません。
A201318,uncertain,I feel uncertain about my future.,将来について不確かな気持ちがあります。
A201319,uncomfortable,The chair was so uncomfortable that I couldn't sit for long.,椅子はとても心地よくなくて、長く座ることができませんでした。
A201320,understand,I understand the instructions.,私は指示を理解します。
A201321,underwater,The divers explored the underwater cave.,ダイバーたちは水面下の洞窟を探検しました。
A201322,uneasy,I felt uneasy about the upcoming exam.,私は迫り来る試験について心配だった。
A201323,unfair,The decision was unfair to all the participants.,その決定は参加者全員にとって不公平だった。
A201324,unforgettable,The view from the top of the mountain was unforgettable.,山の頂上からの景色は忘れられなかった。
A201325,unfortunately,"Unfortunately, I missed the bus.",不幸にも、私はバスに乗り遅れました。
A201326,unhappy,She felt unhappy after receiving the bad news.,彼女は悪い知らせを受けて悲しかった。
A201327,unhealthy,Eating fast food every day is unhealthy.,毎日ファストフードを食べるのは健康ではない。
A201328,uniform,All students must wear a uniform to school.,全ての生徒は学校で制服を着なければなりません。
A201329,uniform,They were all dressed in uniforms.,彼らはみんな制服を着ていた。
A201330,unimportant,The color of the walls is unimportant in this room.,この部屋では壁の色は重要ではありません。
A201331,unit,I need to convert the measurements from pounds to kilograms.,ポンドからキログラムへの単位変換が必要です。
A201332,university,I am studying at a university.,私は大学で勉強しています。
A201333,unknown,The identity of the mysterious figure remains unknown.,謎の人物の正体は知られていない。
A201334,unlike,"Unlike her sister, she prefers to stay at home.",彼女は姉と違って、家にいることを好む。
A201335,unnecessary,Using unnecessary force will only cause more harm.,不要な力を使うと、ますます害を引き起こすだけです。
A201336,unpleasant,The weather today is very unpleasant.,今日の天気はとても不快だ。
A201337,unusual,It's unusual to see snow in this area.,この地域で雪を見るのは普通ではありません。
A201338,up,She looked up at the sky.,彼女は空を見上げた。
A201339,upon,"Upon arriving at the airport, she realized she had forgotten her passport.",空港に到着した時、彼女はパスポートを忘れていることに気づいた。
A201340,upset,She was upset when she found out she didn't get the job.,彼女はその仕事に就けなかったと知って動揺した。
A201341,upstairs,I went upstairs to get my book.,私は本を取りに階上へ行きました。
A201342,use,He conceded us the use of his yacht.,彼は我々に自分のヨットの使用を許した。
A201343,used,I bought a used car from my neighbor.,私は隣人から使い古しの車を買いました。
A201344,useful,This app is very useful for learning languages.,このアプリは言語学習にとても役に立ちます。
A201345,usual,She had a usual morning routine.,彼女にはおきまりの朝の習慣があった。
A201346,valley,The hikers walked through the beautiful valley.,ハイカーたちは美しい谷を歩きました。
A201347,value,The value of hard work cannot be underestimated.,努力の価値は過小評価できない。
A201348,verb,She loves to dance.,彼女は踊ることが大好きです。
A201349,video game,I play video games.,私はテレビゲームをします。
A201350,view,The view from the top of the mountain is breathtaking.,山の頂上からの景色は息をのむようだ。
A201351,village,The village is located in a beautiful valley.,その村は美しい谷に位置しています。
A201352,violent,The violent storm caused widespread damage.,暴風雨が広範囲の被害を引き起こしました。
A201353,violin,She plays the violin beautifully.,彼女は美しくバイオリンを演奏します。
A201354,visitor,The museum welcomes visitors from all over the world.,その博物館は世界中からの訪問者を歓迎しています。
A201355,vocabulary,I need to expand my vocabulary.,私は語彙を増やす必要があります。
A201356,voice,Her voice is so beautiful.,彼女の声はとても美しいです。
A201357,walking,I enjoy walking in the park every morning.,毎朝公園で散歩するのが楽しいです。
A201358,wallet,I always keep my money and cards in my wallet.,私はいつもお金やカードを財布に入れています。
A201359,wander,"She likes to wander around the city, exploring new places.",彼女は街を歩き回り、新しい場所を探検するのが好きです。
A201360,washing machine,I need to buy a new washing machine.,新しい洗濯機を買わなければなりません。
A201361,washing-up,I always do the washing-up after meals.,食事の後はいつも洗い物をします。
A201362,wave,The waves are high.,波が高い。
A201363,weak,He is weak and easily gets tired.,彼は弱くてすぐに疲れます。
A201364,wealth,He accumulated great wealth through his successful business ventures.,彼は成功したビジネスで大きな富を蓄積しました。
A201365,web,I found a great website for learning web development.,私はウェブ開発を学ぶための素晴らしいウェブサイトを見つけました。
A201366,web page,I'm interested in creating my own web pages.,私は自分のホームページを作ることが趣味です。
A201367,website,I found a great website for learning languages.,言語学習のための素晴らしいウェブサイトを見つけました。
A201368,wedding,I attended my cousin's wedding last weekend.,先週末、私はいとこの結婚式に出席しました。
A201369,weekday,I have a lot of work to do on weekdays.,私は平日にたくさんの仕事をしなければなりません。
A201370,weekly,I have a weekly meeting with my team.,私はチームと毎週ミーティングをしています。
A201371,weekly,I go to the gym weekly.,私は週に一度ジムに行きます。
A201372,weep,She couldn't help but weep when she heard the sad news.,彼女は悲しい知らせを聞いて涙が止まらなかった。
A201373,weigh,Can you weigh this package for me?,この荷物の重さを量ってもらえますか？
A201374,weight,I can't believe how much weight I've gained.,こんなに体重が増えたなんて信じられない。
A201375,well-known,He is a well-known actor.,彼は有名な俳優です。
A201376,west,I live in the west of the city.,私は市の西部に住んでいます。
A201377,west,The train was hurrying west.,列車は西へと急いだ。
A201378,west,The sunset glows in the west.,夕焼けで西の空は真っ赤に輝く。
A201379,wet,I forgot my umbrella and got wet in the rain.,傘を忘れて雨にぬれた。
A201380,whatever,You can do whatever you want.,あなたは何でも好きなことをすることができます。
A201381,wheelchair,She uses a wheelchair to get around.,彼女は車椅子を使って移動しています。
A201382,while,I like to listen to music while I study.,私は勉強する間に音楽を聴くのが好きです。
A201383,whole,I ate the whole pizza by myself.,私は一人でピザを全部食べました。
A201384,whom,To whom did you give the book?,あなたは誰にその本をあげましたか？
A201385,wide,The road is wide enough for two cars to pass.,その道は二台の車が通れるほど幅広いです。
A201386,wide,The door was wide open.,ドアは大きく開いていた。
A201387,widely,The internet is widely used for communication and research.,インターネットはコミュニケーションや研究に広く利用されています。
A201388,wild,I love picking wild berries in the forest.,私は森で野生のベリーを摘むのが大好きです。
A201389,windy,It's very windy today.,今日はとても風が強いです。
A201390,wine,I enjoy a glass of wine with dinner.,夕食時にワインを楽しんでいます。
A201391,winner,She was declared the winner of the competition.,彼女は競技の勝利者と宣言されました。
A201392,wisdom,She is known for her wisdom.,彼女は賢いことで知られています。
A201393,wise,He is a wise man who always thinks before he speaks.,彼は常に話す前に考える賢い人です。
A201394,wish,I wish to be a doctor.,私は医者になりたい。
A201395,within,I will finish the report within the deadline.,私は締め切りまでにレポートを終わらせます。
A201396,without,I can't live without you.,君なしでは生きられない。
A201397,wonder,They wondered what to do first.,彼らは何から始めるべきか考えた。
A201398,wood,The table is made of wood.,そのテーブルは木でできています。
A201399,wooden,The table is made of wooden planks.,そのテーブルは木製の板で作られています。
A201400,wool,I bought a cozy sweater made of wool.,着心地の良いウールのセーターを買いました。
A201401,worldwide,The prevalence of obesity is increasing worldwide.,肥満の有病率は世界的に増加している。
A201402,worried,She looked worried about her upcoming exam.,彼女は今度の試験に心配そうだった。
A201403,worry,No need to worry.,悪いところはありません。
A201404,worse,This movie is worse than the previous one.,この映画は前の映画よりもっと悪いです。
A201405,worse,They are performing much worse than their counterparts at competitor firms.,彼らの業績は競合他社に比べてはるかに悪い。
A201406,worst,This is the worst movie I have ever seen.,これは私が今まで見た中で最も悪い映画です。
A201407,writing,I enjoy writing stories in my free time.,暇な時間に物語を書くのが楽しいです。
A201408,wrong,My name is spelt wrong.,私の名前の綴りが間違っています。
A201409,yeah,"Yeah, I can help you with that.",はい、それを手伝えます。
A201410,youth,Youth is a time of exploration and discovery.,若さは探求と発見の時期です。
A201411,zone,This area is known as the danger zone.,この地域は危険地帯として知られています。
