id,word,expectedPos,answer1,answer2,answer3,answer4,answer5
B200001,abandoned,adj,見捨てられた([deserted]),身を持ちくずした,,,
B200002,abnormally,adv,異常に,,,,
B200003,abolish,v,〈他〉〈制度・習慣・規則など〉を廃止する,をやめる,,,
B200004,aboriginal,adj,土着の,原住民,,,
B200005,abruptly,adv,突然に,不意に,,,
B200006,absentee,n,欠席者,不在地主,,,
B200007,absurd,adj,道理に合わない,ばかばかしい,,,
B200008,abuse,n,〈U〉〈C〉乱用,〈U〉悪口,,,
B200009,access,v,アクセスする,近づく,利用可能にする,,
B200010,accessibility,n,近づきやすいこと,影響されやすいこと,,,
B200011,accommodation,n,〈U〉宿泊,《複数形で》(旅館などの)宿泊設備,《～への》適応,〈C〉便宜,調停
B200012,accordingly,adv,従って,それに応じて,,,
B200013,accumulate,v,を蓄積する,蓄積する,,,
B200014,accusation,n,〈C〉〈U〉《～を》告発すること《of ～》,〈C〉《～の》罪状,非難,
B200015,ache,v,(継続的に鈍く)〈人が〉痛みを感じる,《話》切望する,,,
B200016,achievable,adj,成就(じょうじゅ)(達成)できる,,,,
B200017,acid,n,酸性の,酸味のある,(言葉・態度などが)厳しい,酸,すっぱいもの
B200018,acquisition,n,〈U〉《～を》獲得すること,〈C〉取得したもの,,,
B200019,actively,adv,活発に,積極的に,,,
B200020,actual,adj,現実の,現在の,,,
B200021,acute,adj,(先の)鋭い,(痛み・感情などが)激しい,(知力・感覚などが)鋭い,(事態が)重大な,病気が)急性の
B200022,adaptable,adj,(物・事が)適応できる,(人が)融通のきく,,,
B200023,addict,n,(麻薬などの)常用者,中毒者,,,
B200024,addicted,adj,(薬などの物質の作用によって)中毒になっている,(非常に楽しい娯楽などに)病みつきの,,,
B200025,addiction,n,(物事に)熱中すること《+to+名》,(麻薬などの)常用《+to+名》,,,
B200026,additionally,adv,その上,さらに,,,
B200027,adequate,adj,十分な,適切な,適当な,,
B200028,adequately,adv,適切に,十分に,,,
B200029,adjustment,n,〈U〉(～の)調停,〈C〉調整装置,,,
B200030,administrative,adj,行政上の,管理の,経営の,,
B200031,admirable,adj,賞賛に値する,感心する,りっぱな,,
B200032,admiringly,adv,感嘆して、賞賛して、賛美して、うっとりして,,,,
B200033,admittedly,adv,明らかに,疑いなく,,,
B200034,adopted,adj,養子縁組された,養子になった,,,
B200035,adoption,n,養子縁組,〈U〉(新しい方式などの)採用,,,
B200036,adore,v,〈人〉を深く愛する,〈神〉をあがめる,《話》～が大好きである,,
B200037,adorn,v,(装飾品などで)～を飾る《+名+with+名》魅力的にする,,,,
B200038,advance,n,〈U〉〈C〉進むこと,《複数形で》《人に》言い寄ること《to ～》,前もっての《in ～》,
B200039,advancement,n,〈U〉〈C〉進歩,〈U〉(～の)促進,〈U〉(～への)昇進,,
B200040,advent,n,《the ~》(際立ったもの・事件・人の)出現,《A-》キリストの降臨,降臨節(クリスマス前のおよそ4週間の期間),,,
B200041,adventurous,adj,冒険好きな,冒険的な,,,
B200042,adverse,adj,反対の,逆方向の,有害な,,
B200043,adversely,adv,逆に、反対に、不利に、不運に,,,,
B200044,adversity,n,〈U〉逆境,《しばしば複数形で》不幸(不運)なできごと,,,
B200045,affectionate,adj,愛情のこもった,優しい,,,
B200046,affectionately,adv,愛情をこめて,優しく,,,
B200047,affordable,adj,手ごろな価格の,入手可能な,,,
B200048,ageless,adj,不老の,永遠の,,,
B200049,aggressively,adv,攻撃的に、積極的に,,,,
B200050,agonize,v,苦しみもだえる,必死に努力する,～をもだえさせる,,
B200051,agony,n,長く激しい精神的・肉体的な)苦悶(くもん),(特別な感情の)激発,突発,,,
B200052,aim,v,目指す,,,,
B200053,aircraft,n,〈C〉(一般に)航空機,,,,
B200054,aircrew,n,航空機乗組員(操縦士・客室乗務員など),,,,
B200055,alcoholic,n,アルコール中毒[患]者,,,,
B200056,alcoholism,n,アルコール中毒,アルコール中毒症,,,
B200057,alert,v,〈他〉《～に対して》～に警報(警告)を出す,に警戒態勢をとらせる《to ～》,,,
B200058,allegation,n,(十分な証拠を持たない)主張,申し立て,,,
B200059,alliance,n,〈U〉〈C〉(国家間の)同盟,〈U〉〈C〉(個人・組織間の)協力,〈U〉〈C〉(～との)縁組み,,
B200060,ally,n,同盟国,味方,,,
B200061,alongside,prep,～のそばに,～と並んで,,,
B200062,alphabetical,adj,アルファベット順の,ABC順の,,,
B200063,altar,n,祭壇,聖餐(せいさん)台,,,
B200064,alter,v,〈他〉(形・性質などの点で)を変える,〈自〉変わる,,,
B200065,alternate,v,〈自〉〈両者が〉交替する,〈他〉～を交互にさせる,,,
B200066,alternatively,adv,《文修飾》(別の提案を切り出して)あるいは,そうではなくて,２つ以上のうち)いずれかで,,
B200067,altitude,n,〈U〉高さ,〈C〉標高,海抜,高い地位,〈U
B200068,aluminum,n,〈U〉《米》アルミニウム,,,,
B200069,amaze,v,〈他〉をひどくびっくりさせる,をとても驚かす,を仰天させる,,
B200070,amazement,n,大変な驚き,びっくり仰天(astonishment),,,
B200071,amazingly,adv,驚くばかりに、すばらしく、すごく、驚くべきことに(は),,,,
B200072,ambassador,n,大使,,,,
B200073,ambiguity,n,(意味の)あいまいさ,〈C〉あいまいな表現(語句),,,
B200074,ambiguous,adj,(意味が)いろいろな意味にとれる,正体などが)はっきりしない,(輪郭などが)ぼんやりとした,,,
B200075,ammonia,n,アンモニア,アンモニア水(ammonia water),,,
B200076,amongst,prep,～の間に,～の中の,,,
B200077,ample,adj,《不可算名詞・複数名詞の前に用いて》十分な,広い,ふくよかな,,
B200078,amplifier,n,(電気の)増幅器,アンプ(電力の振幅を大きくする),,,
B200079,amplify,v,～を拡大する,〈電流〉を増幅する,,《～について》長々と述べる《on》,,
B200080,amuse,v,,〈他〉《～で》を楽しませる《with》,by》,,,
B200081,analogy,n,類似,類推,例え,,
B200082,analyst,n,(状況などの)分析者,(科学・経済・政治の)分析者,《米》精神分析家(医)(psychoanalyst,,
B200083,anchor,n,いかり(錨),(いかりのような)固定装置,頼みの綱,またanchorman)リレーの最終走者(泳者),〈船〉をいかりで留める
B200084,anchorage,n,〈C〉停泊地,〈C〉〈U〉留める(固定する)もの,〈C〉停泊料(税),,
B200085,anchorman,n,#NAME?,(テレビ・ラジオで)多元ニュース解説者,頼みになる人,,
B200086,anchorperson,n,(ニュース番組などの)総合司会者,,,,
B200087,anguish,n,～に対する)(心身の)激しい苦しみ,,,,
B200088,animate,v,～‘に'生命を吹き込む,～を活気づける,～を励ます,～‘に'駆りたてる,,
B200089,anonymous,adj,作者不明の,名を伏せた,名もない,,
B200090,antiaircraft,adj,対空の,防空の,,,
B200091,antibacterial,adj,抗菌性の,,,,
B200092,anticancer,adj,抗がんの,,,,
B200093,anticipate,v,を予想する,を期待する,〈事〉に前もって対処する,〈人〉より先に行う,
B200094,anticipation,n,(～の)予想,期待《+of+名》,(～という)予想《+that節》,,
B200095,antipollution,n,汚染防止の、公害反対の,,,,
B200096,antique,adj,(物・形が)古風な,古い時代の,,,
B200097,antistatic,adj,帯電防止の,,,,
B200098,antivirus,adj,抗ウイルス性の,,,,
B200099,apostrophe,n,アポストロフィー('印),,,,
B200100,appeal,v,訴える,(上級裁判機関に)控訴する,〈物事が〉(人の)気持に訴える《+to+名》,ゲームで)(審判に)規則の裁定を求める《+to+名》,
B200101,applicant,n,〈C〉《～に対する》申請者,志願者,応募者《for ～》,,
B200102,appreciative,adj,鑑賞的な,感謝の,,,
B200103,approach,v,〈ある時間・場所・状態〉‘に'近づく,(ある目的・要求で)〈人〉‘に'近づく,〈研究・仕事など〉‘に'取りかかる,〈時・事などが〉近づく,程度・性質などにおいて)(～に)似ている
B200104,appropriately,adv,適当に,適切に,ふさわしく,,
B200105,approximate,adj,近似の,,,,
B200106,arch,n,(建物の)アーチ,アーチ型の記念碑,弓形のもの,(足の)土踏まず,
B200107,archaeologist,n,考古学者,,,,
B200108,arctic,adj,北極の,極寒の(frigid),,,
B200109,arena,n,(古代ローマ時代の円形劇場の中央にある)闘技場,(一般にスポーツなどの)競技場,競争の場,,
B200110,aristocracy,n,〈U〉貴族政治,貴族政治の国,《the~》《集合的に》貴族,〈C〉(富・知性・教養などで)第一流の人々,,
B200111,armful,n,(～の)腕いっぱいの量《+of+名》,,,,
B200112,arouse,v,(眠りなどから)〈人〉を起こす,〈物事が〉〈ある行為・感情など〉を呼び起こす,～を刺激する(excite),〈物事が〉〈人〉を刺激して(～)させる,,
B200113,arrogant,adj,〈人・態度などが〉傲慢な,おうへいな,,,
B200114,artery,n,動脈,(道路・水路・鉄道などの)幹線,,,
B200115,articulate,v,(音節や単語が)はっきり話される,自分の考えなど)はっきりと表現できる,(人が)考えを口に出せる,(動物が)関節のある,〈語・音節〉をはっきり発音する,〈気持・考えなど〉をはっきり表現する
B200116,artificially,adv,人工的に,人為的に,,,
B200117,artistry,n,芸術的効果,芸術的才能,,,
B200118,ash,n,〈U〉《しばしば複数形で,単数扱い》灰,〈U〉火山灰,《複数形で》(火葬された)遺骨,,
B200119,aspiration,n,大望,呼気,気音を伴って発音すること(例:penの[p]),,
B200120,aspire,v,大望を抱く,あこがれる,切望する,,
B200121,assault,n,〈U〉〈C〉《～を》襲うこと,《法》暴行,,,
B200122,assemble,v,(ある目的で)〈人・物〉を集める,(部品を集めて)〈機械など〉を組み立てる,～を整とんする,(人が)集まる,
B200123,assembly,n,〈C〉(特定の目的をもった)集会,〈U〉(機械の)組み立て,〈C〉組み立て部品,,
B200124,assert,v,を断言する,を力説する,強く主張する,,
B200125,assess,v,を評価する,《～に》(税金・料金など)を課する,,,
B200126,assessment,n,〈U〉評価,(環境などの)状況判定,〈C〉評価額,,
B200127,assumption,n,〈C〉(証拠はないが正しいと考えている)仮定,〈U〉(任務などを)引き受けること《of ～》,(権力・権利などの)専有,(態度などの)でしゃばり,《the A-》聖母マリアの被昇天,聖母被昇天祭(8月15日)
B200128,assurance,n,〈C〉保証,〈U〉確信,《英》保険,,
B200129,assure,v,〈他〉〈人・自分〉に確信させる,〈事柄・地位など〉を確実にする,《英》～に保険をかける,,
B200130,astonish,v,～をびっくりさせる,驚かせる,,,
B200131,astonished,adj,驚いた、びっくりした、(～に)驚いて、驚いて,,,,
B200132,astonishing,adj,驚くべき,びっくりするような,,,
B200133,astonishment,n,驚き,驚くべきこと,,,
B200134,astronomy,n,天文学,星学,,,
B200135,athletics,n,運動競技,《英》陸上競技,《単数扱い》体育[実技],,,
B200136,attached,adj,くっ付けられた,付属された,添付された,,
B200137,attainable,adj,達せられる,やり逐げられる,得られる,,
B200138,attainment,n,〈U〉(目的などを)達成すること,《しばしば複数形で》学識,,,
B200139,attendance,n,〈U〉《～への》出席 《at ～》,《～への》出席者 《at ～》,《～への》付き添い,,
B200140,attentive,adj,注意深い,手厚い,《～を》気遣う,,
B200141,attentively,adv,よく注意して、親切に、いたわって,,,,
B200142,attractiveness,n,人を引き付けること,魅了すること,,,
B200143,attribute,n,〈C〉(本来人や物などに備わっている)属性,神・人・地位など)付帯しているもの,,,
B200144,attribute,v,《～を》～に帰する,～のせいにする《to ～》,,,
B200145,atypical,adj,型にはまらない,異常な,,,
B200146,aubergine,n,《英》=eggplant,,,,
B200147,audit,n,〈C〉会計検査,決算報告,,,
B200148,audition,n,〈C〉視聴テスト,〈U〉聴力,,,
B200149,authoritative,adj,信頼すべき,権力をもった,権威をふりかざした,,
B200150,authorize,v,〈人〉‘に'(～する)権限を与える《+名〈人〉+to do》,〈物事〉を正式に認可する,,,
B200151,availability,n,利用できること,有用性,利用価値,,
B200152,await,v,〈他〉〈人が〉～を待つ,〈物・事が〉〈人〉を待ちうける,,,
B200153,awe,n,畏敬(いけい),～‘に'畏敬の念を起こさせる,,,
B200154,ax,n,おの,まさかり,,,
B200155,axis,n,〈C〉軸,《the A-》枢軸国(第二次大戦当時の日本・ドイツ・イタリアなど),,,
B200156,backup,n,(食料などの)予備,支持,《おもの米》(パイプなどの)詰まり,(車などの)渋滞《形容詞的に》back-up pilot{名}〈C〉予備操縦士,
B200157,backward,adv,後方へ,逆に,,,
B200158,backyard,n,裏庭,,,,
B200159,badge,n,記章,印,,,
B200160,bad-tempered,adj,機嫌の悪い,気難しい,怒りっぽい,,
B200161,balance,v,を釣り合わせる,均衡を保っている,,,
B200162,balanced,adj,意志強固な,心のぐらつかない,,,
B200163,balky,adj,(馬が)急に止まる癖のある,,,,
B200164,ballad,n,バラード,民謡,バラッド(素朴な用語と短い節で書かれた民間伝承の物語詩),,
B200165,ballet,n,〈U〉バレエ,〈C〉バレエ団,,,
B200166,ballot,n,〈C〉投票用紙,投票総数,〈U〉〈C〉無記命投票,,
B200167,ban,n,〈C〉(法による)《～に対する》禁止 《on ～》,,,,
B200168,ban,v,〈他〉を禁ずる,〈自〉禁止する,,,
B200169,banker,n,銀行家,(ゲームの)親,,,
B200170,bankrupt,v,〈他〉を破産させる,,,,
B200171,bankruptcy,n,〈U〉破産,破たん,,,
B200172,barbershop,n,《米》理髪店,理容店《英》barber's [shop],,,
B200173,bare,v,を裸にする,あらわにする,,,
B200174,bargain,v,〈自〉契約をする,〈他〉《~ that ～》～であると契約する,,,
B200175,bark,v,〈自〉《～に》ほえる,《～に》ほえるようにしゃべる,〈他〉～をどなって言う《out》,,
B200176,barley,n,大麦(ビール・ウイスキー醸造用の麦芽(malt)をとる,,,,
B200177,barn,n,農家の)納家(なや),《米》家畜小屋(家畜・飼料を収容する大きな建物で),《米》電車(バス)車庫,ばかでかくてがらんとした建物,
B200178,barometer,n,晴雨計,(世論・市場などの)指標,,,
B200179,barren,adj,(土地が)やせた,(女・動物のめすが)子を産めない,(計画・努力が)実を結ばない,《補語にのみ用いて》(～が)ない《+of+名》,不毛の地
B200180,barrier,n,(通行を阻む)柵,(～の)難関,,,
B200181,bartender,n,(通例男性の)バーテン,,,,
B200182,bathhouse,n,浴場,《英》(海水浴客などの)脱衣所,,,
B200183,battlefield,n,戦場,,,,
B200184,beagle,n,ビーグル犬(短脚で耳が垂れ),通例褐色・黒・白の斑点のある猟犬,,,
B200185,beak,n,くちばし(通例ワシ・タカなどの曲がった),くちばし状のもの,(人の)かぎ鼻,昔の戦艦の)船嘴(せんし),,
B200186,beam,n,〈C〉(建設の)はり,〈C〉(船の甲板を支える)横はり,〈C〉(はかりの)さお,(織機の)糸巻き,〈C〉光線,〈C〉(顔などの)輝き
B200187,bearing,n,〈U〉態度,〈C〉〈U〉(～に対する)関係,〈U〉忍耐,〈C〉《複数形で》方角,〈U〉子を産むこと
B200188,beat,n,**続けて打つこと**,(心臓などの)鼓動,,,
B200189,beautify,v,～を美しくする,美化する,,,
B200190,bellow,v,〈牛などが〉低く太い声で鳴く,〈人が〉大声でどなる,〈言葉・音〉をわめくように言う,～を大音声でどなる《+out(forth)+名.+名+out(forth)》,,
B200191,belongings,n,(個人の)所有物,家財道具,所持品,,
B200192,bend,n,〈C〉曲がり,湾曲部,,,
B200193,beneficial,adj,有益な,役に立つ,利益をもたらす,《法律》利益を受けることができる,
B200194,benefit,v,～‘の'ためになる,～で)利益を得る《from(by)+名》,,,
B200195,benevolence,n,〈U〉善意,〈C〉《単数形で》親切な行為,,,
B200196,benevolent,adj,慈悲深い,善意のこもった,,,
B200197,berry,n,〈C〉ベリー,〈C〉液果(果肉が柔らかく多くの種をもつ果実,tomato),〈U〉(魚・エビなどの)卵,,
B200198,bestow,v,《～に》～を授ける,を贈る,,を与える《on》,upon ～》,
B200199,bestseller,n,ベストセラー(ある期間中に最もよく売れた本),ベストセラーの著者,,,
B200200,betray,v,《敵に》〈国・味方など〉を裏切る,〈人の信頼・期待など〉にそむく,《～に》〈秘密など〉を漏らす《to ～》,(隠そうとしてはいるがうっかり)～を示す,
B200201,bewilder,v,〈人〉を当惑させる,まごつかせる,,,
B200202,bewilderment,n,当惑,うろたえ,,,
B200203,bid,v,《文》(権威をもって)〈人〉に命じる,《～に》〈あいさつ・祝福などの言葉〉を言う《to ～》,(,競売などで)《～に》〈値〉をつける《for》,,
B200204,bidding,n,〈U〉入札,〈C〉言いつけ,〈C〉(カードゲームで)せり札の宣言,,
B200205,bikini,n,ビキニ(婦人用セパレート型の水着),,,,
B200206,billion,n,10億(thousand million),《英》兆(《米》trillion),,,
B200207,bind,v,～を縛る,を巻く,(人)を束縛する,,
B200208,bio,n,電気,略歴,プロフィール,,
B200209,biological,adj,生物学の,生物学的,,,
B200210,biotechnology,n,《米》生物工学,人間工学)人が機械で最も能率的に仕事をするための研究)(《英》ergonomics),,,
B200211,birdcage,n,鳥かご,,,,
B200212,birthplace,n,出生地,故郷,,,
B200213,bitterly,adv,ひどく,苦く,,,
B200214,bizarre,adj,一風変わった,奇怪な,,,
B200215,blade,n,(刀・ナイフ・のこぎり・かみそりなどの)刃,刀,(特にイネ科植物の)葉,(一寮に)薄く平べったい部分,アイススケート靴の)金属のすべり
B200216,blast,n,〈C〉(風の)一吹き,〈C〉(穴から吹き出す空気の)一吹き,〈C〉(笛・らっぱなどの)突然の大きな[不快な]音《+of+名》,〈C〉〈U〉爆破(explosion)《+of+名》,〈C〉(1回分の)発破
B200217,blast,v,～を爆破する,～を爆破して作る(開く),《文》～を損なう,〈らっぱなど〉を急に大きく鳴らす,～を酷評する,(～について)〈人〉をこっぴどく叱る《+名+about+名(doing)》,～をのろう(damn)
B200218,blaze,n,〈C〉〈U〉炎,〈C〉〈U〉強烈な光,〈C〉〈U〉燃え立つような輝き,《a blaze》(感情・怒り・りの)突然の激発(outburst)《+of+名》,《複数形で》《話》《遠回しに》地貯
B200219,blaze,v,～を知られる,言いふらす,,,
B200220,blend,n,混合,〈C〉混合物,,,
B200221,blindly,adv,盲目的に,向こうみずに,闇雲に,,
B200222,blindness,n,盲目,無知,,,
B200223,blink,v,(無意識に)まばたきする,〈灯火・星などが〉明減する,(欠点・悪事などを)見て見ぬふりをする《+at+名》,(～を見て)目をぱちくりさせて驚く《+at+名》,〈目〉をまばたきする
B200224,bloodstream,n,(体内の)血流,,,,
B200225,bloody,adj,出血している(bleeding),血まみれの,血なまぐさい,《英俗》ひどい,
B200226,bloody,adv,ひどく(damned),,,,
B200227,blooming,adj,花盛りの,《英俗》ひどい,,,
B200228,blossom,n,〈C〉(特に果樹の)花,〈U〉《集合的に》花(木立または木全部の花),〈C〉開花,開花期,,
B200229,blur,v,〈他〉《～で》～を汚す《with ～》,～をぼんやりさせる,,,
B200230,blurt,n,うっかりしゃべること,口走ること,口を滑らせること,,
B200231,blush,v,(当惑・恥ずかしさのために)顔を赤らめる,赤面する,,,
B200232,boiling,adj,沸騰する,煮え立っている,ひどく怒った,ひどく暑い,
B200233,bold,n,〈U〉ボールド体,太字体,ゴシック体([boldface],,
B200234,bolt,n,ボルト(木・鉄板を締め合わせる締めくぎ),(戸締まりの)かんぬき,石弓(crossbow)用の短く太い矢,いなずま,《単数形で》(突然の)脱走
B200235,bolt,v,～をふるい分ける,,,,
B200236,bombard,n,砲撃,,,,
B200237,bomber,n,爆撃機,爆撃手,爆撃魔,,
B200238,bombing,n,爆撃,,,,
B200239,bony,adj,骨の,骨の多い,,,
B200240,bookish,adj,本好きの,《軽べつした》机上の,堅苦しい,,
B200241,booklet,n,〈C〉小冊子,パンフレット,,,
B200242,bookmark,n,(本の)しおり,,,,
B200243,bookmark,v,《インターネット》～にブックマークを付ける.,,,,
B200244,boost,n,後押し,増加,,,
B200245,boost,v,〈他〉を押し上げる,を後援する,を引き上げる,,
B200246,booth,n,(木の枝・帆布などでできた)仮小屋,売店,(特定の用途のための)小さく仕切った部屋,(喫茶店などの)ボックス,
B200247,bossy,adj,《話》親分風を吹かせる,おうへいな,,,
B200248,botany,n,〈U〉植物学,〈U〉植物学書,,,
B200249,bothered,adj,心配した,気になった,困った,,
B200250,bothersome,adj,やっかいな,めんどうな(troublesome),,,
B200251,bottle,v,～をびんに詰める,,,,
B200252,bounce,n,〈C〉はね返り,〈U〉弾力,〈U〉《話》元気,,
B200253,bourbon,n,バーボンウイスキー(米国産のトウモロコシ・ライ麦製),,,,
B200254,bow,v,(～に)身をかがめる,(～に)屈服する,〈ひざ・腰〉をかがめる,～を曲げる,〈感謝など〉をおじぎをして示す
B200255,boxer,n,ボクサー,ボクサー(ドイツ種の中型犬),,,
B200256,bracket,n,(たななどを支える)腕木,(腕木に支えられた)たな,《複数形で》かっこ,(同類の人の)群,
B200257,brag,n,自慢,,,,
B200258,brake,v,〈他〉～にブレーキをかける,〈自〉〈人が〉ブレーキをかける,,,
B200259,bravery,n,勇敢,《文》華美,,,
B200260,breakable,adj,破れ(壊れ)やすい,壊れやすいもの,,,
B200261,breakdown,n,〈C〉故障,衰弱,分析,,
B200262,breakup,n,解体,(学期末の)終業,解散,夫婦,,
B200263,breathtaking,adj,かたずをのませるような,あっといわせるような,,,
B200264,breed,n,〈C〉(動植物の改良された)品種,,,,
B200265,breezy,adj,そよ風の吹く,元気のよくさわやかな,,,
B200266,brewery,n,ビール醸造所,ビール工場,,,
B200267,brilliantly,adv,きらきらと,鮮やかに,みごとに,,
B200268,broadband,n,広帯域(通信),ブロードバンド,,,
B200269,broadcast,v,(ラジオ・テレビで)〈情報・音楽など〉を放送する,(一定地域に)〈種子〉をばらまく,〈ニュース・うわさなど〉を広める,放送する,
B200270,broadcaster,n,放送者,放送組織,,,
B200271,broaden,v,を広くする,広くなる,,,
B200272,broadly,adv,広く,明白に,露骨に,大まかに,,
B200273,brochure,n,〈C〉パンフレット,小冊子,,,
B200274,brother-in-law,n,義理の兄(弟),,,,
B200275,browse,v,〈自〉〈他〉漫然とながめる,食べる、〈牛・シカなどが〉若葉(新芽)を食べる,,,
B200276,browser,n,〈C〉ブラウザ,拾い読みをする人,,,
B200277,bruise,n,打撲傷,(果物・野菜の)傷,～打に傷(あざ)をつける,〈果物など〉を傷つける,〈感情〉を損なう,打ち傷がつく
B200278,bud,n,〈C〉茅,(下等動物の)茅状突起,〈U〉発茅,発茅期,〈C〉子供,
B200279,budget,adj,買い得の,格安の,,,
B200280,bulimia,n,過食症,多食症,食欲亢進,,
B200281,bully,v,〈他〉をいじめる,,,,
B200282,bum,n,おしり,,,,
B200283,bumper,n,バンパー(衝撃を弱めるため列車・自動車の前後部につける),非常に大きな,,,
B200284,bun,n,ロールパン,(しばしば甘味香料などを入れた)丸形パン,まげ,,,
B200285,burden,v,《～を》～に負わせる,に積む 《with ～》,,,
B200286,burdensome,adj,重荷となる,(～にとって)重荷となる《+to+名》,,,
B200287,bureaucracy,n,〈U〉〈C〉官僚政治,,,
B200288,burglary,n,〈U〉(犯罪を目的とする)住宅侵入(罪,〈C〉押し込み 夜盗行為 夜盗事件,,,
B200289,burgle,v,#NAME?,,,,
B200290,burial,n,埋葬,葬式,,,
B200291,bustle,v,せかせかと動き回る《+about》,〈人〉をせきたてる,大騒ぎ,,
B200292,bustling,adj,忙しそうな,はつらつとした,,,
B200293,butcher,v,〈動物〉を屠殺する,〈人〉を虐殺する,〈仕事など〉をだいなしにする,,
B200294,buzz,n,(ハチ・ハエ・機械などの)ブンブンいう音,(人々の)ざわめき,〈ハチ・ハエ・機械などが〉ブンブンいう,,
B200295,buzz,v,～で)〈人々・場所が〉ざわめく《+with+名》,(特に声を落として)(～を)ひそひそとうわさする(騒ぎたてる)《+about+名》,ブンブン音をたてて動く,せわしく動き回る《+about(around)》,,,
B200296,cabinet,n,キャビネット(引出し・たな・仕切などのある箱・戸だな),《しばしばCabinet》《集合的に》《単数・複数扱い》内閣,《英》閣議,《古》小さい個室,
B200297,cable,n,〈C〉〈U〉(麻・針金をより合わせた)太綱,(電信などの)ケーブル線,〈C〉海底電信,,
B200298,calmly,adv,静かに,落ち着いて,,,
B200299,campaign,n,(ある目的を持った一定地域での)軍事行動,政治的・社会的・商業的などの目的で行われる)(～の)運動,(～の)運動に参加する,,
B200300,candidate,n,〈C〉《～の》候補者,志願者 《for ～》,,,
B200301,cane,n,〈C〉(トウ・タケ・サトウキビなどの)茎,〈U〉(用材としての)トウ(いす・かごなどを作る,〈C〉ステッキ,〈C〉むち,〈C〉サトウキビ
B200302,cannonball,n,(昔の)砲弾,《米話》(蒸気機関車時代ね)特急(弾丸)列車,,,
B200303,canon,n,〈C〉(教会の)教理,(一般に)規準,(正しい典拠とすべき)経典,聖従名簿,ミサ典文
B200304,capability,n,〈U〉〈C〉能力,,,
B200305,caption,n,題目,(写真・挿絵の)説明・映画の)字幕,,,
B200306,captive,n,捕虜,(～の)とりこになった人《+of+名》,,,
B200307,caravan,n,隊商,ジプシーの)ほろ馬車,(サーカス団の)運搬車,《英》(自動車で引く旅行用の)トレーラー(=trailer,,,
B200308,carbon,n,炭素(化学記号はC),〈C〉炭素棒,〈C〉《時に〈U〉》=carbon paper,≪ carbon copy ≫生き写し,瓜二つの≪of≫
B200309,carbon dioxide,n,二酸化炭素,炭酸ガス,,,
B200310,carbon footprint,n,カーボン・フットプリント,二酸化炭素排出量,,,
B200311,carbon monoxide,n,一酸化炭素,,,,
B200312,cardboard,n,厚紙,ボール紙,,,
B200313,cardigan,n,カーディガン,,,,
B200314,carefree,adj,心配のない,のんきな,,,
B200315,caring,adj,人や態度が)親身な，思いやりのある,(年寄り・身体不自由者の)日常の世話をする，介護する.,,,
B200316,carnival,n,〈U〉謝肉祭,〈C〉浮かれ騒ぎ,(また《話》carny)〈C〉《米》巡回ショー,,
B200317,carpool,n,車の所有者数人が交替でお互いを乗せて行く協定,,,,
B200318,carve,v,～を刻んで作る,(食べやすいように)〈肉〉を切り分ける,肉を切り分ける,,
B200319,cascade,n,〈C〉(いく筋にもなって落ちる)小滝,滝状になった物,,,
B200320,cast,n,〈C〉投げること,(劇・映画の)配役,,,
B200321,cast,v,〈他〉を投げる,を投げ捨てる《off》,《～に》〈影・光〉を投げ掛ける,〈目・視線など〉を向ける,〈票〉を投じる
B200322,casually,adv,偶然に,なにげなく,,,
B200323,catalog,n,目録,～を目録に載せる,,,
B200324,catalyst,n,触媒[剤]、変化を促進するもの、誘因,,,,
B200325,catastrophe,n,〈U〉〈C〉(突然の)大変動,悲劇的結末,,
B200326,catastrophic,adj,悲劇的な,大異変の,破滅的な,,
B200327,catchy,adj,調子がおもしろくて覚えやすい,引っ掛かりやすい(tricky),,,
B200328,categorization,n,カテゴリー化,,,,
B200329,catering,n,料理を調達する人・サービス、 賄(まかな)うこと,,,,
B200330,cathedral,n,(bishopが統轄する)大寺院,(一般の)大教会,,,
B200331,cause,n,〈U〉原因,正当な理由,主義,目的〈U〉〈C〉訴訟,
B200332,cease,v,〈自〉止む,〈他〉をやめる,,,
B200333,ceiling,n,天井,いちばん高い所,(価格・賃金などの)最高限度,(航空機の)上昇限度,
B200334,cellar,n,地下室(basement)食料貯蔵室,貯蔵ぶどう酒,《話》《the ~》(スポーツのチームなどの)最下位,,
B200335,cellist,n,チェロ奏者,,,,
B200336,cello,n,チェロ(楽器)[violoncelloの短縮形],,,,
B200337,cemetery,n,(教会に付属しない)共同墓地,埋葬地,,,
B200338,centigrade,n,(温度計の)百分度,セ氏温度計,,,
B200339,certificate,n,〈C〉証明書,免許証(状),卒業証書,,
B200340,certification,n,〈U〉証明,〈C〉証明書(certificate),,,
B200341,certify,v,を証明する,を保証する,を確認する,,
B200342,challenge,v,〈他〉に挑む,に異議を申し立てる,,,
B200343,chancellor,n,〈C〉(西独・オーストリアなどの)首相,(アメリカのいくつかの大学で)総長,各種の高官の称号,,
B200344,chaotic,adj,混沌とした,無秩序の,,,
B200345,characteristic,adj,特有の,独特の,,,
B200346,charming,adj,魅力的な,楽しい,,,
B200347,chase,v,〈人・動物など〉を追いかける,,《～から》〈人・動物など〉を追い払う 《from》,《～を》追う,《話》《～を》走り回る《about ～》,
B200348,cheat,v,〈他〉騙す,〈自〉不正をする,,,
B200349,checkpoint,n,検問所,,,,
B200350,cheeky,adj,ずうずうしい,生意気な,,,
B200351,cheerfully,adv,元気よく,明るく,うきうきと,楽しそうに,
B200352,cheerfulness,n,上機嫌,,,,
B200353,chemotherapy,n,化学療法,,,,
B200354,cherished,adj,大切にしている,,,,
B200355,cherry,n,〈C〉サクランボ,〈C〉サクラの木,〈U〉サクラ材,〈U〉サクラ色,サクラ色の
B200356,chew,v,〈食物〉を噛む,～を噛んで作る,,,
B200357,chief,n,長,責任者,長官,,
B200358,childish,adj,子供の,子供らしい,幼稚な,,,
B200359,chimney,n,煙突,(ランプの)ほや,煙突食の物,(火山の)噴煙口,(岩面の)直立裂孔(煙突を二つに割ったような裂け目,,
B200360,chip,n,薄切り,欠け目,傷,かけら,
B200361,chop,v,〈他〉(おのなどで)～をたたき切る,～を切り刻む《up》,〈自〉《～を》たたき切る《at ～》,,
B200362,chunk,n,(～の)厚切り,かなりの量(額),,,
B200363,circuit,n,〈C〉回ること,巡回,巡回する経路,(電気の)回路,興行系統
B200364,circuitry,n,電気回路,電気回路構成物(真空管など),,,
B200365,circumstance,n,〈C〉状況,環境,事情,経済状況,境遇
B200366,citywide,adj,市全域の,,,,
B200367,clam,n,《貝》ハマグリ,,,,
B200368,clap,v,〈手〉をパチン(パチパチ)とたたく,～をピシャリ(パチン)とたたく(打ちつける,(激励・あいさつとして)〈人〉をポンとたたく,(ある方向・状態に)～を急に動かす,～に)手をたたく《+for+名》
B200369,clarify,v,〈他〉を明らかにする,〈液体・空気など〉を澄ませる,〈自〉〈思想・意味などが〉分かりやすくなる,澄む,
B200370,classic,n,〈C〉(一つの分野の中で)規範(模範)となる作品,〈C〉代表的芸術家,《the classics》《しばしばC-》古典文学,〈C〉伝統的な(由緒ある)行事,
B200371,classification,n,〈U〉〈C〉分類,分類法,分類結果,,
B200372,clause,n,〈C〉(文法で)節,(条約・法律などの)箇条,,,
B200373,clearness,n,明白さ,透明,,,
B200374,clerical,adj,事務員の書記の,聖職者の,,,
B200375,client,n,[弁護]依頼人,商売上の)おとくい(customer),,,
B200376,climate change,n,気候変動,,,,
B200377,clog,v,(～の)じゃま物,《複数形で》木(コルク)底の靴(サンダル,～‘の'動きを妨げる,〈管・道路など〉をふさぐ,〈菅などが〉詰まる,〈油・泥などが〉固まって詰まる
B200378,closure,n,〈U〉閉鎖,閉店,終止,,
B200379,clothing,n,〈U〉衣類,衣料品,,,
B200380,clumsy,adj,(人・動作などが)無器用な,(道具などが)不恰好で扱いにくい,(説明などが)下手な,,
B200381,coach,v,〈他〉〈チーム・学生など〉を指導する,〈自〉指導する,,,
B200382,coaching,n,(スポーツや学習などの)指導,(ビジネス)コーチング,,,
B200383,coalition,n,〈C〉(政党などの,一体化,,,
B200384,coarse,adj,(品物が)粗末な,(表面が)粗い,粗野な,,
B200385,coastline,n,海岸線,,,,
B200386,cocktail,n,カクテル,(エビ・カニ・混ぜ合わせ果物などからなる)前菜料理,,,
B200387,cocoa,n,〈U〉ココア,(〈U〉〈C〉ココア・ミルクなどを混ぜて作った)ココア飲料,(〈U〉ココア色)焦げ茶色,,
B200388,coconut,n,ココヤシの実,ココナツ,,,
B200389,coherence,n,密着,(論理などの)首尾一貫性,,,
B200390,coherent,adj,(論理などが)筋の通った,密着した,,,
B200391,coincide,v,〈自〉《Aと》同時に起こる《with A》,《Aと》一致する,,,
B200392,coincidence,n,〈U〉(事件などの)同時発生《+of+名》,〈U〉偶然の一致,,,
B200393,collapse,v,〈家などが〉潰れる,〈人が〉倒れる,〈計画・運動など〉を潰す,〈いすなど〉を折り畳む,
B200394,colleague,n,〈C〉(会社・学校などの)同僚,(専門職業の)仲間,,,
B200395,collector,n,(～の)収集家,(～の)集金人,,,
B200396,collocation,n,〈C〉〈U〉配置,〈U〉語の配置,,,
B200397,colon,n,コロン(:)(句読点の一種で,文中においてセミコロン以上を分離を示すほか,対照,例証,引用文などを示すのに用いる
B200398,colonial,adj,植民地の,英国植民地(時代)の,,,
B200399,coma,n,こん睡状態,,,,
B200400,comb,v,〈他〉をくしでとかす,,,,
B200401,comfortably,adv,ここちよく,気楽に,なに不自由なく,,
B200402,commander,n,軍隊の)指揮官～司令官,(探検隊などの)隊長,海軍中佐,(小型艦艇の)艦長,,,
B200403,commemorate,v,(祝典・儀式などで)～を祝う,～‘の'記念となる,,,
B200404,comment,v,(～について)論評する,《comment+that節》～であると論評する,,,
B200405,commerce,n,〈U〉《～との》商業,通商,貿易 《with ～》,,
B200406,commercial,n,(ラジオ・テレビの)コマーシャル,,,,
B200407,commission,n,〈U〉〈C〉(任務・職権などの)委任,〈U〉(委任された)権限,〈C〉(権威筋より発せられた)命令,委任された仕事,手数料
B200408,commonwealth,n,国民,共和国,(共通の目的・利益によって結ばれた)団体,《米》州(公式にはMassachusetts),またthe British Commonwealth[of Nations])《the C-》英連邦(英国・カナダ・オースト～)
B200409,communicative,adj,話好きな,通信の,,,
B200410,community,n,〈C〉(文化的・歴史的遺産を共有する)共同会社,《the ~》一般社会,〈U〉(財産などの)共用,〈C〉(植物の)軍落,
B200411,commute,v,〈他〉《文》《別のものに》～を振り返る,〈自〉《～間を》定期券で通勤する《between ～》,,,
B200412,compassion,n,〈U〉《～に対する》あわれみ,,深い同情 《on》,for ～》,,
B200413,compassionate,adj,あわれみ深い,情け深い,心の優しい,,
B200414,compatible,adj,《～と》両立できる,《be ~ with ～》《～と》うまがあう,,,
B200415,compensate,v,《～に対して》〈人〉に補償する《for ～》,〈損失など〉を償う,《米》～に報酬(給与)を支払う,《損失などを》償う《for ～》,
B200416,compensation,n,補償,賠償,報酬,弁償,償い
B200417,competence,n,〈U〉能力,(法律上の)権限・力量,《まれ》《a~》相当の資産,,
B200418,competent,adj,有能な,満足のいく,法的権限のある,,
B200419,compile,v,〈資料など〉をまとめる,〈辞書など〉を編集する,〈ソースコードなど〉を機械語に翻訳する,,
B200420,completion,n,完成,完了,,,
B200421,complexion,n,顔のつや・顔色，血色，顔の色つや,顔の肌・ (事態の)外観，様相.・形勢,,,
B200422,complexity,n,複雑さ,〈C〉複雑なもの,,,
B200423,component,n,構成している,構成要素,,,
B200424,comprehension,n,〈U〉理解,包含,,,
B200425,comprehensive,adj,包括的な,総合的な,はっきりした,完全な,理解力が)幅広い
B200426,compress,n,(綿を梱包する)圧搾機,湿布,,,
B200427,compression,n,圧縮,要約,,,
B200428,compromise,v,《～と》妥協する,(信用・名声など)を危うくする,,,
B200429,compulsory,adj,強制的な,義務的な,,,
B200430,compute,v,～を計算する,計算する,,,
B200431,conceal,v,〈他〉を隠す,を秘密にする,,,
B200432,concede,v,譲歩して)～を真実と認める《that ～》,《A(権利など》を《B(人)》に与える《A to B》《B A》,《～に》譲歩する《to ～》,敗北を認める,,
B200433,conceit,n,〈U〉うぬぼれ,〈C〉奇想,,,
B200434,conceivable,adj,考えられる,考えられる限りの,,,
B200435,conceive,v,を心に抱く,《文》を妊娠する,《~ of ～》～を想像する,,
B200436,conception,n,〈U〉概念,〈C〉着想,〈U〉妊娠,,
B200437,concern,v,〈他〉～に関係する,《しばしば受動態で》(人)に関心を持たせる,,,
B200438,concerning,prep,～について,関して(about),,,
B200439,concession,n,〈U〉〈C〉《～に対する》譲歩《to ～》,〈C〉譲歩事項,(政府・土地所有者などが与える)特権,公園などでの)売り場使用権
B200440,concrete,adj,具体的な,コンクリート製の,凝固した,,
B200441,concrete,n,〈U〉コンクリート,凝固したもの,,,
B200442,condemn,v,を非難する,を有罪と決定する,,,
B200443,conduct,v,〈人など〉を導く,〈業務など〉を指導する,《オーケストラなど》の指揮をする,〈U〉《文》(人の)行為,指導
B200444,conductor,n,(集団などの)指導者,(オーケストラ・コーラスなどの)指揮者,(電車・バスなどの)車掌,《おもに米》列車の,(熱・電気・音などの)導体,
B200445,cone,n,円すい,円すい形のもの,球果(松かさなど)・暴風警報球.,,
B200446,conference,n,〈C〉会議,〈U〉〈C〉(～との)相談,〈C〉(学校),,
B200447,conferencing,n,会議、協議,,,,
B200448,confess,v,〈罪・秘密など〉を白状する,〈過失など〉を認める,神・司祭に)〈罪〉をざんげする《+名+to+名》,(司祭が)〈人〉‘の'ざんげを聞く,〈人が〉(～を)自白する,司祭に)ざんげをする《+to+名》,〈司祭が〉ざんげを聞く
B200449,confession,n,(罪などの)自白,〈C〉《文》(信仰の)告白《+of+名》,(罪の)ざんげ,,
B200450,confidently,adv,自信をもって,大胆に,,,
B200451,confine,v,《ある範囲に》～を制限する,《～に》〈人など〉を閉じ込める,《通例受動熊で》〈女性〉をお産の床につかせる,,
B200452,confront,v,〈他〉に立ち向かう,の前に立ちはだかる,《AとB》を直面させる,,
B200453,conjunction,n,〈C〉接続詞(and),《文》〈U〉〈C〉結合,〈U〉合(ごう)(二つ以上の天体が同じ黄経上にあること,,
B200454,conquest,n,〈U〉(敵国・山岳などの)征服,(病気などの)克服《+of+名》,(愛情などの)獲得,〈C〉征服されたもの(国),《the Con・quest》=Norman Conquest,,
B200455,conscience,n,良心,道義心,善悪を判断する力,,
B200456,consciousness,n,〈U〉意識,(個人や集団の)意識,,,
B200457,consensus,n,(多人数の意見などの)一致,一致した意見,,,
B200458,consent,n,〈U〉同意,,,,
B200459,considerably,adv,かなり,相当に,非常に,,
B200460,considering,conj,《considering+that節》～であることを思えば,考えれば,,,
B200461,considering,prep,～のわりには,を考慮すれば,を考えれば,,
B200462,consistent,adj,矛盾のない,(主義・考え方などが)不変の,《～と》一致した《with ～》,,
B200463,consolation,n,〈C〉慰め,〈C〉慰めとなるもの(人),,,
B200464,console,v,(～で)〈人・自分〉を慰める,元気づける《+名+with+名》,,,
B200465,constant,adj,不変の,絶え間のない,,,
B200466,consult,v,～についての意見,〈人の感情・都合・利害など〉を考慮に入れる,(～について～と)相談する,会社などの)顧問(コンサルタント)として働く《+for+名》,
B200467,consultant,n,専門的助言をする人,顧問,コンサルタント,,
B200468,contaminate,v,(汚いものなどとの接触・混合によって)～を汚す,〈人など〉‘に'悪影響を及ぼす,,,
B200469,contemporary,adj,同時代の,現代の(名詞的に使う場合)同年輩の人,同時代の人,,
B200470,contempt,n,《時に形容詞を伴って,(人から)軽蔑されていること,(法廷・人法機関に対する)侮辱罪,,
B200471,content,adj,《形容詞》《～で》満足して,甘んじて《with ～》,,,
B200472,contract,n,売買,契約書,,,
B200473,contradict,v,(報道・人の言説など)を否定する,(陳述が)～と矛盾する,,,
B200474,contradiction,n,否定,矛盾,,,
B200475,contradictory,adj,矛盾した,対立した,,,
B200476,controversy,n,(通例紙上での)論争,議論,,,
B200477,conveniently,adv,都合よく,便利に,,,
B200478,convention,n,(政治、宗教などの)大会,条約,慣習,,
B200479,conventional,adj,従来の,慣例の,(核兵器に対して)通常兵器の,,
B200480,converse,n,反対のもの,論理学で)反対(転換)命題,,,
B200481,conversely,adv,逆に,《文全体を修飾して》逆に言えば,,,
B200482,conversion,n,〈U〉〈C〉(性質・形・機能などの)(～から～への)転換,〈U〉〈C〉(宗教・主義などの)改宗,(～への)帰依,,,
B200483,convert,v,〈他〉?~ A into [to] B?AをBに変える,転換する〈自〉変わる,転換する,,
B200484,convinced,adj,確信(納得)している,,,,
B200485,cool,v,〈自〉寒くなる,〈情熱・興奮・怒りなど〉を静める,,,
B200486,cooperate,v,〈他〉《Aと》《Bについて》協力する,,応じる《with A》《on》,状況などが)うまく運ぶ,,
B200487,cooperation,n,〈U〉《～との》協力,協同 《with ～》,,,
B200488,cooperative,adj,協力的な,助けになる,協力の,,
B200489,cope,v,〈自〉対処する,《難局に》対処する,,,
B200490,copper,n,〈U〉銅,赤銅色,〈C〉《英話》銅貨,銅製品,
B200491,coral,n,〈U〉サンゴ,〈C〉サンゴ細工,〈U〉サンゴ色,サンゴ[製]の,サンゴ色の
B200492,core,n,〈C〉(果物の)芯,〈U〉(物事の)核心,〈C〉(電気の)磁心,,
B200493,cornerstone,n,(建物の起工年月日を刻んだ)すみ石,不可欠のもの,基礎,,,
B200494,cornet,n,コルネット(管楽器の一種),《英》(アイスクリームの)コーン,,,
B200495,corona,n,コロナ(皆既日食のときに見える光冠),(太陽・月などの)かさ,,,
B200496,corporal,adj,《かたく・文》身体の,肉体の,,,
B200497,corporate,adj,法人[組織]の,共同の,《時に名詞の後に用いて》集団になった,,
B200498,corporation,n,〈C〉企業,地方議会,,,
B200499,correct,v,〈誤りなど〉を訂正する,～‘の'誤りに印をつける,(～で)〈人〉を罰する,～を基準に合わせる,
B200500,correctness,n,正しいこと,適正,,,
B200501,correspond,v,一致する,,《～と》一致する 《with》,(性質・機能などの点で)《～に》相当する 《to ～》,《～と》文通する 《with ～》,
B200502,correspondence,n,〈U〉《～の間の》一致 《between ～》,,《～との》一致 《with》,《～との》文通,手紙,
B200503,correspondent,n,〈C〉特派員,手紙を書く人,一致するもの,,
B200504,corresponding,adj,一致する,対応する,相当する,,
B200505,corridor,n,(片側また両側に部屋が並んでいる)廊下,,,,
B200506,corrupt,adj,腐敗した,堕落した,,,
B200507,corruption,n,(官吏などの)不正行為,堕落,(物の)腐敗,原文の)改悪,(言語の)なまり,
B200508,costly,adj,高価な,費用のかかる,損害(犠牲)の多い,,,
B200509,costume,n,〈U〉(ある時代・国民・地方などの特殊な)服装,〈C〉(特定の場合・季節のための)服装,〈U〉〈C〉(芝居・仮装舞踏会用などの)衣装,～‘の'衣装を用意する,
B200510,cottage,n,〈C〉(田舎の)小さな家,(避暑地などの)小別荘,,,
B200511,cough,n,〈C〉せき,《a ~》よくせきの出る病気,,,
B200512,counter,n,〈C〉(商店・銀行などの)売り台,(食堂などの)カウンター,(おもちゃの)模造貨幣,数える人,計算器
B200513,countryman,n,《one's ~》同国人,いなか者,,,
B200514,countrywide,adj,全国的な,,,,
B200515,courtesy,n,〈U〉礼儀,〈C〉丁重な行い,,,
B200516,coward,n,臆病者,卑怯者,,,
B200517,cowardly,adj,おくびょうな,ひきょうな,,,
B200518,coziness,n,居心地のよさ,,,,
B200519,cozy,adj,(部屋などが)居ごこちのよい,(仕事などが)楽な,,,
B200520,crab,n,〈C〉カニ〈U〉カニの肉〈C〉巻き揚げ機・〈C〉《話》気むずかし屋,= crab louse(毛ジラミ,,,
B200521,crack,n,〈C〉割れ目,バン,,,
B200522,crack,v,〈他〉にひびをいれる,〈自〉割れる,ガチャっと鳴る,,
B200523,craftsman,n,職人,熟練工,,,
B200524,crater,n,(火山の)噴火口,(爆発によってできた地面の)穴,,,
B200525,crawl,v,〈自〉(腹ばいで)はう,〈人・乗物・時間・仕事などが〉のろのろと進む,,,
B200526,crease,n,〈C〉(ズボンの)折り目,(紙・布・服などの)しわ,,,
B200527,creation,n,〈U〉(～の)創造,〈U〉神が作ったもの,〈C〉創作品,《the C-》天地創造,〈C〉最新の衣服(帽子)
B200528,creatively,adv,独創的に,創造的に,,,
B200529,creek,n,《米》小川,《英》(海・湖などの)小さな入り江,,,
B200530,creepy,adj,(恐れ・嫌悪などで)ぞくぞくする,気味の悪い,,,
B200531,crew,n,〈C〉(船・飛行機の)乗組員,(共同の仕事をする)従業員,《話》仲間,,
B200532,criminal,adj,犯罪の,刑事上の,,,
B200533,cripple,n,〈C〉肢体障害者(手足の障害のある人),特に歩行の不自由な人,,,
B200534,critically,adv,非常に,危険なほどに,批評的に,注意深く,
B200535,criticism,n,〈U〉〈C〉(文学・芸術・一般的な事の)批評,〈C〉批評文,〈U〉〈C〉酷評,,,
B200536,crocodile,n,ワニ,,,,
B200537,crossly,adv,ふきげんに,すねて,逆に,横に,
B200538,crucial,adj,重要な,決定的な,必須の,不可欠な,
B200539,cruelly,adv,残酷に,むごたらしく,,,
B200540,cruelty,n,(またcru・el・ness)〈U〉残酷,〈C〉残酷な行為,,,
B200541,cruise,v,特定の目的地を決めずに)〈船・飛行機が〉巡航(遊航)する,〈タクシーが〉流す,〈車・飛行機などが〉巡航(経済的な)速度で進む,〈ある地域〉を巡航(巡回)する,〈飛行機・車など〉を巡航(経済的な)速度で進ませる,
B200542,crystallize,v,'を結晶化させる,〈思想など〉を具体化させる,〈果物〉を溶かした砂糖で覆う,結晶する,〈思想などが〉(～に)具体化する《+into+名》
B200543,cube,n,〈C〉立方体,立方体の物(さいころ),〈U〉立方,〈数〉を3乗する,'を立方体に切る,
B200544,cubism,n,キュービズム,立体波(対象を幾何的に表現する絵画の一様式),,,
B200545,cuff,n,服・ワイシャツの)ソデ口,(ワイシャツの)カフス,《米》(ズボンのすその)折り返し(《英》turn-up,《複数形で》手錠,,
B200546,culmination,n,〈U〉《～の》最高点,絶頂,成就《of ～》,,
B200547,culturally,adv,文化的に,,,,
B200548,cure,v,〈病気・病人〉を治療する,〈悪癖・弊害など〉を治す,,,
B200549,curl,n,〈C〉巻き毛カール,《複数形で》巻き毛の髪,〈C〉うず巻き[状のもの],〈C〉〈C〉カールすること,〈頭髪〉をカールさせる,を曲げる
B200550,cursor,n,カーソル,線を引いたガラス板,,,
B200551,cyberaddict,n,サイバー中毒者、コンピューター中毒者、インターネット中毒者,,,,
B200552,cybercafe,n,サイバーカフェ(店内に客様のパソコンを設置している喫茶店),,,,
B200553,cybercrime,n,ネット犯罪、サイバー犯罪,,,,
B200554,cyberpet,n,電子ペット,,,,
B200555,cyberschool,n,サイバースクール、オンライン上の学校,,,,
B200556,cyberspace,n,サーバースペース,サイバー空間,,,
B200557,cyclist,n,自転車(三輪車),(オートバイ)に乗る人,,,
B200558,daft,adj,とんまな,気違いじみた,,,
B200559,damn,adj,とんでもない,ひどい,,,
B200560,damn,adv,すごく,ひどく,やけに,,
B200561,damn,interj,《感嘆》ちくしょう,,,,
B200562,dandelion,n,タンポポ(フランス語のdent de lionから),葉がライオンの歯に似ている,,,
B200563,darling,adj,最愛の,お気に入りの,《話》《おもに女性用語》非常に美しい,かわいらしい,,
B200564,darling,n,〈C〉いとしい人,お気に入り,,,
B200565,dash,n,〈C〉《a~》(～への)突進,《the~》短距離競走,《the~》(～に)打ちつける音《+against(on)+名》,,
B200566,dash,v,《副詞[句]を伴っで》突進する,(～に)衝突する,(～に)～を打ちつける,〈元気・希望など〉をくじく,～に)〈木など〉をぶっ掛ける
B200567,data,n,資料,情報,,,
B200568,database,n,〈C〉データベース,,,,
B200569,dated,adj,時代遅れの(out-of-date),日付のある,,,
B200570,daughter-in-law,n,息子の妻,嫁,義理の娘,,
B200571,dawn,n,〈U〉〈C〉夜明け,《the ~》《物事の》始まり,夜が明ける,〈物事が〉はっきりして来る,
B200572,daytime,n,昼間,,,,
B200573,de facto,adj,事実上[の],,,,
B200574,dear,n,**かわいい人**,大切な人,いい子,,
B200575,dearly,adv,愛情をもって,多大の儀接を払って,,,
B200576,debit,n,〈C〉(銀行口座の)引き落とし,(簿記で)借り方,,,
B200577,debit,v,〈他〉(金額を)引き落とす,《金額を》～の借り方に記録する《with ～》,《～に》～を借り方として記入する 《against ～》,,
B200578,debit card,n,デビットカード,即時決済カード,,,
B200579,decade,n,10年間,,,,
B200580,decay,v,〈自〉腐る,衰える,〈他〉を腐らせる,,
B200581,deceive,v,を欺く,をだます,を裏切る,欺く,人をだます
B200582,decent,adj,(社会・道徳的な規範にかなって)きちんとした,《話》かなりよい,《話》《be ~》親切な,かなりの,
B200583,deceptive,adj,人をだますような,当てにならない,,,
B200584,decisive,adj,決定的な,(性格などが)断固とした,確かな,,
B200585,deck,n,デッキ,デッキ状の部分(バス・電車の床),《おもに米》(カードの)1組(《英》pack,《話》地面,～で)～を飾る
B200586,decline,v,減少する,断る,衰退する,下落する,
B200587,decomposition,n,分解 腐敗 変質,,,,
B200588,decorate,v,(～で)～を飾る,〈部屋・建物〉‘に'装飾する,～に対して)〈人〉‘に'勲章(褒章(ほうしょう))を授ける《+名+for+名》,,
B200589,decoration,n,〈U〉装飾,〈C〉《複数形で》装飾物,〈C〉勲章,,
B200590,decorative,adj,装飾の,装飾的な,,,
B200591,dedication,n,〈U〉奉納,〈U〉献身,〈C〉献呈の辞,,
B200592,deduce,v,～を導き出す,推論する,,,
B200593,deduction,n,〈U〉差し引き,〈C〉差し引き額,〈U〉演繹法,〈U〉〈C〉推論
B200594,deem,v,《かたく》《～と》～をみなす,～であると考える 《that ～》,,,
B200595,deep,adj,(表面から下方または内部へ)深い,(程度が)非常な,奥行きの深い,奥深くて測りしれない,《補語にのみ用いて》(～の)奥深いところにいる(ある)《+in+名》
B200596,deer,n,シカ(鹿),,,,
B200597,defeat,n,〈U〉《～を》破ること 《of ～》,敗北,,,
B200598,deficit,n,〈C〉(金銭の)不足額,不利な条件,,,
B200599,deforestation,n,森林伐採,森林開拓,,,
B200600,defy,v,〈他〉《～してみようとAに》挑む,〈他〉を無視する,〈他〉を拒む,〈他〉逆らう,
B200601,dehumanize,v,～‘の'人間性を失わせる,人間らしさを奪う,,,
B200602,delegate,n,代表、(会・組織の)代表者、 使節、派遣団員(個人,,,,
B200603,deliberate,adj,故意に,よく考えた,,,
B200604,deliberately,adv,故意に,よく考えて,,,
B200605,delicacy,n,〈U〉(形状・感触などの)優美さ,〈C〉おいしいもの,〈U〉(身体の)か弱さ,〈U〉(門題などの)微妙さ,〈U〉(趣味・技能・感情などの)繊細さ
B200606,delicately,adv,繊細に,微妙に,華奢に,敏感に,,
B200607,delight,v,を大いに楽しませる,大喜びする,,,
B200608,demanding,adj,過度(不当)に要求する,骨の折れる,,,
B200609,demolish,v,〈古い建物など〉を取り壊す,〈計画・制度など〉をくつがえす,《話》〈食べ物〉をぺろりと平らげる,,
B200610,denim,n,〈U〉デニム(厚地の綿布),〈C〉《複数形で》デニム製作業服,,,
B200611,dense,adj,密度の濃い,《話》頭の鈍い,,,
B200612,densely,adv,密集して,,,,
B200613,dental,adj,歯の,(音声が)歯音の,歯音(など),,
B200614,dependable,adj,信頼できる,頼みになる,,,
B200615,deposit,v,〈貴重品など〉を預ける,〈金〉を預金する,,,
B200616,deputy,n,〈C〉代理人,(フランスなどの)代議士,《米》郡保安官代理,,
B200617,descend,v,(高い所から低い所へ)下る,(古い時代から新しい時代へ)伝わる,身を落とす,(人などが)～を下る,
B200618,descriptive,adj,記述的な,《～を》記述している《of ～》,詳しく述べられた,,
B200619,designer,adj,有名デザイナー製作の,《話》はやりの,,,
B200620,desirable,adj,望ましい,魅力たっぷりの,,,
B200621,desire,v,～を切望する,～‘に'性的欲望を感じる,,,
B200622,desktop,n,〈U〉〈C〉デスクトップ,机の表面,,,
B200623,desolation,n,〈U〉荒廃させること,〈U〉悲しみ,〈C〉荒れた(もの寂しい)場所,,
B200624,desperately,adv,必死に,是が非でも,喉から手が出るほど.やけくそになって.やぶれかぶれに,,
B200625,desperation,n,絶望状態,自暴自棄,,,
B200626,despise,v,《～のことで》～を軽蔑する,を蔑む《for ～》,,,
B200627,destiny,n,運命,使命,,,
B200628,detach,v,〈他〉を引き離す,派遣する,〈自〉離れる,,
B200629,detachment,n,〈U〉《～から～を》分離すること,超然としていること,私心(偏見)のないこと,〈C〉(特別の任務を帯びた)分遣隊,
B200630,detailed,adj,詳細にわたる,細部にまで注意した,,,
B200631,detect,v,(物事の存在)を感知する,(人)の正体を見破る,(電波)を復調する,,
B200632,determined,adj,《～することを》断固として決意した,決心した《to do》,,,
B200633,determiner,n,決定詞(辞),限定詞(辞)([a],[the],[your],[this]
B200634,developing,adj,発達中の,(国家・地域が)発展途上の,,,
B200635,devil,n,悪魔,(悪魔のような)悪人,精力家,やつ(fellow),《俗》《強意語として》
B200636,devote,v,〈生涯・労力・時間など〉をささげる,あてる:《devote+名+to+名(doing)～に～をささげる》,,,
B200637,devoted,adj,献身的な,(神に)ささげられた,,,
B200638,diarrhea,n,下痢,,,,
B200639,dictator,n,独裁者,口述者,,,
B200640,digest,n,〈食物〉を消化する,～をこなして自分のものとする,～を系統的に整理する,〈食物が〉消化される,
B200641,dignify,v,〈他〉《～で》～に威厳を添える,《～で》～にもったいをつける《with ～》,,,
B200642,dignity,n,〈U〉尊厳 ,品位,〈U〉〈C〉高位,〈C〉《古》高位の人,
B200643,dilemma,n,板ばさみ,(論理学で)両刀論法,,,
B200644,dim,adj,薄暗い,はっきり見えない(聞こえない),(考え・記憶などが)はっきりしない,(色などが)くすんだ,批判的な
B200645,dime,n,ダイム(米国およびカナダの10セント銀貨),,,,
B200646,dimension,n,〈C〉(長さ・幅・厚さなどの)寸法,《通例複数形で》大きさ,広がり,(数学で)次元,
B200647,dip,v,〈他〉をちょっと浸す,さっとつける《in》,くみ出す〈自〉沈む,下に傾く,
B200648,diphtheria,n,ジフテリア(呼吸困難を起こすのどの病気),,,,
B200649,diploma,n,〈C〉(大学・専門学校などの)卒業証書,(一般に)免許状,《複数形で》古文書,,
B200650,diplomat,n,〈C〉外交官,外交家,,,
B200651,disappearance,n,消失,〈U〉〈C〉失踪(しっそう),,,
B200652,disapproval,n,不賛成,非難(censure),,,
B200653,disapprove,v,～を好ましくないと思う,(～に)賛成しない,,,
B200654,discharge,n,〈U〉荷下ろし,遂行,返済,〈C〉放出,
B200655,disciple,n,(特に信仰上の)弟子,《しばしばD-》使徒(キリストの12使徒のひとり),,,
B200656,discipline,n,〈U〉(組織的な)訓練,(訓練による)規律正しさ,〈C〉学科,,
B200657,disconnect,v,〈二者〉‘の'関係を絶つ,〈電話・電源など〉を切る,(～から)～を分離する《+名+from+名》,,
B200658,discredit,v,信用を失わせる,名誉を傷つける,,,
B200659,discriminate,v,〈自〉《～に対して》差別待遇する 《against ～》,《～間の》差異を見分ける《between ～》〈他〉AとBを見分ける《A from B》,区別する，弁別する,,
B200660,disgrace,n,〈U〉不名誉,《a disgrace》(～にとって)恥となるもの(こと),〈U〉(～に)人気のないこと,,
B200661,disguise,n,〈U〉変装,,,,
B200662,disguise,v,〈他〉《～に》～を変装させる 《as ～》,《～だと》～を見せかける 《as ～》,,,
B200663,dishonesty,n,不正直,〈C〉不正な行為,〈U〉不正,,
B200664,disillusion,v,〈人〉‘に'迷いを覚まさせる,～を幻滅させる,正気に返らせる,#NAME?,,,
B200665,dismiss,v,～を去らせる,《文》《～から》〈人〉を解雇する《from ～》,《心から》～を追い払う《from ～》,〈訴え・上訴など〉を却下する,
B200666,disorder,n,〈U〉無秩序,《しばしば複数形で》(社会的・政治的な)粉争,〈C〉〈C〉(肉体的・精神的な)不調,,
B200667,disorderly,adj,秩序のない,(群衆などが)乱暴な,風紀を乱す,,,
B200668,disorganized,adj,組織化されていない,支離滅裂な,,,
B200669,dispensable,adj,なくても済む,必ずしも必要ではない,,,
B200670,displace,v,〈他〉にとって代わる,《Aから》を強制的に退去させる,の排水量を持つ,,
B200671,displeasure,n,不満,不きげん,腹立たしさ,,
B200672,disposal,n,配置,(事件・業務などの)処置,(物の)譲渡,売却,,
B200673,disposition,n,(〈U〉〈C〉人の)気質,〈C〉(～する)傾向,〈U〉配置,〈U〉(物事の最終的な)処理
B200674,dispute,n,論争,紛争,,,
B200675,disqualify,v,〈人〉を不適格(無資格)にする,,,,
B200676,disregard,n,(～に対する)無関心,無視《+of(for)+名》,,,
B200677,disrupt,v,～を混乱させる,(一時的に)～を中断させる,,,
B200678,dissatisfaction,n,(～に対する)不満,(～という)不平《+that節》,,,
B200679,dissatisfied,adj,不満な、満足のいかない、期待外れの,,,,
B200680,dissident,n,異議を唱える人,反体制派の人,,,
B200681,distinguished,adj,目立った,抜群の,優秀な,,
B200682,distortion,n,〈C〉(話・真実・事実などを)ゆがめること,(形の)ゆがみ,〈C〉ゆがんだ(ねじれた)もの,(光の)ひずみ,
B200683,distract,v,～から)〈人〉‘の'注意(気持ち),《しばしば受動態で》〈人〉‘の'心を乱す,,,
B200684,distraction,n,〈U〉気を散らすこと,狂気,〈C〉気を散らすもの,,
B200685,distressing,adj,=[distressful],,,,
B200686,distributor,n,分配する人(物),販売会社,(エンジンの)配電器,,
B200687,diversion,n,〈U〉(ある進路・目的・用途などから)そらせること《+from+名》,〈C〉気晴らし,〈U〉注意をそらすこと,〈C〉注意をそらすもの,,
B200688,divert,v,〈他〉?を迂回させる,BからA)をそらす《A from B》,を楽しませる,,
B200689,divided,adj,分けられた,,,,
B200690,division,n,〈U〉分けること,〈C〉(分割された)部分,〈U〉(意見・感情の相違による)分裂,〈U〉割り算,〈C〉仕切り,境界線
B200691,divorce,n,〈U〉〈C〉離婚,,,,
B200692,divorce,v,〈他〉と離婚する,を離婚させる,《～から》を分離する 《from ～》,,
B200693,DNA,n,deoxyribonucleic acidディオキシリボ核酸,,,,
B200694,dock,n,〈U〉〈C〉波止場,造船,,,
B200695,domestic,adj,家庭の,国内の,,,
B200696,dominate,v,～を支配する,～‘で'優位を占める,～を見下ろす位置にある,～‘の'上にそびえ立つ,(～を)支配する,《副詞[句]を伴って》優勢である
B200697,donate,v,(～に)～を寄贈する,～に)寄贈(寄付)する《+to+名》,,,
B200698,donation,n,寄贈,寄付金,,,
B200699,donkey,n,(家畜化された)ロバ,ばか者,,,
B200700,doom,n,〈U〉(通例悪い)運命,破滅,,,
B200701,doorkeeper,n,門衛,守衛,,,
B200702,doorway,n,(家・部屋の)戸口,出入り口,,,
B200703,dorm,n,=[dormitory] ((学校などの)寄宿舎,寮.,,,
B200704,dormitory,n,《米》(大学などの)寄宿舎,共同寝室,,,
B200705,dose,n,〈C〉(おもに飲み薬1回分の)服用量,(痛いこと・いやなことの)1回分,,,
B200706,double,n,〈U〉2倍[の数量・価額など],〈C〉2倍のもの,〈C〉よく似た人(物),〈C〉(映画の)代役,《複数形》《単数扱い》(テニスなどの)ダブルス
B200707,double,v,～を2倍にする,,,,
B200708,doubly,adv,2倍に,2倍だけ,二重に,二様に,
B200709,doubt,v,〈他〉を疑う,〈自〉疑う,,,
B200710,doubtful,adj,(事が)疑わしい,(人が)疑っている,いかがわしい,,
B200711,dove,n,ハト(pigeonのうち比較的小さいもの,平和の象徴とされる),《おもに米》(平和的な態度をとる)ハト派の人(政治家,,,
B200712,down,adj,下りの,,,,
B200713,downfall,n,(富・名声・地位などの)急落,破滅(没落)の原因,降雨,,
B200714,download,n,〈U〉〈C〉ダウンロード,,,,
B200715,downsize,v,〈他〉を小型化する,を削減する〈自〉小型化する,人員を削減する,,
B200716,dowry,n,(花嫁の)持参金,,,,
B200717,draft,n,〈C〉下絵,〈C〉為替(かわせ)手形,〈C〉(特に部屋などの)すきま風,〈C〉(ストーブ・煙突の)通気,〈U〉(車などを)引くこと
B200718,drain,n,〈C〉排水設備,〈C〉(～を)消耗(枯渇)させるもの《+on+名》,〈U〉《時にa~》(富・力などの)消耗,,
B200719,drain,v,液体を)～‘から'排出する《+名+of+名》,(～から)〈液体〉を排出する《+名+from+名》,～を消耗させる,〈酒など〉を飲み干す,〈土地〉を干上がらせる,〈土地などが〉水はけがよい,(液体を)排出する《+of+名》
B200720,dramatically,adv,劇的に,非常に効果的に,,,
B200721,drapery,n,〈U〉〈C〉(優美なひだのよった)垂れ布,〈U〉優美なひだ,〈U〉《英》=dry goods,〈U〉《米》(厚地の)カーテン,
B200722,dread,v,〈他〉～を非常にこわがる,を心配する,をいやがる,,
B200723,dreadful,adj,恐ろしい,実に不快な,《話》ひどい,,
B200724,dreamy,adj,夢のような,(人が)夢見るような,夢を誘う,《俗》すばらしい,
B200725,drinkable,adj,飲める,飲用に適した,,,
B200726,droop,n,～の)うなだれている状態(様子)《+of+名》,,,,
B200727,dropout,n,(世間一般とは別の生き方を求める)脱落者,中途退学者,(ラグビーで)ドロップアウト,,
B200728,drought,n,〈U〉〈C〉干ばつ,日照り続き,,,
B200729,duel,n,決闘,(2者・2集団などの間の)闘争,決闘する,～‘と'決闘する,
B200730,dumb,adj,物の言えない,口をつぐんでいる,《名詞的にthe~》口のきけない人々,《話》頭の悪い,
B200731,duplicate,n,〈C〉写し,複製,,,
B200732,duplication,n,〈U〉複製(複写)すること,〈C〉複製した物,,,
B200733,dwarf,n,(童話の)こびと,(人間の)こびと,普通よりずっと小さい動物(植物),(対照的に)～を小さく見せる,〈植物など〉‘の'自然な成長を妨げる
B200734,dye,n,(髪・布などの)染料,染め色,,,
B200735,dynamic,adj,動力の,人・思想などが)精力的な,,,
B200736,eagerly,adv,しきりに,熱心に,,,
B200737,eagle,n,ワシ,ワシ印,ワシ印の旗,(ゴルフで)標準より二つ少ない打数,,
B200738,earnings,n,収入,(会社などの)利益,,,
B200739,ease,n,〈U〉(精神的な)気楽さ,容易さ,,,
B200740,ease,v,〈他〉〈心・体〉を楽にする,〈人〉を安心させる,,,
B200741,eastward,adv,東へ,東(東方)の(に向かう,,,
B200742,ecologically,adv,生態学的に,生態学上は,,,
B200743,ecologist,n,生態学者,,,,
B200744,economical,adj,経済的な,節約する,,,
B200745,economist,n,経済学者,,,,
B200746,ecstatic,adj,有頂天の,(～に)夢中で《+at+名》,,,
B200747,edit,n,〈C〉編集,社説,,,
B200748,edit,v,〈他〉を編集する,〈原稿など〉を校訂する,《～から》〈文章など〉を削除する《out of ～》,,
B200749,editorial,n,〈C〉社説,論説,,,
B200750,educated,adj,教育(教養)のある,知識(経験)に基づいた,,,
B200751,educator,n,教育者,教育学者,,,
B200752,effectively,adv,効果的に,有効に,事実上,,
B200753,effectiveness,n,〈U〉有効性,,,,
B200754,elect,v,〈他〉(投票で)〈議長・議員など〉を選ぶ,を選挙する,,,
B200755,elective,adj,選挙で選ばれた,選択の(=optional),選択科目,,
B200756,electrician,n,電気技師,電気工,,,
B200757,electronically,adv,電子的に,電子工学的に,電子装置を用いて,,
B200758,electronics,n,電子工学,,,,
B200759,elegance,n,優美,上品,気品,,
B200760,elegant,adj,(人・服装・デザインなどが)優雅な,みごとな,,,
B200761,elegantly,adv,優雅に,,,,
B200762,elemental,adj,自然の力による,(感情などが)自然の,基本的成分の,《古》四大(element)の,
B200763,eligible,adj,ふさわしい,適格である,資格がある,,
B200764,elite,n,《the ~》《複数扱い》えり扱きの人々,〈U〉エリート活字,,,
B200765,eloquence,n,雄弁,(優れた)演説法,,,
B200766,eloquent,adj,人が)雄弁な,(演説が)強く訴える,目などが)表情豊かな,(～を)如実に物語る《+of+名》,,,
B200767,embassy,n,〈C〉大使館,大使館員,使節団,〈U〉大使の職,
B200768,embrace,n,抱きしめる、受け入れる,,,,
B200769,emergence,n,出現,,,,
B200770,emphatically,adv,断固として,目立って,強調して,,,
B200771,employ,v,《しばしば受動態で》(～として)〈人〉を雇う(hire)《+名+as+名》,《文》(～として)〈物・能力など〉を使う(use)《+名+as+名》,《文》(～に)〈時間・精力など〉を費やす,(～の)雇用《+of+名》,
B200772,employee,n,雇われる人,従業員,,,
B200773,employer,n,雇い主,雇用者,,,
B200774,encounter,v,(偶然、思いがけなく)出合う,(問題、危険、反対などに)逢う,(困難、現実などに)直面する,(災難が)降りかかる,
B200775,endeavor,n,(～しようと)努力する,努力(effort),,,
B200776,endlessly,adv,際限なく,とめどなく,延々と,,
B200777,endorse,v,〈小切手・手形・証書など〉‘に'裏書きをする,〈意見・提案など〉を支持する,,,
B200778,endurance,n,忍耐,耐久力,,,
B200779,enduring,adj,がまん強い(patient),不朽の,,,
B200780,energy,n,〈U〉(一般的な力としての)精力,(個人の)精力,エネルギー,,
B200781,enforce,v,〈他〉〈法律など〉を実施する,,《～に》～を強要する《on》,,,
B200782,engagement,n,〈C〉《～との》約束,《～の》約束,婚約,,
B200783,engulf,v,～を飲む込む,《通例受動態で》(～に)～を飲込み《+名+in+名》、～を巻き込む,,,
B200784,enhance,v,〈他〉～の程度を高める,～の価値を高める,～を向上させる,,
B200785,enroll,v,〈人〉‘の'氏名を名簿に記入する,〈人〉を入会させる,〈氏名〉を名簿に記入する,入会する,,
B200786,enterprise,n,企業,,,,
B200787,entertaining,adj,愉快な,おもしろい,楽しい(amusing),,
B200788,enthusiastically,adv,熱狂的に,,,,
B200789,entitle,v,(本など)に表題をつける,(人)に権利を与える,,,
B200790,entrepreneur,n,〈C〉起業家,興行主,,,
B200791,environment,n,環境,《the~》自然環境,,,
B200792,environmentally,adv,環境的に,環境上,,,
B200793,environmentally friendly,adj,環境にやさしい,,,,
B200794,envy,v,～をうらやむ,ねたむ,,,
B200795,equal,n,《～と》同等の人 《of ～》,,,,
B200796,equal,v,～に等しい,,《～の点で》～に匹敵する《in》,,,
B200797,equation,n,等式,方程式,,,
B200798,equip,v,(ある目的のために必要な装備などで)〈人〉‘に'支度させる,(必要な知識・能力などを)〈人〉‘に'身につけさせる:《equip+名〈人〉+with+名+for+名～に備えて～を人に身につけさせる》,,,
B200799,equity,n,〈U〉公平,〈U〉衡平法(公平と正義の点において慣習法(common law)の不備を補う英国の法律),(米国の法律で)抵当差額,〈U〉普通株主権,《英》《複数形で》固定配分のない株式,,
B200800,erect,adj,直立した,まっすぐな(upright),,,
B200801,erupt,v,〈火山灰・間欠泉などが〉噴出する,〈争いなどが〉突然起こる,〈感情が〉爆発する,〈溶岩・熱湯など〉を噴出させる,〈怒りなど〉を爆発させる,
B200802,eruption,n,(病気・災害などの)突発,溶岩・熱湯などの)噴出,(火山の)噴出,(火山の)噴火《+of+名》,(火山・間欠泉などからの)噴出物,,,
B200803,essayist,n,随筆家,,,,
B200804,essentially,adv,本質的に,本来は,《否定構文で》必然的には,,,
B200805,estate,n,〈C〉地所,〈U〉財産,,,
B200806,estimate,n,〈C〉見積もり,評価,,,
B200807,estimated,adj,見積りの,概算の,,,
B200808,eternally,adv,永久に,絶えず,変わることなく,永遠に,いつも
B200809,ethic,n,倫理,#NAME?,,,
B200810,ethnic,adj,(共通の言語・文化・歴史を持つ)民族の,,,,
B200811,evacuate,v,～を明け渡す,から撤退する,《危険な所から安全な所へ》～を避難させる《from ～ to ～》,《文》～をからにする,《文》《～から》〈排出物〉を出す
B200812,evacuation,n,避難,《文》(容器などを)空にすること,《文》排泄(はいせつ),,
B200813,evaluate,v,〈財産・資料・能力〉～を評価する,関数などの)値を求める,,,
B200814,evaluation,n,〈U〉(物・行為などの)評価,(物の)見積り,,,
B200815,everlasting,adj,《文》永久に続く,長い間続く,(時に),永久,《the E-》神(God),
B200816,evidently,adv,明らかに,どうやら,,,
B200817,evil,adj,邪悪な,不吉な,,,
B200818,evil,n,〈U〉悪,〈C〉害悪,,,
B200819,evolution,n,〈U〉(徐々の)発展,〈U〉(生物の)進化,進化論,〈C〉(ダンス・体操などの)旋回[動作],,
B200820,evolve,v,〈他〉を徐々に発展させる,を進化させる,〈自〉徐々に発展する,進化する,
B200821,exactness,n,正確,厳密,,,
B200822,exaggerate,n,誇張,,,,
B200823,exaggeration,n,〈U〉誇張,〈C〉誇張した表現,,,
B200824,exalt,v,(高い地位に)〈人〉を昇進させる,〈人など〉をほめる,,,
B200825,examinee,n,被験者,,,,
B200826,exceed,v,〈～の限度・範囲など〉を越える,(～の点で)～‘に'まさる,～の)度を越える《+in+名(doing)》,(～に)すぐれる,
B200827,excel,v,(～の点で)～‘に'まさる,(～に)ひいでる,,,
B200828,exception,n,〈C〉《～に対する》例外《to ～》,〈U〉《～を》除外すること《of ～》,,,
B200829,exceptional,adj,例外の,非常に優れた,,,
B200830,exceptionally,adv,例外的に,非常に,,,
B200831,excessive,adj,過剰な,過大な,,,
B200832,exclaim,v,(感情が高ぶって)～を叫ぶ,(喜び・驚きなどで)叫ぶ,,,
B200833,exclamation mark,n,感嘆符 =[exclamation point],,,,
B200834,exclude,v,《～から》～を除外する 《from ～》,(可能性・疑いの余地など)を全く許さない,,,
B200835,exclusion,n,(～を～から)除外すること《+of+名+from+名》,,,,
B200836,exclusively,adv,排他的に,全く,,,
B200837,excursion,n,〈C〉(特定の目的をもった団体の)小旅行,特別割引料金の)周遊旅行,出かけること,挑戦,
B200838,execute,v,〈他〉を実行する,,《Bの罪でAの》死刑を執行する《 A for》,as B》,芸術品)を制作する,法律・契約など)を執行する
B200839,execution,n,〈U〉(命令・任務などの)実行,〈U〉〈C〉死刑執行,〈U〉(芸術品の)制作,〈U〉(遺言などの)執行《+of+名》,
B200840,executive,adj,実行の,行政上の,,,
B200841,executive,n,〈C〉行政官,(会社などの)重役,,,
B200842,exhaust,n,〈U〉排気,〈C〉排気管,,,
B200843,exhausting,adj,疲れる,消耗させる,,,
B200844,exhaustion,n,(資源・精力などを)使い果たすこと,極度の疲労,,,
B200845,exhibit,v,〈感情・性質など〉を表す,～を出品する,出品物,《米》展覧会,法律上の)証拠書類(物件)
B200846,exile,n,〈U〉亡命,流刑,〈C〉亡命者,,
B200847,existing,adj,現存する,現在の,,,
B200848,exotic,adj,外来の,異国風の,風変わりな,,
B200849,expansion,n,〈U〉拡大,〈C〉拡大されたもの,〈U〉〈C〉(数字で)展開式,
B200850,expectation,n,〈U〉《時に複数形で》(～を)期待(予期,《複数形で》(成功・幸運などの)見込み,遺産相続の見込み,,,
B200851,expected,adj,予想される,期待される,当然の,,
B200852,expedition,n,〈C〉(一定の目的をもって組織された集団が行う)遠征,〈C〉遠征隊,〈U〉《文》急速,,
B200853,experiment,v,〈自〉《～の分野で》実験する,《～を用いて》実験する《with ～》,,,
B200854,expert,adj,(特定の知識・技術に)熟達した,専門家の,,,
B200855,explode,v,〈自〉爆発する,,《怒り・笑いなどで》〈人が〉爆発する《with》,〈人口などが〉急激に増す,〈他〉〈物〉を破裂させる,〈習慣・迷信・学説など〉をくつがえす
B200856,exploit,v,〈他〉を(不当に)利用する,(資源など)を開発する,,,
B200857,explorer,n,探検家,,,,
B200858,explosive,adj,爆発の,爆発しやすい,激しやすい,,
B200859,explosive,n,爆発物,火薬,,,
B200860,export,n,〈C〉輸出品,〈U〉(～の)輸出《+of+名》,,,
B200861,export,v,(外国へ)〈商品〉を輸出する《+名+to+名》,,,,
B200862,expressive,adj,表情(表現力)の豊かな,意味深長な,,,
B200863,exquisite,adj,絶妙な,(苦痛・快感などが)強烈な,(感受性が)鋭敏で洗練された,,
B200864,extension,n,〈U〉〈C〉《～を》拡大(延長)すること,〈C〉拡大(延長)された部分,電話の)内線,,
B200865,extensive,adj,広い,広範囲の,大規模な,,
B200866,external,adj,外側の,(作用・動作などが)外側からの,,,
B200867,extract,n,〈U〉〈C〉(自然の物質から調製した)濃縮液,〈C〉(文学作品からの)引用句,,,
B200868,extract,v,《～から》〈物〉を引き抜く,《～から》〈金・情報・約束など〉を引き出す《from ～》,(圧搾・蒸留などが)《～から》〈成分など〉を絞り出す,《～から》〈喜び・慰めなど〉を引き出す,本などから)〈語句〉を抜粋する
B200869,extraordinarily,adv,非常に,途方もなく,驚くべき程,,
B200870,exultant,adj,(～に)大喜びの,勝ち誇った,,,
B200871,eyebrow,n,眉弓(びきゅう)(目の上の弓状突起部,まゆ,,,
B200872,eyelash,n,《通例複数形で》まつ毛,まつ毛の1本,,,
B200873,eyelid,n,まぶた,,,,
B200874,fabric,n,〈C〉〈U〉織物,〈U〉織り方,織地,〈U〉構造,〈U〉構造物,
B200875,fabulous,adj,伝説上の,信じられないような,《話》とてもすばらしい,,
B200876,facilitate,v,〈他〉を容易にする,を助ける,,,
B200877,facilities,n,施設,設備,,,
B200878,factor,n,(～の)要因,囲数,代理人,#NAME?,
B200879,faculty,n,,〈C〉《～の》才能《for》,(身体器官の)機能,(大学の)学部,(大学の学部の)教授団,
B200880,faint,v,(～で)気が遠くなる,気絶する《+with(from)+名》,,,
B200881,faith,n,〈U〉信頼,誠実,《～への》信仰《in ～》,〈C〉教義,
B200882,falter,v,ためらう,ためらいながら話す,よろめく,,
B200883,fame,n,名声,評判,,,
B200884,familiarize,v,《familiarize+命+with+名(doing)》,(～に)<人>を慣れ親しませる,<物事>を広める,,
B200885,fantastically,adv,異様に,空想的に,《話》とてもすばらしく,,
B200886,far,adj,《おもに文・詩》(場所が)遠くにある,(二つのうち)遠いほうの,長距離(長時間)にわたる,(政治的に)極端な,
B200887,fascinated,adj,魅了された,,,,
B200888,fascination,n,〈U〉魅惑[すること],〈C〉引き付ける力,,,
B200889,fat,n,脂肪,(動物の)あぶら身,(料理用の)油,肥満,
B200890,fatal,adj,運命の,致命的な,,,
B200891,fate,n,〈U〉運命,〈U〉(運命として定められた)最期,《the Fates》(ギリシア・ローマ神話の)運命の三女神(Clotho,～を運命づける,
B200892,father-in-law,n,義理の父,養父,舅,,
B200893,faulty,adj,欠陥のある,不完全な,,,
B200894,fear,v,～を恐れる,～を気づかう,《古》〈神など〉を恐れる,恐れる,～を)気づかう
B200895,fearsome,adj,恐ろしい,恐れている,,,
B200896,feat,n,手柄,芸当,,,
B200897,feature,v,〈他〉の特色をなす,〈自〉重要な役割を演じる,,,
B200898,fed up,adj,《～に》うんざりしている,がっかりした,不愉快な《with ～》,,
B200899,federal,adj,連邦の,,,,
B200900,feedback,n,〈U〉フィードバック,《話》《～についての》反応《about ～》,,,
B200901,fellow,adj,仲間同士の,同類の,,,
B200902,female,n,雌,(性別上の)女性,《話》女性,,,
B200903,ferryboat,n,渡し船,連絡船,,,
B200904,fiber,n,(1本の)繊維,〈U〉《集合的に》繊維,〈U〉(布の)生地,〈U〉性格,
B200905,fictional,adj,作り事の,小説の,,,
B200906,fierce,adj,(性質・行動など)凶暴な,(強さ・程度などの)激しい,,,
B200907,fighting,n,戦闘,好戦的な(warlike)戦い,(形容詞的)戦闘(用)の,,
B200908,figurative,adj,比喩(ひゆ)的な,比喩の多い,,,
B200909,file,v,〈他〉〈書類など〉をファイルに入れる,〈書類など〉を提出する,〈自〉《～を》出願する,,
B200910,filial,adj,子としての,子にふさわしい,,,
B200911,finance,n,〈U〉財政,《複数形で》財源,,,
B200912,financially,adv,財政的に,財政的にいうと,,,
B200913,fine,adv,うまく,細かく,微細に,,
B200914,fine,v,人)に罰金を科する,,,,
B200915,finely,adv,細かく,丁寧に,,,
B200916,fingernail,n,指の爪,,,,
B200917,fire,v,〈他〉〈炉など〉に燃料をくべる《up》,～に火を付ける,,〈自〉《～に向かって》〈人が〉発砲する《at》,,
B200918,fire brigade,n,#NAME?,,,,
B200919,firearms,n,火器,特に)小火器(rifle),pistolなど,,
B200920,fireplace,n,(壁に取付けた)暖炉,,,,
B200921,firmness,n,堅固,安定,断固,,
B200922,first language,n,第一言語,母語,,,
B200923,first-person,n,第一人称(英語ではIとwe),話し手が自分を指していう語,,,
B200924,firstly,adv,(事柄を列挙して)第一に,まず第一に,,,
B200925,fiscal,adj,財務の,国庫の,,,
B200926,fit,n,〈U〉適合,〈C〉(病気の)発作,(感情などの)一時的な爆発《of ～》,,
B200927,fixed,adj,固定した,(視線などが)動かない,確定した,八百長の,
B200928,flame,n,〈U〉〈C〉《しばしば複数形で》炎,〈U〉炎のような輝き,炎色,〈C〉《おもに文》(～の)(燃えるような)情熱,,
B200929,flap,v,〈帆・旗などが〉はためく,羽ばたく,〈翼など〉を羽ばたかせる,(平たくしなやかなもので)～をぴしゃりと打つ,ピシャりとたたくこと
B200930,flash,n,(花・炎などの)ひらめき,機知などの)ひらめき,(喜びなどが)急にわいてくること《+of+名》,(写真の)フラッシュ,瞬間,ニュース速報
B200931,flash,v,ぱっと光る,〈目などが〉きらりと(ぎらっと)光る,,心に)〈言葉・考えなどが〉ひらめく《+through(into)》,《副詞[句]を伴って》〈人・車などが〉さっと通り過ぎる,～をぱっと照らす,〈火・光〉をぱっと発する
B200932,flat,adv,きっかり,定額で,,,
B200933,flaw,n,〈C〉傷,《～の》欠点,,,
B200934,flawless,adj,(宝石などが)傷のない,演技・演奏などが)完全な(perfect),,,
B200935,flax,n,亜麻,亜麻の繊維(リンネルがつくられる),,,
B200936,flee,v,《～から》逃げる 《from ～》,すばやく動く,,,
B200937,fleet,n,〈C〉車両,(車・飛行機などの)隊,,,
B200938,flesh,n,〈U〉(人間・動物の)肉,肉付き,《the ~ 》肉体,,
B200939,flexibility,n,柔軟性,適応性,,,
B200940,flexible,adj,曲げられる,(人・計画などが)柔軟な,,,
B200941,flexibly,adv,柔軟に,融通が利くように,,,
B200942,flip,v,〈他〉をはじく,～をくるっとひっくり返す《over ～》,〈自〉ぽんとはじける,,
B200943,fluency,n,(弁舌などの)流ちょう,なだらかさ,,,
B200944,fluid,adj,流動性の,流体の,変わりやすい,,
B200945,flutter,v,〈旗などが〉ぱたぱたする,〈鳥などが〉羽ばたきする,〈花びら・木の葉などが〉ひらひらと散る《+down》,〈人が〉そわそわと動き回る《+about+名》,〈脈・心臓が〉速く不規則に打つ
B200946,focus,n,焦点,焦点距離(focal length),焦点整合,(活動・興味・重要性などの)焦点,楕円・放物線・双曲線などの)焦点
B200947,follower,n,SNSなどのフォロワー,後から来る人,(信仰・思想などで)人に従う人,弟子,随行者,
B200948,following,prep,～の後に,～に続いて,～の次の,～の直後に,～を受けて
B200949,folly,n,〈U〉愚かさ,〈C〉愚行,,,
B200950,fondly,adv,かわいがって,愚かにも,,,
B200951,foolishly,adv,ばかげて,愚かにも,無駄に,,
B200952,footnote,n,脚注,,,,
B200953,force,v,〈他〉〈人〉に強いる,,《～に》～を押しつける《on》,,,
B200954,forcefully,adv,力強く,,,,
B200955,foreman,n,〈C〉(工場などの)職長,陪審長,,,
B200956,foresee,v,～を予知する,,,,
B200957,forestry,n,林学,山林管理[法],,,
B200958,formation,n,〈U〉(～の)形成,〈C〉形成されたもの,〈U〉〈C〉隊形,,
B200959,formerly,adv,以前は,かつては,昔は,もとは,
B200960,formidable,adj,恐ろしい,手ごわい,恐ろしいほどの,,
B200961,forthcoming,adj,まさに来ようとしている,手近に用意されて,《話》進んで手助けする,,
B200962,foul,adj,汚い,(行為などが)邪悪な,《名詞の前にのみ用いて》(競技で)反則の,,
B200963,found,v,【動,他】～を創設する,,《～の上に》(建物など)を建てる《on》,,《～に》～の基礎を置く《on》,
B200964,fox,n,〈C〉キツネ,〈U〉キツネの皮,〈C〉《話》(キツネのように)こうかつな人,,
B200965,fragrance,n,〈U〉かぐわしさ,〈C〉芳香,,,
B200966,frame,v,〈他〉(組み合わせて)～を形作る,を組み立てる,,,
B200967,frankly,adv,率直に,あからさまに,率直に言えば,,,
B200968,frantically,adv,狂気のように,死にもの狂いで,,,
B200969,fraud,n,〈U〉詐欺,〈C〉不正行為,にせ物,ペテン師,
B200970,freak,v,《俗》(異常に)興奮する,《俗》(薬で)恐ろしい幻覚を見る,,,
B200971,free,v,〈他〉《～から》〈人・国など〉を自由にする,を解放する《from ～》,,,
B200972,friendly,adj,好意的な,友好的,役に方つ,受け入ける,,
B200973,frigate,n,フリゲート艦(対潜水艦用小型駆逐艦),昔の)木造の快速帆船(今日の巡洋艦に当たる軍船),,,
B200974,frontier,n,国境,辺境(米国の西部開拓時代の開拓地と未開拓地の境界地方),《しばしば複数形で》(学問・知識などの)最前線,,
B200975,frugal,adj,倹約な,金を掛けない,,,
B200976,fulfill,v,(命令・約束など)を果たす,(要求・希望など)を満たす,(期限・仕事など)を完了する,,
B200977,fume,n,(悪臭を放つ)煙,〈煙・ガス蒸気が〉出る,怒る,,
B200978,functional,adj,機能上の,(余分なものが無く)機能的な,(数学で)関数の,,
B200979,functionality,n,機能性,機能,,,
B200980,fundamental,adj,《～に》基本的な,根本的な,,不可欠の《to》,for ～》,
B200981,funk,n,《a ~》《話》おじけ,おくびょう者,〈物事〉‘に'おじけづかせる,怖がる,
B200982,funky,adj,(ジャズ音楽が初期の)素朴さのある,《俗》上等の,,,
B200983,furious,adj,(人が)怒り狂った,(風・スピードなどが)すさまじい,,,
B200984,furiously,adv,怒り狂って,激怒して,,,
B200985,furor,n,(怒り・反対・熱狂などで生じた)興奮状態,大騒ぎ,,,
B200986,gaiety,n,〈U〉陽気,《しばしば複数形で》お祭り(浮かれ)騒ぎ(merrymaking,〈U〉(服装の)華美,,
B200987,gambling,n,かけごと(とばく)をすること,,,,
B200988,gang,n,(人の)一団,(悪人の)一味,《話》親しい仲間,《米》(特に他のグループと争う青少年の)非行グループ,
B200989,gangster,n,犯罪組織(ギャング)の一員,,,,
B200990,gardener,n,植木屋,庭師,園丁,,
B200991,gasp,n,～に)(驚き・恐怖・怒りなどで)はっと息をのむ《+with(in)+名+at+名》,あえぐ,,～をあえぎながら言う《+名+out》,あえぎ,
B200992,gateway,n,(柵・塀についている門で開閉される)出入口,(～への)入り口,,,
B200993,gaudy,adj,(色彩などが)けばけばしい,俗っぽく派手な,,,
B200994,gaze,n,〈C〉じっと見つめること,凝視,,,
B200995,gear,n,〈C〉(動力を伝動する)歯車,〈U〉歯車装置,〈U〉(特定の機能を果たす)装置,〈U〉(ある仕事・活動のための)道具一式,～‘に'ギヤ(伝動装置)を取り付ける
B200996,generalization,n,〈U〉一般化すること,〈C〉一般的な考え(説明),,,
B200997,generalize,v,一般化する,一般原理を引き出す,帰納する,を概括する,を帰納する
B200998,generosity,n,〈U〉寛大さ,〈C〉《複数形で》寛大な(気前のよい)行為,,,
B200999,generously,adv,気前よく,寛大に,豊富に,,
B201000,genius,n,〈U〉《～における》天才《in ～》,〈C〉《～の》天才の人《in ～》,《a ~》《～に対する》才能,《単数形で》(時代・人々・言語などの)特質,
B201001,genre,n,ジャンル,,,,
B201002,gently,adv,優しく,穏やかに,,,
B201003,genuine,adj,本物の,真性の,誠実な,,
B201004,genuinely,adv,純粋に,本当に,,,
B201005,geographic,adj,地理の,地理学[上]の,,,
B201006,germ,n,細菌,植物の)胚(はい),原因,(発達の)初期,,
B201007,getaway,n,〈C〉逃走,小旅行,,,
B201008,ghetto,n,ユダヤ人街(昔ヨーロッパでユダヤ人が強制的に居住させられた),《米》スラム街,,,
B201009,giveaway,n,《a ~》(秘密などを)うっかり漏らすこと,《米》(買い気をそそるための)景品,,,
B201010,glacis,n,坂,(敵対する二つの勢力間の)中立地帯,,,
B201011,glamorous,adj,(人・物が)うっとりさせる魅力を持った,魅惑的な,,,
B201012,glare,n,ぎらぎらする光,にらみつけ,非常に目立つこと,,
B201013,gleam,n,〈C〉《～の》きらめき,《希望・感情などの》ひらめき,,,
B201014,glee,n,〈U〉歓喜,〈U〉グリー合唱曲(無伴奏の3部または4部の多声歌曲),,,
B201015,global warming,n,地球温暖化,,,,
B201016,globally,adv,世界的に,地球規模で,,,
B201017,glocal,adj,グローカル(global+localから)、地球規模かつ地域的な,,,,
B201018,gloomy,adj,暗い,気をめいらせる,憂うつな,悲観的な,
B201019,glorify,v,〈神〉をほめたたえる,～‘に'栄光を与える,～を美化する,,
B201020,glow,n,(高温の炎が出す)輝き,(色彩の)燃えるような鮮やかさ,《時にa ~》(体の)ほてり,(感情の)高まり,
B201021,goat,n,ヤギ,《米話》=scapegoat,《俗》好色家,最高( Greatest of All Time(歴史上最高の頭字語,
B201022,god,n,〈C〉(ギリシア・ローマ神話や多神教などの)神,神像,〈U〉(キリスト教など一神教の)神,,
B201023,godly,adj,信心深い,,,,
B201024,good,n,よいこと,利益,,,
B201025,goodwill,n,善意,(商店などの)信用,,,
B201026,gook,n,汚物,べとつく物,粘液,,
B201027,gorge,n,谷間,通路をふさぐ物,(胃の中の)食物,《古》のど,～を)〈自分[の腹]〉‘に'詰め込む《+on(with)+名》
B201028,gossip,v,(他人の私事などについて～と)うわさ話をする,むだ話をする《+about+名(doing)+with+名》,,,
B201029,governmental,adj,政治の,政府の,,,
B201030,gracefulness,n,優雅さ,,,,
B201031,grade,v,～を等級分けする,《米》～‘の'採点をする,〈道路など〉‘の'勾配(こうばい)をゆるくする,等級別になる,
B201032,gradual,adj,段階的な,勾配(こうばい)が)ゆるやかな,,,
B201033,grain,n,〈C〉《穀類の》粒《of ～》,〈U〉《集合的に》穀物,〈C〉《おもに否定文で》ごく少量,,
B201034,grand,adj,壮大な,威厳のある,最高の,重大な,全部の
B201035,graphically,adv,グラフィックに,グラフィックスを用いて,生き生きと,,
B201036,grasp,n,〈C〉捕まえること,理解,,,
B201037,gravestone,n,墓石,墓碑,,,
B201038,gravitation,n,引力,～に)引き寄せられること《+to(toward)+名》,,,
B201039,greatness,n,〈U〉大きいこと,偉大さ,,,
B201040,grief,n,〈U〉(～についての)深い悲しみ,〈C〉(～にとっての)悲しみのもと,,,
B201041,grieve,v,(～を)悲しむ,～を悲しませる,,,
B201042,grim,adj,(顔つき・態度などが)険しい,断固とした,《話》ぞっとする,容赦のない,
B201043,grin,n,字《～に》ニヤリと笑う《at ～》,苦痛・敵意・怒りなどで)《～に》歯をむき出す《at ～》〈C〉にやりとすること,,,
B201044,grip,n,《単数形で》(～を)しっかり握る(つかむ)こと《+on+名》,(特にスポーツ用具などの)握り方,握力,(～に対する)支配力,《単数形で》(～に対する)理解力《+on(of)+名》,道具・機械などの)握り
B201045,grip,v,～をしっかりつかむ(握る),〈人・物・事が〉〈人・関心・注意など〉をつかむ,〈人が〉〈意味・要点など〉をつかむ,,
B201046,gross,adj,全体の,粗野な,,,
B201047,growing,adj,増えている,成長中の,育っている,,
B201048,grown-up,adj,成人の,,,,
B201049,grown-up,n,成人,,,,
B201050,guarantee,v,を保証する,,,,
B201051,guard,v,〈他〉を見張る,《～から》を守る《against ～》,〈自〉《～に備えて》警戒する《against ～》,,
B201052,guerrilla,n,ゲリラ兵,遊撃兵,,,
B201053,guideline,n,〈C〉《～の》指針,,ガイドライン《of》,for ～》,,
B201054,gulp,n,〈C〉《～を》ごくりと飲むこと,ごくりと飲む音(量)《of ～》,,,
B201055,gum,n,〈U〉ガム,ゴムのり,チューインガム,目やに,
B201056,gunshot,n,〈C〉射撃,〈U〉着弾距離,,,
B201057,guts,n,元気,勇気,胆力,,
B201058,gymnastic,adj,体操の,体育の,,,
B201059,habitant,n,住民,,,,
B201060,hail,v,～を歓呼して迎える,～に挨拶する,雹(ひょう)が降る,称賛する,熱狂的な挨拶
B201061,hairy,adj,毛深い,困難な，難しい,,,
B201062,hammer,v,金づち・こぶしなどで)～をこつこつとたたく(打つ)《+名+with+名》,,～をつちでたたいて作る《+名+out》,,,
B201063,handicap,n,ハンディキャップ(競技などで全員に優勝の機会を与えるため優者(劣者)につける不利(有利)な条件,ハンディキャップつきの競技(競争),(一般に)不利の条件,～を不利な地位に置く,競技などで)〈優者〉‘に'ハンディキャップをつける
B201064,handicraft,n,〈C〉《通例複数形で》(編物などの)手芸,手細工，手芸，手仕事,〈U〉手先の器用さ(熟練),〈C〉手芸品,
B201065,handout,n,〈C〉(こじきなどに与える)施し物,商品案内,(広告主・政府機関などが新聞社へ渡す)新聞発表,(学会などで資料として配布する)印刷物,
B201066,handrail,n,手すり,欄干,,,
B201067,hang,n,こつ,掛かりぐあい,,,
B201068,hard drive,n,ハードドライブ,ハードディスクドライブ,固定磁気ディスク装置,,
B201069,hardware,n,《集合的に》金物類,ハードウエア(電子計算機の機械部分),,,
B201070,harm,n,〈U〉害,悪意,不都合,,
B201071,harmless,adj,無害の,悪意のない,,,
B201072,harrow,n,まぐわ(農具の一種),,,,
B201073,haste,n,急ぎ(hurry),あわてること,,,
B201074,hastily,adv,急いで,あわてて,,,
B201075,hatching,n,線影を引くこと,,,,
B201076,haunt,v,～にしばしば行く,(幽霊などが)～に出没する,〈考え・思い出などが〉〈人・人の心〉に付きまとう,,
B201077,haunting,adj,絶えず心に浮かぶ,,,,
B201078,hay,n,干し草(家畜の飼料),,,,
B201079,hazardous,adj,危険な,冒険的な,,,
B201080,headquarters,n,本部,《会社の》本社,,,
B201081,healthcare,n,ヘルスケア、健康管理,,,,
B201082,heap,n,〈C〉(積み重なった物の)山,,《米方》《英語》《a ～》,《複数形で》《副詞的に》《話》非常に,,
B201083,heap,v,～を積み上げる,(～を)～‘に'山と積む《+名+with+名》,,,
B201084,heartbreaking,adj,(物事が)胸も張り裂けんばかりの,飽き飽きする,,,
B201085,heartwarming,adj,心暖まる,,,,
B201086,hedge,n,〈C〉生垣,境界,《～に対する》保護手段《against ～》,,
B201087,helicopter,n,ヘリコプター,,,,
B201088,hell,n,〈U〉死者の国,〈U〉《しばしばH》地獄,〈U〉〈C〉地獄のような場所(状態),〈U〉《時にa~》苦労(悩み)の種,〈U〉《乱暴な強意語として
B201089,helper,n,仕事などを)助ける人(物),手伝う人,助手,,
B201090,hemp,n,麻,麻の繊維,麻から採れる薬品(ハッシッシなど),,
B201091,herb,n,草,薬用(香料)植物,,,
B201092,heritage,n,世襲財産,祖先から伝えられたもの,,,
B201093,hesitation,n,ためらい,迷い,,,
B201094,highlight,n,〈C〉(絵画・写真などの)最も明るい部分,(事件・勝負・ニュースなどの)最も目立つ部分 見所,,,
B201095,high-tech,adj,高度な技術を使用した、ハイテクな,,,,
B201096,hijack,n,ハイジャック事件,,,,
B201097,hijack,v,〈輸送中の貨物〉を盗む,〈運行中の飛行機など〉を乗っ取る,,,
B201098,hilarious,adj,とてもおかしい,陽気に騒ぐ,,,
B201099,hint,n,ほのめかし、ヒント,,,,
B201100,holder,n,〈C〉保持者,支える物,,,
B201101,hollow,adj,空洞のある,へこんだ,落ちくぼんだ,(音・声が)低くこもった,実質(内容)のない
B201102,holocaust,n,特に火による)大虐殺・全燔(はん)祭の供物(ユダヤ教で獣を丸焼きにしていけにえとする)・全焼死・[the H] (第二次大戦中のナチスによる)ユダヤ人の大量虐殺,,,,
B201103,homeward,adj,自分の家(国)の方へ,,,,
B201104,hone,n,砥石(特にかみそり用),,,,
B201105,honor,v,〈他〉を尊敬する,～に名誉を与える,〈契約など〉を遵守する,,
B201106,honorable,adj,(道徳的に)りっぱな,名誉(栄光)をもたらす,身分の高い,栄誉をもってなされる,
B201107,hood,n,顔以外の頭と首をおおう)フード、ずきん、フード状のもの、(学位の表章としての)大学式服の背後垂れ布、(タカ狩り用のタカ・馬の)頭おおい、(コブラの)唐傘状の頸部(けいぶ)、(馬車・うば車などの)ほろ、(煙突の)かさ、(炉の)ひさし、(タイプライターなどの)おおい,,,,
B201108,hook,n,〈C〉掛けくぎ,留め金,,,
B201109,hook,v,〈他〉(かぎなどで)～を引っ掛ける,〈自〉引っ掛かる,,,
B201110,hospice,n,(特に僧院に付属している参拝者・巡礼者の)宿泊所,(病人・貧困者などの)収容所,,,
B201111,hospitable,adj,(人が)もてなしのよい,(もてなし・応対などが)手厚い,《補語にのみ用いて》心広く受け入れる,,
B201112,hospitality,n,〈U〉(客や他人に対する)親切なもてなし,〈C〉もてなす心,,,
B201113,hospitalize,v,〈人〉を入院させる,,,,
B201114,hourly,adj,1時間の,1時間ごとの,絶え間のない,,,
B201115,housekeeper,n,主婦,家政婦,(ホテルなどの)掃除婦がしら,,,
B201116,housemaster,n,(男子寄宿舎の)舎監,寮長,,,
B201117,housewife,n,家庭の主婦,《おもに英》針箱,,,
B201118,hover,v,〈鳥・ヘリコプターなどが〉空に浮かぶ,(,～の上を)舞う《+about(above》,〈人などが〉(～の周辺を)うろつく,(～の間の)さまよう,,
B201119,hug,n,(特に愛情の印としての)抱擁,,,,
B201120,hugely,adv,大いに,とても,非常に,,
B201121,human rights,n,人権(発言・行動・労働などの自由を保障する権利),,,,
B201122,humane,adj,慈悲深い、人道的な、思いやりのある,,,,
B201123,humanist,n,人文主義者,古典文学研究者,,,
B201124,humanize,v,～を人間化する,～を人間らしく(人情味があるように),,,
B201125,humble,adj,(身分・質などが)低い,控え目な,素朴な,,
B201126,humbug,n,〈U〉〈C〉詐欺,〈C〉詐欺師,〈C〉《英》ハッカ入りの糖果,,
B201127,humiliate,v,〈人〉の自尊心を傷つける,～に恥ずかしい思いをさせる,,,
B201128,humiliating,adj,不面目な,屈辱的な,,,
B201129,humiliation,n,辱めること,辱めを受けること,〈C〉辱め,,
B201130,hunting,n,狩り,追求,,,
B201131,hush,v,(特に騒ぎ・騒音のあとの)静けさ,～を静かにさせる,静かにする,シーッ,
B201132,hybrid,adj,雑種(混成)の,,,,
B201133,hygiene,n,〈U〉衛生,衛生状態,,,
B201134,hyperbole,n,誇張法,〈C〉誇張表現(語句)(I'm starving!「おなかがぺこぺこだ」など,,,
B201135,hyphen,n,ハイフン,#NAME?,,,
B201136,iceman,n,氷屋,氷配達人,,,
B201137,icon,n,像,(ギリシア教会の)聖画像,,,
B201138,icy,adj,氷の,氷のように冷たい,冷淡な,,
B201139,ideally,adv,理想的に,観念的に,,,
B201140,identical,adj,《～と》同一の,等しい,そっくりの,,
B201141,identification,n,〈U〉同一であることの確認(証明),身分証明書,,,
B201142,identify,v,"〈他〉〈人・物〉を見分ける,",《～と》を同じものと考える,,,
B201143,ideology,n,〈C〉イデオロギー(社会・政党などが持つ典型的な思考形態),〈U〉《軽蔑して》空理,,,
B201144,idiot,n,(3‐4歳以下の知能しかない)白痴,《話》ばか(fool),,,
B201145,idle,adj,働いていない,怠惰な,無駄な,,
B201146,idolize,v,～を偶像化する,～を盲目的に崇拝する,,,
B201147,ignorance,n,無学,(～を)知らないこと《+of+名》,,,
B201148,ignorant,adj,(人が)知識がない,《補語にのみ用いて》知らない,《話》(行為などが)無知から起こる,,
B201149,illustrate,v,を説明する,の例証として役立つ,に図解を入れる,,
B201150,illustration,n,〈C〉(説明などのための)例,〈U〉(実例・図版・表などによる)(～の)説明,〈C〉挿絵,,
B201151,imagery,n,《集合的に》像,文学における)比喩(ひゆ)的表現,,,
B201152,imitation,n,〈U〉(～を)見習うこと,(～の)まねをすること,〈C〉(～の)物まね,〈C〉模造品,,
B201153,immerse,v,(水・液体に)～を浸す,仕事などに)〈自分〉を没頭させる《+oneself+in+名(doing)》,,,
B201154,immigrant,n,〈C〉(外国からの)移住者,帰化植物,,,
B201155,immoral,adj,不道徳な,わいせつな,,,
B201156,immortal,adj,不死の,永遠の名声を持つ,,,
B201157,immortality,n,不死,不朽の名声,,,
B201158,impartial,adj,片寄らない,公平な(fair),,,
B201159,impatiently,adv,いらいらして,性急に,,,
B201160,imperative,n,〈C〉命令,〈U〉命令法,,,
B201161,impermanent,adj,永続しない,一時的な,,,
B201162,implement,n,道具,手段,,,
B201163,implement,v,実行する,実施する,実装する,,
B201164,implication,n,〈U〉巻き添え,〈U〉〈C〉含蓄,裏の意味,意味
B201165,imply,v,～をほのめかす,～の意味を含む,,,
B201166,impolite,adj,無作法な,無礼な,,,
B201167,impolitely,adv,無礼にも,,,,
B201168,import,v,(～から)～を輸入する《+名+from+名》,《文》'を意味する,,,
B201169,impose,v,《～に》(重荷・税金など)を課する,(考えなど)を押しつける,《～に》つけこむ,,
B201170,impossibility,n,〈U〉不可能,(～が)不可能であること《+of+名(doing)》,〈C〉不可能なこと,,,
B201171,impractical,adj,実用的でない,実際的でない,良識(分別)のない,,
B201172,impressed,adj,印象付けられて,感動して,感心して,感銘を受けて,さすがだと思う
B201173,impressionism,n,(絵画・音楽における)印象主義,,,,
B201174,impressionist,n,印象主義者,印象派の画家(作家),,,
B201175,imprison,v,～を投獄する,～を監禁する,,,
B201176,imprisonment,n,投獄,監禁,懲役,,
B201177,improbable,adj,ありそうもない,ほんとうらしくない(unlikely),,,
B201178,improperly,adv,不適当に,無作法に,,,
B201179,improved,adj,進歩した,向上した,改善された,,
B201180,impulse,n,〈U〉〈C〉(心の)衝動,〈C〉衝撃,,,
B201181,impulsive,adj,(人・行動などが)衝動的な,推進力のある,,,
B201182,inaccurate,adj,不正確な,まちがった,,,
B201183,inadequate,adj,不十分な,不適切な,,,
B201184,inanimate,adj,生命のない([lifeless]),生気のない,,,
B201185,inborn,adj,生まれつきの,先天的な,,,
B201186,incense,n,香,香煙,(一般に)良いかおり,,
B201187,incentive,n,刺激,動機,誘因,,
B201188,inch,v,～を少しずつ動かす,少しずつ動く,,,
B201189,incur,v,(損害・非難・危険など)を招く,をこうむる,,,
B201190,incurable,adj,(病気などが)不治の,(人が)直しようがない,,,
B201191,indebted,adj,～に対して～の)借金(負債)がある《+to+名+for+名》,(～に対して～の)恩義を受けている《+to+名+for+名》,,,
B201192,indent,v,～‘に'ぎざぎざをつける,～を字下がりにする(行をかえるとき1字下がりにする),《英》～を[公式の]注文書で注文する,,
B201193,independently,adv,独立して,単独で,,,
B201194,indescribable,adj,言葉では言い表せない,言語に絶する,,,
B201195,index,n,(本・雑誌などの)索引,図書目録,指し示すもの,(計器などの)指針,指数・虜,《the I-》(カトック教会の)禁所目録
B201196,indifferent,adj,(人が)関心のない,よくも悪くもない,,,
B201197,indignity,n,〈U〉軽べつ(侮辱)すること,〈C〉軽べつの言葉(行為,〈U〉面目のないこと,〈C〉面目のない行為,,,
B201198,indispensable,adj,欠くことのできない,絶対に必要な,,,
B201199,individual,n,(全体に対する)個人,《話》《形容詞と共に用いて》(～な)人,,,
B201200,indulge,v,〈欲望など〉を満足させる,〈人〉の思いのままにさせる,〈子供など〉を甘やかす,《～に》ふける,欲望などを)満足させる
B201201,indulgent,adj,気ままな,寛大な,,,
B201202,industrialize,v,～を産業化する,工業化する,,,
B201203,ineffective,adj,効果のない,役に立たない,,,
B201204,inert,adj,(物質・物体が)活動する力がない,化学作用を起こさない,鈍い,,
B201205,inexperienced,adj,経験のない,未熟な,不慣れな,,
B201206,infant,n,(1歳未満の)乳児,《英》(普通7歳未満の)学童,未成年者,,
B201207,infect,v,〈他〉感染させる、影響を及ぼす,,,,
B201208,infected,adj,(病原体に)感染した,(傷口などが)化膿した,《コ》ウイルスに感染した,,
B201209,infectious,adj,(病気が)伝染する,(影響などが)感化しやすい,,,
B201210,infer,v,〈他〉を推論する,を推量する,,,
B201211,inference,n,〈U〉推量,〈C〉推量の結果,,,
B201212,inflammation,n,〈U〉〈C〉炎症,〈U〉点火,〈U〉興奮すること,,
B201213,inflammatory,adj,炎症を起こす,憤激させる,,,
B201214,inflate,v,(空気・ガスなどで)～をふくらます《+名+with+名》,〈物価・株式など〉を釣り上げる,〈通貨〉を膨張させる,(誇り・満足などで)〈人〉を慢心させる《+名+with+名》,ふくらむ,
B201215,inflation,n,インフレーション,ふくらますこと,ふくらんだ状態,,
B201216,influence,v,～‘に'**影響を与える**,を左右する,,,
B201217,influential,adj,有力な,勢力のある,,,
B201218,influenza,n,インフルエンザ,流行性感冒,,,
B201219,informal,adj,正式でない,打ち解けた,口語体の,,
B201220,infringe,v,〈他〉〈権利〉を侵害する,〈自〉侵害する,,,
B201221,infringement,n,(法律・規約・商標・版などに対する)侵害,違反,,,
B201222,inhabit,v,～‘に'住む,居る,,,
B201223,inherit,v,〈他〉《～から》を相続する,のあとを継ぐ,〈自〉財産を相続する,,
B201224,initial,adj,最初の,語頭にある,,,
B201225,initiative,n,取り組み,主導権,自主性,,
B201226,injection,n,〈U〉〈C〉注射,〈C〉注射液,,,
B201227,injured,adj,(身体が)傷つけられた,(感情・名声などが)傷つけられた,,,
B201228,innate,adj,生得的な,生まれつきの,,,
B201229,innocently,adv,無邪気に,罪なく,,,
B201230,innovation,n,〈U〉革新,〈C〉新機軸,,,
B201231,innovative,adj,革新的な,創造力に富んだ,,,
B201232,input,n,〈U〉(機械・電気などの)入力,インプット,意見,,
B201233,inquire,v,〈他〉を尋ねる,問う〈自〉尋ねる,問い合わせる,,
B201234,inseparable,adj,分けられない,分離できない,,,
B201235,inside,adj,内部の,秘密の,(野球で)内角の,,
B201236,inside,n,《the~》(物事の)内部,《しばしば複数形で》《話》おなか,,,
B201237,inspect,v,～を検査する,(公式に)～を視勅する,,,
B201238,inspector,n,〈C〉視察官,警部,,,
B201239,inspirational,adj,霊感の、鼓舞的な,,,,
B201240,instantly,adv,ただちに,～するやいなや(as soon as),,,
B201241,instill,v,(人・心に)〈思想・感情など〉をしみ込ませる,〈液体〉を1滴ずつたらす,,,
B201242,instinct,n,〈U〉本能,〈C〉《～に対する》(生まれつきの)才能,,,
B201243,institution,n,〈U〉設立,慣例,公共機関,施設,
B201244,instruct,v,～‘に'知識(情報),〈人〉‘に'指示する,,,
B201245,insufficient,adj,不十分な,,,,
B201246,insult,n,《～に対する》侮辱,侮辱的な言動《to ～》,,,
B201247,insult,v,〈他〉〈人・物など〉を侮辱する,をはずかしめる,,,
B201248,integrate,v,〈他〉《～に》を統合する,(学校など)の人種差別をなくす,,,
B201249,intellectual,adj,知的な,理性的な,,,
B201250,intellectual,n,〈C〉知識人,インテリ,,,
B201251,intent,adj,(目・心など)一心に向けた,意図、考え,,,
B201252,interactive,adj,相互に作用し合う,相互作用の,対話型の,,
B201253,interfere,v,,《～に》干渉する《in》,《仕事・状況などの》妨げとなる《with ～》,妨害する,,
B201254,interior,n,〈C〉室内,内部,内陸部,,
B201255,interpersonal,adj,人と人との間の,人間関係の,,,
B201256,interpret,v,～を解釈する,を通訳する,通訳する,,
B201257,interpretation,n,〈U〉《～の》解明,《芸術作品・夢などの》解釈《of ～》,通訳,,
B201258,interpreter,n,〈C〉通訳,音楽・劇などの)解説者,インタープリタ,,
B201259,interruption,n,〈U〉〈C〉(～の)じゃま,〈C〉妨害する物,さえぎる物,,,
B201260,intersection,n,〈C〉(特に道路の)交差点,〈U〉交差,,,
B201261,intimate,adj,たいへん親しい,個人的な(private),(理解・知識などについて)身近によく知っている,親友,
B201262,intransitive,adj,自動詞の,,,,
B201263,intravenous,adj,静脈内の,,,,
B201264,intrude,v,,〈自〉《～の》邪魔をする《on》,《～に》侵入する,〈他〉《～に》～をむりに押しつける,,
B201265,intruder,n,侵入者,出しゃばり,,,
B201266,intrusion,n,(意見などを人に)押しつけること《+of+名+upon+名》,～の)邪魔をすること,(～を)侵害すること《+on(upon)+名》,,,
B201267,invariable,adj,不変の,一定の,,,
B201268,invariably,adv,いつも変わらずに,必ず,常に,,
B201269,inventor,n,(～の)発明者,考案者《+of+名》,,,
B201270,inverted comma,n,逆カンマ,,,,
B201271,investigate,v,(注意深く)〈問題・事件など〉を調べる,(～を)調査する《+into+名》,,,
B201272,investigator,n,〈C〉調査者,捜査員,,,
B201273,investment,n,〈U〉〈C〉(～を～へ)投資すること,〈C〉(～への)投下資本,〈C〉投資の対象,,
B201274,investor,n,投資者,,,,
B201275,invisible,adj,目に見えない,(～に)見えない《+to+名》,,,
B201276,invitingly,adv,気をそそるように,,,,
B201277,invoke,v,〈他〉(救いを求めて)(神)に呼びかける,～を懇願する,(悪魔など)を呼び出す,(法律など)に訴える,プログラムなど)を起動させる
B201278,involvement,n,〈U〉《～への》関与,〈U〉〈C〉《～への》熱中,,
B201279,ironically,adv,皮肉に,反語的に,,,
B201280,irrational,adj,理性のない,理性に反する,,,
B201281,irresistible,adj,抵抗できない,非常に魅力的な,,,
B201282,irresistibly,adv,抵抗できないほどに,いやおうなく,,,
B201283,irresponsible,adj,(人・行為・意見などが)無責任な,(人が)責任のない,,,
B201284,irritated,adj,炎症を起こして,イライラした,,,
B201285,irritating,adj,いらだたせる,,,,
B201286,irritation,n,〈U〉いらだち,立腹,〈C〉炎症,,,
B201287,islander,n,島の住民,,,,
B201288,issue,v,〈自〉《～から》出てくる《from ～》,〈他〉〈雑誌など〉を発行する,,,
B201289,italicize,v,～をイタリック体活字で印刷する,,,,
B201290,itch,v,〈人・体の一部が〉かゆい,《しばしば進行形で》むずむずする,,,
B201291,jam,v,,〈他〉《～に》を押し込む《into》,《～で》をぎっしりふさぐ《with ～》,〈自〉〈物が〉つかえる,,
B201292,jaw,n,〈C〉(上・下の)あご,《複数形で》口,〈C〉下あごのかっこう(感じ),《複数形で》あごに似た物,(谷・海峡などの)狭い入口,〈U〉《話》おしゃべり,(長い)お説教
B201293,jealously,adv,嫉妬深く、嫉妬して、油断なく、用心深く,,,,
B201294,jeopardize,v,〈人・人の生命など〉を危険にさらす,,,,
B201295,jeweler,n,宝石商,宝石細工,,,
B201296,jog,n,軽い揺さぶり(つつき),てくてく(ことこと)歩き,(馬の)緩歩(jog trot,,,
B201297,joint,n,〈C〉関節,継ぎ目,,,
B201298,journalism,n,ジャーナリズム(新聞雑誌・テレビなど報道業,その世界),《集合的に》新聞雑誌,(大学の)新聞学科,新聞雑誌[向き]の文[章],
B201299,judo,n,柔道,,,,
B201300,jump,n,〈C〉跳ぶこと,〈C〉(跳び越さねばならぬ)障害物,〈C〉一跳びの幅(高さ),〈C〉(驚き・恐怖などで)ぎくっと(ぎょっと)すること,《the ~s》《話》神経的な震え
B201301,junk food,n,栄養価は低いがカロリーの高い既製食品(ポテトチップ・ポップコーンなど),,,,
B201302,juror,n,陪審員,,,,
B201303,jury,n,〈C〉陪審,コンテストなどの)審査員,,,
B201304,justify,v,正当化する,弁明する,,,
B201305,kangaroo,n,カンガルー,,,,
B201306,karaoke,n,カラオケ,,,,
B201307,keen,adj,(刃物などが)鋭い,(寒さなどが)厳しい,(痛みなどが)激しい,(感覚・判断力などが)鋭敏な,《be ~ to do》 〈人が〉～したいと切望して
B201308,keeper,n,《しばしば複合語を作って》守る人,店主,,,
B201309,kerosene,n,灯油(《英》paraffin)[oil],,,,
B201310,keystroke,n,キーストローク,,,,
B201311,kneel,v,(～に)ひざまずく,ひざをつく《+down on+名》,,,
B201312,knot,n,結び目,(リボンなどで作った)飾り結び,人・物の,(板・木材の)節,困難(difficulty)
B201313,knowingly,adv,知りながら,知ったかぶりをして,,,
B201314,known,adj,knowの過去分詞,名高い,,,
B201315,label,n,(品名・製造元などを示す)はり札,(団体・運動・政党支持者などの特徴を示す)短い文句,～‘に'ラベルをはる,,
B201316,laborer,n,労働者,勤労者,,,
B201317,lack,v,《受動形にはできない》～を欠く,《～になるまでに》～だけ不足する《of [being] ～》,,,
B201318,lame,adj,びっこの,(議論・説明などが)貧弱な,(身体の一部が)かたく凝った,,
B201319,lance,n,槍騎兵(そうきへい)が突撃のときに使う)やり,(魚を突く)やす,槍騎兵(=lancer),#NAME?,～をやりで突く
B201320,landing,n,上陸,(貨物の)陸揚げ,またlanding place)着陸(上陸)場,(階段の)おどり場,
B201321,landlady,n,女性の家主,(旅館・下宿などの)女主人,家主の妻,,
B201322,landslide,n,〈C〉地すべり,〈U〉地すべりした土砂,〈C〉(選挙の)地すべり的大量得票,,
B201323,lap,n,ひざ(座ったときの大腿部の上からひざがしらまでの部分),(スカートなどの)ひざの部分,《比喩(ひゆ)的に》責任,安楽な場所,
B201324,laptop,n,〈C〉ラップトップ型コンピュータ,ノートパソコン,,,
B201325,lark,n,ヒバリ,,,,
B201326,laser,n,レーザー(強力な可視光線を発生させる),医療,,,
B201327,last minute,n,ぎりぎりの瞬間,土壇場,,,
B201328,lastly,adv,最後に,結局,,,
B201329,last minute,adj,どたん場の,締切りまぎわの,,,
B201330,later,adj,《補語にのみ用いて》(人などが)(～するのが)もっと遅い《+in+名(doing)》,(時刻・時期が)もっと遅い,,,
B201331,latter,adj,(ある期間のうち)後半の,後のほうの,,,
B201332,laundry,n,《集合的に》洗濯[物],〈C〉クリーニング屋,洗濯室(laundry room)《形容詞的に》,,
B201333,lava,n,(火山から噴出する高温の)溶岩,(すでに冷えた)火山岩,,,
B201334,lawmaker,n,立法者,議員(legislator),,,
B201335,lawn,n,〈C〉芝生,芝生地,,,
B201336,lawsuit,n,〈C〉《～に関する》(民事)訴訟,over ～》,,,
B201337,layabout,n,なまけ者,,,,
B201338,leaflet,n,(広告などの)ちらし,(とじてない)パンフレット,小さい(若)葉,(植物の複葉を構成する)小葉,,
B201339,leak,n,〈U〉〈C〉(水・空気・ガス・光などが)漏れること,〈C〉漏れ口,〈C〉(秘密などの)漏えい《+of+名》,,
B201340,leak,v,〈船・屋根・容器などが〉漏る,～から,〈秘密などが〉漏えいする《+out》,〈水・空気・ガス・光など〉を漏らす,～に)〈秘密など〉を漏らす《+名+to+名》
B201341,lean,v,〈建物などが〉傾く,上体を曲げる,,《～に》もたれる 《on》,,《～のことで～に》頼る 《on》,〈体・頭など〉を曲げる
B201342,leap,n,跳ぶこと,ひと跳びの距離,,,
B201343,learning,n,(～を)学ぶこと,学問,,,
B201344,lease,n,〈C〉賃貸借契約,借用期間,,,
B201345,leash,n,(犬などをつなぐ)皮ひも,〈犬など〉を皮ひもなどでつなぐ,,,
B201346,least,pron,最小,最小限の物事,,,
B201347,lecturer,n,〈C〉《～の》講演者《in ～》,(大学の)講師,,,
B201348,leek,n,ニラ,西洋ネギ,,,
B201349,legend,n,〈C〉伝説,〈C〉伝説上の人物,〈C〉(メダルなどの)題銘,〈C〉(地図・図表などの)説明,
B201350,legendary,adj,伝説の,有名な,,,
B201351,legislate,v,法律を制定する,(～を)法律で禁止する《+against+名(doing)》,～を立法する,,,
B201352,legislation,n,〈U〉法律,法律制定,,,
B201353,legislative,adj,立法の,,,,
B201354,legislator,n,法律制定者,立法府(国会・州議会)議員,,,
B201355,legislature,n,〈C〉《the ~》立法府,立法機関  《米》州議会,,,
B201356,legitimate,adj,合法的な,論理的な,正当な,嫡出の,正統の
B201357,leisurely,adv,ゆっくりと,悠長に,のんびりと,ゆるゆると,
B201358,lengthen,v,～を長くする,長くなる,,,
B201359,lengthy,adj,非常に長い,(話・文章などが)長すぎる,,,
B201360,leopard,n,ヒョウ,,,,
B201361,lest,conj,～しないように,《fear,,,
B201362,level,v,〈物の表面〉を平らにする,,,,
B201363,liberal,adj,(政治・宗教上の)自由主義の,寛大な,気前がよい,(物が)豊富な,翻訳などが)字句通りでない
B201364,lick,v,(舌で)～をなめる,〈炎・波などが〉～をなめる,《話》～をぶんなぐる,《話》～を打ち負かす,全速力で進む
B201365,lid,n,〈C〉ふた,まぶた,,,
B201366,lifeless,adj,生命のない,死んだ,生物のいない,活気のない,
B201367,lifetime,n,〈C〉生涯,一生,,,
B201368,lighten,v,～を明るくする,〈顔・目など〉を輝かせる,明るくなる,〈表情が〉明るくなる,《itを主語にして》稲光がする
B201369,lighting,n,照明,照明方法(装置),,,
B201370,likewise,adv,《かたく》同様に,《かたく》～もまた,さらに,《話》同様です,
B201371,limb,n,動物の)手足,(鳥の)翼,(木の)大枝,,,
B201372,line,v,〈他〉(材料で)〈着物など〉に裏を付ける,《～で》～を満たす,,,
B201373,linen,n,リネン,《しばしば複数形で,単数扱い》リネン製品(特に敷布),リネンノ,リネン製の,,
B201374,liner,n,裏地,裏打ち(裏ばり)する人(道具,,,
B201375,ling,n,ギョリュウモドキ(エリカに似た観賞用植物),,,,
B201376,linger,v,(ぐずぐずして)なかなか立ち去らない《on》,〈病人が〉(危篤状態で)生き続ける《on》,なかなか無くならない《on》,《～に》手間どる《over ～》,
B201377,list,v,〈他〉を表にする,を名簿に載せる,,,
B201378,listener,n,耳を傾ける人,(ラジオ)聴取者,,,
B201379,literal,adj,直訳的な,文字通りの,正真正銘の,,
B201380,literally,adv,文字通りに,,,,
B201381,litter,n,〈U〉散らかったくず,〈C〉(動物の)一腹の子《of ～》,,,
B201382,living,n,〈U〉生存,生活状態,,〈U〉《a~》,《the~》《複数扱い》生きている人々,,
B201383,load,v,〈他〉《～を》〈車・船など〉に積む《with ～》,〈荷など〉を積む,,,
B201384,loan,n,〈U〉《～の》貸し付け《of ～》,〈C〉貸付金,,,
B201385,lobby,n,ロビー(公共的建物・ホテルの玄関から部屋へ行くまでの間の広間または廊下),《《米》単数・複数扱い》(院外の)圧力団体,英国で,下院で議案裁決のとき,議員が院外者との会見に用いる議事堂の)ロビー
B201386,loneliness,n,〈U〉寂しさ,孤独,,,
B201387,long-distance,adj,長距離の,《米》長距離電話の,長距離電話で,,
B201388,long-term,adj,長期の,長い目で見ての,,,
B201389,loosely,adv,緩く,大ざっぱに,だらしなく,不身持ちに,,
B201390,lousy,adj,シラミのたかった,《話》いやな,《話》(～が)うんざりするほどある,(～で)いっぱい《+with+名》,,
B201391,lower,v,(～に向かって)顔をしかめる,〈空模様が〉険悪になる,しかめっつら,険悪な空模様,
B201392,lowland,n,〈U〉〈C〉低地,《the Lowlands》スコットランド南東部の低地地方,,,
B201393,lucrative,adj,利益が上がる,もうかる,,,
B201394,lush,adj,(草木が)生い茂った,《話》豊富な,,,
B201395,luxurious,adj,ぜいたくな,快楽にふける,,,
B201396,luxury,adj,豪華な,ぜいたくな,,,
B201397,lyric,n,叙情詩,《複数形で》《特に歌謡曲の》歌詞,,,
B201398,madam,n,《未婚・既婚を問わず婦人に対するていねいな呼び掛け》《しばしばM-》奥様,《まれ》《一家の主婦を表すていねいな三人称として》奥様,(女性の姓または肩書きの前につけて)～夫人,売春宿の女主人,
B201399,madame,n,〈U〉《M-》～夫人,〈C〉既婚のフランス婦人,,,
B201400,madness,n,狂気,狂気のさた,(～に対する)熱狂,,,
B201401,maestro,n,大音楽家,大指軌者,,,
B201402,magnify,v,〈レンズなどが〉～を拡大する,〈危険・問題など〉を誇張する,〈レンズなどが〉物を拡大して見せる,,
B201403,major,n,《米》専攻科目,専攻学生,《しばしばM-》陸軍(空軍)少佐,,,
B201404,make,n,作ること,(製造物の)型,生産量,(人の)タイプ,製造者
B201405,malady,n,《文》疾病,(社会の)病弊,,,
B201406,malaria,n,(またswamp fever)マラリア,《古》毒気,,,
B201407,mama,n,《小児語》おかあちゃん(mother),,,,
B201408,mango,n,マンゴー,その果実(南洋産の常緑高木で果実は美味),,,
B201409,manipulate,v,〈道具類〉を巧みに扱う(動かす),〈人・世論など〉を巧みに操る,(自分の利益のために)～をごまかす,,
B201410,mansion,n,(豪壮な)大邸宅,(領主・地主の)邸宅,《通例M‐》《複数形で》《英》マンション(貸しアパートから成る大きなビル),,
B201411,manual,adj,手でする,手細工の,,,
B201412,manual,n,便覧,(オルガンの)けん盤,,,
B201413,manufacture,n,〈U〉製造,〈C〉製品,,,
B201414,manufacture,v,〈他〉を製造する,,,,
B201415,manufacturer,n,〈U〉(大規模な)製造業者,,,,
B201416,manufacturing,n,製造,製造業,,,
B201417,marathon,n,またmarathon race)《しばしばM-》マラソン競走(標準距離は42.195km),(一般に)長距離競争,耐久競争,,,
B201418,margin,n,へり,(ページの)余白,(可能の)限界,(空間・時間・経費・活動などの)余裕,利鞘
B201419,marketing,n,市場での売買[取引き],マーケディング(宣伝・販売・技術などを研究する経営学の分野),,,
B201420,martial art,n,武道,武術,マーシャル・アーツ,,
B201421,mask,n,(顔の一部または全部をおおう)仮面,(防護用の)マスク,石膏(せっこう)などの)面型,(物・事柄を)覆い隠すもの,見せかけ,
B201422,mass,n,〈C〉《～の》かたまり《of》,多数《の～》《of ～》,《the ~》大部分《の～》,〈U〉一般大衆,質量
B201423,massacre,n,〈C〉〈U〉大虐殺,皆殺し,,,
B201424,massage,n,マッサージ,あんま術,,,
B201425,masseur,n,男のマッサージ師,,,,
B201426,master,n,主人,精通者,,,
B201427,masterpiece,n,傑作,名作,,,
B201428,mastery,n,〈U〉《～に対する》支配,《～に》熟達していること,,,
B201429,mate,n,,〈C〉《対をなすものの》片方 《to》,配偶者,《英》《しばしば複合語を作って》仲間,,
B201430,mathematical,adj,数学の,(非常に)正確な,,,
B201431,mature,adj,成熟した,,,,
B201432,mausoleum,n,霊廟(れいびょう),,,,
B201433,mean,n,〈C〉中庸,(数学で)平均値,(比例式の)中項,,
B201434,means,n,〈C〉《単数・複数扱い》方法,《複数扱い》資力,,,
B201435,mechanize,v,〈生産方法など〉‘に'機械を導入する,〈陸軍・部隊など〉を機甲化する(戦車・装甲車類を装備すること),,,
B201436,media,n,[medium]の複数形,,,,
B201437,medication,n,〈C〉〈U〉薬剤,〈U〉薬剤を添加(投入)すること,薬物治療,,,
B201438,medieval,adj,中世の,《話》旧式の,,,
B201439,mediocre,adj,月並みの,中途半端な,,,
B201440,melody,n,〈U〉美しい音の流れ,〈C〉旋律,(声楽曲・器楽曲の)主旋律[部分],,,
B201441,memorial,n,記念の,記念物,《通例複数形で》(歴史の)記録,《まれ》(政府),
B201442,mentor,n,指導者,(良き)助言者,,,
B201443,merchandise,n,集合的に)商品(goods),,,,
B201444,mercy,n,〈U〉慈悲,〈C〉《a~》ありがたいこと,,,
B201445,merge,v,〈自〉〈会社・組織が〉合併する,,《～に》溶け込む《into》,〈他〉〈会社・組織〉を合併する,,
B201446,merger,n,〈C〉(特に二つ以上の会社・組織の)吸収合併,,,,
B201447,mess,v,〈他〉をめちゃくちゃにする《up 》,,,,
B201448,messenger,n,使いの者,(電報・郵便物・小包の)配達人,(公文書の)送達吏,,
B201449,metaphor,n,隠喩,たとえばLife is as long and hard as a journey.(人生は旅のように長くつらいものだ)といえば直喩で,,,
B201450,metric,adj,メートル法の,#NAME?,,,
B201451,micro,n,【複合要素】小,微少,,,
B201452,microbe,n,〈C〉微生物,(特に)細菌,,,
B201453,microcomputer,n,マイクロコンピューター、マイコン、超小型電算機,,,,
B201454,micrometer,n,測微計,マイクロメーター(微小な寸法・距離・角度などを精密に測定する各種の装置),,,
B201455,microorganism,n,〈C〉微生物,,,,
B201456,microphone,n,〈C〉マイクロフォン,拡声器,,,
B201457,microscope,n,顕微鏡,,,,
B201458,microscopic,adj,顕微鏡の,《しばしば《話》》非常に小さい,非常に綿密な,,
B201459,microscopy,n,顕微鏡使用[法],顕微鏡による検査,,,
B201460,microwave,n,〈C〉電子レンジ,無線電信・電話の)極超短波,,,
B201461,midst,n,中央,=[amid],,,
B201462,mighty,adj,《文》強力な,《文》大きくて強そうに(りっぱに)見える,,,
B201463,migration,n,〈U〉〈C〉移住,〈C〉《集合的に》(人・動物などの)移動の群,,,
B201464,mill,n,〈C〉製粉所,製粉機,製造所,,
B201465,millimeter,n,ミリメートル(1メートルの1000分の1),,,,
B201466,millionaire,n,百万長者,大金持ち,,,
B201467,mimic,n,〈C〉ものまねをする人,人まねをする動物,名詞と複合して)ものまねをする,模擬の,擬態の
B201468,mine,n,〈C〉鉱山,《a~》《～の》豊富な資源,坑道,地雷,
B201469,miniature,adj,(～の)模型《+of+名》,小さな細密画,,,
B201470,minister,n,〈C〉聖職者,(英国・欧州諸国・日本の)大臣,《～駐在》公使《to ～》,,
B201471,mint,n,〈U〉ハッカ,〈C〉ハッカ入りのキャンデー(ガム),,,
B201472,misconception,n,誤解,誤認,思い違い,,
B201473,misfortune,n,〈U〉不運,〈C〉(～にとっての)不幸(不運)なでき事,,,
B201474,misleading,adj,人を誤らせる,誤解を招きやすい,粉らわしい,,
B201475,missile,n,ミサイル,《文》飛び道具(石),,,
B201476,mist,n,〈C〉〈U〉かすみ,〈U〉(窓ガラスなどで水蒸気による)曇り,霧(もや)状(の～)《+of+名》,〈C〉《the ~》(涙などによる)目のかすみ《+of+名》,〈C〉《a ~》(疲労などによる)心の曇り,《the mists》《文》(過去の)もやに包まれた時代《+of+名》
B201477,mistreat,v,～を虐待する,,,,
B201478,mistrustful,adj,疑い深い,,,,
B201479,misunderstand,v,〈自〉〈他〉誤解する,,,,
B201480,mix,n,〈C〉〈U〉混合,〈C〉混合物(食品),〈C〉〈U〉(水・火を加えて即席にでき上がる)素(もと),,
B201481,mixture,n,〈U〉《～を》混ぜ合わせること 《of ～》,〈C〉混合したもの,調合薬,,
B201482,mobility,n,〈U〉可動性,軍隊の)機動力,,,
B201483,mock,adj,あざ笑う、ばかにする、まねてばかにする、,にせの,,,
B201484,modernization,n,現代化,,,,
B201485,modernize,v,～を現代的(現代式)にする,現代的になる,,,
B201486,modest,adj,謙虚な,品のいい,地味な,中ぐらいの,
B201487,modification,n,修正,〈U〉〈C〉(文法で)修飾,,,
B201488,mogul,n,重要人物,大立者,,,
B201489,mold,n,〈C〉型,型に入れて作った物,〈U〉〈C〉《～の》形,,
B201490,momentarily,adv,ちょっとの間,すぐに,刻々と,今か今かと,,
B201491,momentary,adj,瞬時の,《ややまれ》刻々の,,,
B201492,monastery,n,〈C〉男子修道院,〈U〉《集合的に》修道僧,,,
B201493,moody,adj,《軽べつして》気分が変わりやすい,不機嫌な,,,
B201494,moonlight,n,月光,月明かり,,,
B201495,moonscape,n,月面の眺め,月面写真,,,
B201496,moral,adj,《名詞の前にのみ用いて》(人・行為などが)道徳的な,《名詞の前にのみ用いて》倫理(道徳)上の,教訓的な,精神的な,
B201497,morality,n,〈U〉道徳,〈U〉道徳性,〈U〉品行,〈C〉教訓,寓意,
B201498,morally,adv,道徳的に,道徳上,事実上,,
B201499,mortal,adj,必ず死ぬ運命の,致命題な,《名詞の前にのみ用いて》(はかない)人間の,《名詞の前にのみ用いて》死ぬまで続く,殺さずにはおかない,死の,死のぎわの
B201500,mortar,n,モルタル,しっくい,,,
B201501,mortgage,n,〈C〉抵当,担保,住宅ローン,,
B201502,mortify,v,〈感情・欲情など〉を抑制する,《しばしば受動態で》～をくやしがらせる,,,
B201503,mother-in-law,n,夫(妻)の母,義母,しゅうとめ,,
B201504,motion,n,〈U〉動くこと,〈C〉動作,身ぶり,〈C〉(議会などの)動議,,
B201505,motivated,adj,やる気のある,,,,
B201506,motorbike,n,モーターバイク(小型の原動機を取り付けた自転車),小型オートバイ,,,
B201507,motorist,n,自動車を乗り回す人,自動車旅行者,,,
B201508,mount,v,～を登る,(馬・車)に乗る,を乗せる,《～の上に》を載せる《on ～》,登る
B201509,mournful,adj,悲しみに沈んだ,痛ましい,,,
B201510,mover,n,動き人(物),動かす人(物,《米》引っ越し荷物運搬業者,発起人,動議提出者,,
B201511,moving,adj,動く,動きを起こす,感動させる,運搬用の,
B201512,muddy,adj,泥をかぶった,(液体・光・音などが)濁った,(考え・表現などが)混乱した,,
B201513,multiple,adj,多数の,倍数の,〈C〉倍数,,
B201514,multiply,v,を増やす,《ある数を》〈ある数〉に掛ける 《by ～》,〈数・量などが〉増える,掛け算をする,
B201515,mumble,n,はっきり聞き取れない言葉,ぶつぶつ言う声,,,
B201516,mumble,v,～をもぐもぐ言う,もぐもぐ言う《+away》,,,
B201517,murmur,n,(流れる水・そよぐ葉などの)ざわめき,不平の声,〈川・風・木の葉などが〉ざわめく,〈人が〉ささやく,《まれ》(～について)ぶつぶつ不平を言う《+at(against)
B201518,muse,v,(～について)深く考える,瞑想(めいそう)する(,meditate)《+on(upon》,over)+名(doing)》,,
B201519,musical,n,〈C〉ミュージカル,,,,
B201520,mustache,n,口ひげ,,,,
B201521,mutability,n,変わりやすさ,,,,
B201522,mutable,adj,変わりやすい,気の変わりやすい,,,
B201523,mutter,n,つぶやき,不平,,,
B201524,mutter,v,(余り口を開けずに)つぶやく《+away》,(～に対して～について)ぶつぶつ言う,～に)～をぶつぶつ言う《+名+at(against)+名》,,
B201525,mutton,n,羊の肉,,,,
B201526,mystify,v,～を惑わせる,～を神秘化する,,,
B201527,nano,n,ナノ、10億分の1,,,,
B201528,narcissistic,adj,自己陶酔の,自己に酔った,,,
B201529,narrator,n,語り手,ナレーター,,,
B201530,narrowly,adv,狭く,かろうじて,綿密に,,
B201531,nationwide,adj,全国の,全国的な,,,
B201532,nationwide,adv,全国的に,,,,
B201533,native speaker,n,母語話者,,,,
B201534,naughty,adj,(子供が)いたずらな,《遠回しに》みだらな,,,
B201535,naval,adj,海軍の,軍艦の,,,
B201536,navigate,v,〈人が〉〈船・航空機など〉を操縦する,〈船・飛行機が〉～を航行する,〈物事〉をうまくやっていく,(飛行機)を操縦する,
B201537,navigation,n,(船・飛行機の)航行,航海術,,,
B201538,navy,n,《集合的に,《米》単数扱い,《集合的に,《米》単数扱い,〈U〉=navy blue,,
B201539,neat,adj,きちんとした,,,,
B201540,necessarily,adv,必ず,《not ~ A》必ずしもAでない,,,
B201541,necessity,n,〈U〉《時にa ~》必要,,〈C〉《しばしば複数形で》《～の》必需品《of》,,,
B201542,need,n,〈U〉《時にa~》必要,〈C〉《しばしば複数形で》必要なもの,〈C〉《～に対する》欲求,〈U〉《～の》困窮,〈U〉困った時(事態)
B201543,needless,adj,不必要な,,,,
B201544,needy,adj,非常に暮らしに困っている,《名詞的に,the~》《集合的に,複数扱い》貧困者たち,,,
B201545,negatively,adv,否定的に,消極的に,,,
B201546,neglect,n,〈U〉《～の》無視,無視されていること,,,
B201547,neighboring,adj,《名詞の前にのみ用いて》近くの,隣の,,,
B201548,neither,adv,(二つのうち)どちらも～ない,《~ ～ nor ～の形で》～でも～でもない,《否定文に続いて》～もまた～ない,,
B201549,neither ～ nor,conj,～も～もどちらでもない,～も～もしない,,,
B201550,neither,det,《~ 単数名詞》(二つのうちの)どちらの～も～ない,,,,
B201551,neither,pron,どちらも～ない,,,,
B201552,nerve,n,〈人〉〈特に自分〉‘に'力を与える,を元気づける,,
B201553,nerve,n,〈C〉神経,〈C〉《複数形で》神経過敏,〈U〉勇気,〈U〉《時にa ~》厚かましさ,〈C〉葉脈,(昆虫の)翅脈(しみゃく)
B201554,nervously,adv,神経質に,びくびくして,いらいらして,,
B201555,net surfer,n,ネットサーファー、インターネット利用者,,,,
B201556,neurosis,n,神経症,ノイローゼ,,,
B201557,newscaster,n,ニュース放送者,ニュース解説者,,,
B201558,newsworthy,adj,報道価値のあるニュース(記事)になる,,,,
B201559,next,pron,次のもの,次のひと,,,
B201560,nicely,adv,見事に,精密に,,,
B201561,nightclub,n,ナイトクラブ,,,,
B201562,nightmare,n,悪夢,悪夢のような経験(状態),夢魔(睡眠中の人を息苦しくさせるという魔女),,
B201563,nobility,n,《the nobility》《複数扱い》貴族階級(英国の貴族階級は「duke公爵),貴族の位,貴族の身分,高貴さ,,
B201564,noble,adj,高貴の,貴族の,高潔な,(姿・規模などが)壮大な,(金属が)腐食しない,
B201565,nobleman,n,貴族,,,,
B201566,nod,v,(承諾・あいさつ・合図などで)うなずく,(眠くて)こっくりする,〈草木・穂などが〉揺れる,(承諾・あいさつなどで)〈頭〉をうなずかせる,～をうなずいて示す
B201567,nomad,n,《しばしば複数形で》遊牧民,放浪者,,,
B201568,nomination,n,〈U〉指名,指名権,《～を～に》指名すること,,
B201569,nominee,n,(～の候補として)指名された人《+for+名》,(～に)任命された人《+to+名》,,,
B201570,nonprofessional,adj,(スポーツや特定の仕事において専門家ではない)素人の,,,,
B201571,non-smoking,adj,禁煙の,,,,
B201572,northward,adv,北へ(に),,,,
B201573,nostril,n,鼻孔,,,,
B201574,nought,n,#NAME?,,,,
B201575,nourish,v,～を養う,～‘に'栄養を与える,～を発展させる,(心に)〈ある感情〉を抱く《+名+in+名》,,
B201576,nourishment,n,滋養分,養育,,,
B201577,novelty,n,〈U〉新奇さ,〈C〉珍しいもの,〈C〉《複数形で》(装飾品やおもちゃなどの)珍奇な商品,,
B201578,now,conj,《thatを伴って》今や～なのだから,,,,
B201579,nuisance,n,〈C〉《～に》迷惑をかける人(もの),〈U〉《～に対する》迷惑,,,
B201580,numerical,adj,数字上の,数に関する,数を表す,,
B201581,nursery,n,子供部屋、育児室、託児所,苗床、苗木畑,,,
B201582,nut,n,木の実,(堅果の皮をむいた)中の実,(ボトルを留める)留めねじ,(バイオリンなどの)糸受け,毛止め,《話》変人,気違い
B201583,nutshell,n,クルミなどの)穀(から),,,,
B201584,oath,n,〈C〉〈U〉誓い,〈C〉のろいの言葉,,,
B201585,obedience,n,人,(～に)忠実なこと《+to+名》,,,
B201586,obedient,adj,従順な,素直な,,,
B201587,obey,v,(人)に服従する,(命令・法律など)に従う,～に従って動く,服従する,命令に従う
B201588,obituary,n,(新聞などの)死亡記事,,,,
B201589,object,v,《～に》反対する,,異議を唱える《to》,against ～》,,
B201590,objective,adj,客観的な,実在の,目的格の,,
B201591,obligation,n,〈U〉(法律・社会・道徳上の)義務,〈C〉恩義,,,
B201592,observer,n,(～を)観察する人,オブザーバー(会議などの正式の代表者でなく傍聴する人),(規則・習慣などを)守る人,,
B201593,obsess,v,〈悪魔・妄想などが〉〈人〉にとりつく,《～のことを》(必要以上に)気にする,,,
B201594,obsession,n,〈U〉(悪魔・妄想などが)つきまとうこと,(悪魔・妄想などに)つきまとわれること,〈C〉(～についての)妄想,,,
B201595,obsessive,adj,妄想がとりついて,強迫観念を引き起こす,#NAME?,,,
B201596,odd,adj,奇妙な,(対・組のうちの)片方の,余分の,奇数の,
B201597,offend,v,《しばしば受動態で》〈人〉‘の'感情を傷つける,〈感覚など〉を不快感を与える,罪を犯す,(法律・規則などに)反する,
B201598,offender,n,(特に法律などの)違反者,犯罪者,,,
B201599,offense,n,〈C〉罪,《法律・規則などの》違反《against ～》,〈U〉人の感情を傷つけること,攻撃,〈C〉(フットボールなどの)攻撃側
B201600,offhand,adv,即座(即席)に,準備なしに,,,
B201601,official,n,〈C〉公務員,(スポーツの)審判,教会裁判所判事,,
B201602,offshore,adj,沖合いの,海外に移された,,,
B201603,ointment,n,軟こう,こう薬,,,
B201604,olive,n,〈C〉オリーブ[の木](南欧産の常緑樹),〈C〉オリーブの実(ピクルスにしたり),(またolive green)〈U〉オリーブ色,,
B201605,Olympia,n,オリンピア(ギリシアのペロポネソス半島西部のエリス州にある平原),Zeusの聖地で,これがオリンピック競技の始まり,,
B201606,Olympiad,n,オリンピア紀(一つのオリンピア競技会から次の競技会までの4年間),(現代の)国際オリンピック大会,,,
B201607,once,conj,いったん～すれば～,～するとすぐに～,,,
B201608,openly,adv,公然と,率直に,,,
B201609,operator,n,〈C〉(機械・装置を)運転する人,《米》(電話の)交換手,(会社などの)経営者,《話》ずるがしこい人,
B201610,opponent,n,討論・試合などで)(～の)相手,敵対者,,,
B201611,optimism,n,楽天主義,楽観,,,
B201612,optimist,n,楽天主義者,楽天家,,,
B201613,optimistic,adj,楽天主義の,楽観的な,,,
B201614,optional,adj,選択の,任意の,随意の,,
B201615,oral,adj,口頭の,口の,経口の,,
B201616,orator,n,演説者,雄弁家,,,
B201617,orchestral,adj,オーケストラの,管弦楽団の(による),,,
B201618,orchid,n,〈C〉ラン,ランの花,〈U〉薄紫色(bluish-purple),,,
B201619,organizer,n,〈C〉主催者,組織者,設立者,,
B201620,original,n,(コピーや翻訳でない)もとの,原物,原作,《the~》原文,原語,《軽べつして》奇人,
B201621,originality,n,独創性,独創的であること,新味,,,
B201622,originally,adv,もともと,独創的に,,,
B201623,originate,v,～を引き起こす,～を考え出す,～に,(人に)始まる《+with+名〈人〉》,
B201624,ornament,n,〈C〉装飾品,〈U〉装飾,,,
B201625,ounce,n,〈C〉オンス(重量の単位,液量オンス,《通例否文で》《an ~》少量《の～》《of ～》,,
B201626,outback,n,〈U〉(特にオーストラリアの)奥地,〈C〉行く価値のない所,,,
B201627,outbreak,n,〈C〉(戦争・暴動・病気などの)突発,怒りなどの)爆発《of ～》,(疫病・感染症などの)大流行,,
B201628,outcome,n,〈C〉(会議や活動などの)最終的な結果,結論,成果,,
B201629,outdistance,v,(競技などで)〈相手〉をはるかに引き離す,,,,
B201630,outdo,v,〈他の人〉‘に'勝る,‘より'上手くする,,,
B201631,outfit,n,(ある特定の目的のための)装備一式,服装一そろい,《話》(1つの)集団,～で)～‘に'したく(服装)を整えてやる,
B201632,outgrow,v,～‘が'合わないほど大きくなる,(年とともに)～‘から'脱する,～‘より'背が高くなる,,
B201633,outing,n,遠足,遊山(ゆさん),遠出,,
B201634,outlet,n,〈C〉《水・煙などの》出口《for ～》,《感情・精力などの》はけ口《for ～》,《特定の商品の》販売口,,
B201635,outline,n,〈C〉《～の》輪郭 《of ～》,概要,,,
B201636,outlive,v,～‘より'長生きする,～を長生きして失う(免れる),,,
B201637,outlook,n,《～の》見通し,《～についての》見解,《～の》展望,,
B201638,outpatient,n,(病院の)外来患者,,,,
B201639,output,n,生産高,(コンピューターなどの)アウトプット,,,
B201640,outrage,n,〈U〉〈C〉《～に対する》暴行,on,upon ～》,〈U〉激怒,
B201641,outrageous,adj,(常識から外れて)法外な,乱暴な,けしからぬ,,
B201642,outshine,v,～‘より'よく光る(輝く),～‘より'優れている,,,
B201643,outside,adj,外側の,外部からの,ごくわずかな,最大限の,
B201644,outside,n,外側,外部,外面,,
B201645,outsider,n,局外者,競馬などで)勝ちめのない馬(騎手),,,
B201646,outskirts,n,(町などの)はずれ,周辺,郊外,,
B201647,outwardly,adv,外側に,外へ向かって,表面上,,
B201648,oval,adj,卵形の,楕円形の,,,
B201649,overall,adj,全部の,全般的な,全面的な,端から端までの,
B201650,overall,adv,全般的に,全面的に,端から端まで,,
B201651,overboard,adv,船外に,,,,
B201652,overbook,v,(航空会社・ホテルなどが)オーバーブッキングを行う,,,,
B201653,overcoat,n,外とう,オーバーコート,,,
B201654,overemphasize,v,過度に重視(強調)する,,,,
B201655,overestimate,v,〈他〉～を過大評価する,,,,
B201656,overhear,v,～をふと耳にする,を立ち聞きする,,,
B201657,overlap,n,重複,共通点,,,
B201658,overlook,v,〈他〉を見落とす,を大目に見る,〈人が〉～を見おろす,〈場所が〉～を見渡せる,
B201659,overly,adv,過度に,あまりに,,,
B201660,overseas,adj,海外の,外国の,外国向けの,,
B201661,overshadow,v,～‘に'影を投げかける,～を見劣させる,,,
B201662,oversize,adj,標準より大きい,,,,
B201663,overstep,v,〈限度・権限・規則など〉‘から'はみだす,を逸脱する,,,
B201664,overtake,v,～‘に'追いつく(catch up with),～を追い抜く,〈恐怖・あらしなどが〉〈人〉を不意に襲う,,
B201665,overthrow,v,政府などを倒す,物をひっくり返す(overturn),"転覆《+of+名》""",,
B201666,overtime,adv,時間外で,時間を超過して,,,
B201667,overtime,n,〈U〉超過勤務(時間,超過勤務手当,延長(時間,,
B201668,overturn,v,～をひっくり返す(turn over),～を体倒する,ひっくり返る,〈政府などが〉倒れる,
B201669,ow,interj,(突然の激痛を表して)ウウッ,,,,
B201670,owing to,prep,《ややかたく》～のために,～が原因で,,,
B201671,owl,n,フクロウ,,,,
B201672,ox,n,雄牛(去勢された食肉用・荷車用の成牛),《複数形で》ウシ(水牛),,,
B201673,ozone,n,オゾン,《話》(海岸などの)新鮮な空気,,,
B201674,pa,n,とうちゃん(papa),,,,
B201675,packed,adj,満員の,すし詰めの,,,
B201676,packet,n,〈C〉(小さい)包み,小荷物,(郵便・旅客などを運ぶ)定期船,《英俗》大金,
B201677,pad,n,〈C〉(衝撃・摩擦などを防ぐ)当て物,スタンプ台,,,
B201678,paintbrush,n,絵筆:ペンキ用ブラシ,,,,
B201679,pajamas,n,パジャマ,,,,
B201680,pallet,n,陶工の)へら,(画家が使う)パレット,パレット《品物を運搬・貯蔵するための金属[木]製の台, フォークリフトなどで運搬する》,機械)爪(つめ),
B201681,pancake,n,パンケーキ(牛乳・卵・小麦粉で作った薄くて柔らかい食べ物),,,,
B201682,pandemic,adj,(流行病などが)全地域にわたる,全国的流行の,世界的流行の,,
B201683,panel,n,はめ板,(板・プラスチックなどの薄い)1枚板,(絵画の)画板,(飛行機・自動車などの)パネル,スカート・ドレスなどに縫いつける)別布
B201684,panic,v,慌てふためく,～を慌てさせる,《米俗》〈観客〉を沸きたたせる,,
B201685,papaya,n,パパイヤ,その実(熱帯アメリカ産),実は大きく黄色,,
B201686,paperless,adj,ペーパーレスの,紙を使わない,,,
B201687,paperwork,n,〈U〉書類仕事,(契約・訴訟などの)必要書類,,,
B201688,parade,n,〈C〉〈U〉行進,〈C〉(多くの人・車などの)長い列,〈C〉(～の)見せびらかし,〈C〉観兵式,観兵式場,〈C〉(海岸などの)遊歩道,歩行者の群れ
B201689,paradox,n,逆説(矛盾するようにみえても実際は真理を含んでいる説),矛盾,へ理屈,,,
B201690,paralysis,n,体の)麻痺(まひ),(～の)停滞《+of+名》,,,
B201691,paramedic,adj,救急医療技師,,,,
B201692,paratrooper,n,落下傘降下兵,,,,
B201693,parliament,n,〈C〉議会,〈U〉英国議会,〈U〉〈C〉(議会の)会期,
B201694,part,v,〈自〉(二つ以上の部分に)分かれる,別れる,,,
B201695,participation,n,〈U〉《～への》参加,加入 《in ～》,,,
B201696,particle,n,〈C〉粒子,小片,不変化詞,,
B201697,particular,adj,(ほかでなく)特にこの,特有の,,,
B201698,partisan,n,(ある党派・主義などの)熱烈な支持者,遊撃兵,,,
B201699,partnership,n,〈U〉提携,〈U〉組合契約,〈C〉合名会社,,,
B201700,passionate,adj,(人が)情熱的な,(言葉などが)強い感情を表す,(感情などが)強い,,
B201701,passionately,adv,情熱的に,,,,
B201702,pastor,n,(教会・教会員を世話する)牧師,,,,
B201703,pastoral,adj,《文》羊飼いの,田園の,牧師の,〈C〉牧歌,
B201704,patch,n,(補修・補強のための)つぎ当て,当て布,当て板,(傷口などを覆う)傷当て,色などが周囲と区別できる)(～の)まだら,小さな地面(畑),
B201705,patiently,adv,忍耐強く,根気よく,,,
B201706,patriot,n,愛国者,P-)パトリオット (米軍の地［艦］対空ミサイル装置),,,
B201707,patriotic,adj,愛国の,愛国心の強い,,,
B201708,patriotism,n,愛国心,,,,
B201709,patron,n,(個人・主義・事業などの)後援者,(商店・レストランなどの)お得意,,,
B201710,pave,v,(アスファルトなどで)～を舗装する《+名+with+名》,,,,
B201711,pavement,n,舗装道路,歩道,,,
B201712,paw,n,(四つ足動物のかぎつめのある)足,《話》《おどけて》(人間の)手,,,
B201713,pawnbroker,n,質屋,質屋の主人,,,
B201714,pawnshop,n,質屋,,,,
B201715,payment,n,〈U〉(～の)支払い,〈C〉(～の)支払金,〈U〉《時にa payment》(善または悪の)報い,,
B201716,peacefully,adv,平和に,穏やかに,,,
B201717,peach,n,〈C〉モモ(桃),〈C〉桃の木,〈U〉黄色がかった桃色,〈C〉《a ~》《話》すてきなもの,かわいい娘,黄色がかった桃色の
B201718,peak,n,〈C〉(とがった)山頂,とがった先,,,
B201719,pearl,n,〈C〉真珠,〈C〉(形・光沢などが)真珠のようなもの,〈C〉(真珠のように)価値のあるもの(人),#NAME?,またpearl gray)〈U〉真珠色
B201720,pebble,n,小石(おもに海岸・川岸で水の作用で丸くなったもの),,,,
B201721,pedal,n,(自転車・自動車などの)ペダル,(ピアノなどの)ペダル,,,
B201722,pedantic,adj,学者ぶる,学問をひけらかす,衒学(げんがく)的な,,
B201723,pedestrian,n,〈C〉歩行者,,,,
B201724,pee,v,《俗》小便する,放尿する,,,
B201725,peel,n,〈U〉(果物・野菜などの)皮,,,,
B201726,peel,v,〈他〉〈果物・野菜など〉の皮をむく,～を取り去る《off》,,〈自〉《～から》〈皮膚・ペンキなどが〉はげて落ちる《from》,,
B201727,peep,n,(ひな鳥・ネズミなどの鳴き声の)ピーピー,《単数形で》《話》不平,ピーピー(チューチュー)鳴く,,
B201728,peer,n,〈C〉同等の人,貴族,,,
B201729,peg,n,木などの,(弦楽器の弦をしめる)ねじ,《話》(評価などの)段階)degree,(議論などの)きっかけ,《話》(おもに野球で)送球
B201730,penalize,v,〈他〉《～に対して》～を罰する,(競技などで～に対して)～にペナルティを課す 《for ～》,,,
B201731,penalty,n,〈C〉罰、罰金、報い,,,,
B201732,penetrate,v,～‘に'入り込む,〈液体・においなどが〉～にしみ込む,〈思想などが〉～に浸透する,〈真理・真相など〉を見抜く,～に)入り込む
B201733,penguin,n,ペンギン,,,,
B201734,penicillin,n,ペニシリン(坑生物質の一種),,,,
B201735,pension,n,〈C〉年金,,,,
B201736,pentagon,n,五角形,《the P-》ペンタゴン(Arlingtonにある米国国防総省の五角形の巨大な建物),,,
B201737,perceive,v,五感,を理解する,,,
B201738,percentage,n,百分率,《複数形で》見込み,,,
B201739,perception,n,(五感で)《～に》気付くこと《of ～》,《～を》知覚する力,,,
B201740,permanence,n,(～の)永久不変牲,永続牲《+of+名》,,,
B201741,permeate,v,～‘に'しみ通る,〈煙などが〉～‘に'広がる,,～に)しみ渡る《+through(in)》,〈煙・思想などが〉(～に)広がる,
B201742,perseverance,n,〈U〉頑張ること,頑張り,ねばり,忍耐強さ,
B201743,persist,v,〈自〉持続する,固執する,,,
B201744,persistence,n,(～を)あくまでもやり抜くこと,(～が)永く続くこと,,,
B201745,persistent,adj,(反対・困難にもくじけず)あくまでもやり抜く,いつまでも続く,,,
B201746,personification,n,〈U〉〈C〉擬人化,〈C〉《the personification》(～が)擬人化されたもの,(修辞学で)擬人法,,
B201747,personify,v,(～として)～を擬人化する《+名+as+名》,(人などが)～を具現する,,,
B201748,personnel,n,《おもに複数扱い》(官庁・学校などの)全職員,人事部,,,
B201749,perspective,n,〈U〉〈C〉(広い視野からの)観点,〈U〉(距離の遠近による)物の見え方,遠近法,【形】遠近法の,
B201750,perspiration,n,汗,発汗[作用],,,
B201751,persuasion,n,〈U〉説得,説得力,〈U〉〈C〉確信,〈U〉〈C〉(宗教上の)信条,,
B201752,pessimist,n,悲観論者,悲観的な人,,,
B201753,pessimistic,adj,悲観的な,厭世的な,,,
B201754,petrified,adj,石化した,びっくり仰天して,,,
B201755,petty,adj,ささいな,下級の,心の狭い,,
B201756,pH,n,ペーハー(水素イオン濃度指数),,,,
B201757,pharmacist,n,〈C〉薬剤師,製薬者,,,
B201758,phase,n,段階,局面,様相,,
B201759,philosophical,adj,哲学的な(=[philosophic],,,,
B201760,photograph,v,写真を撮る,,,,
B201761,physician,n,医者,(特に)内科医,,,
B201762,pi,n,〈C〉パイ(ギリシア語アルファベットの第16字Π),〈U〉円周率 (記号はπ),,,
B201763,pickle,n,〈C〉《複数形で》(野菜),〈U〉(ピクルス用の)つけ汁,〈C〉《単数形で》《話》苦境,〈U〉(金属などを洗う)希薄酸液,〈C〉《英語》いたずら小僧
B201764,picky,adj,些細なことにやかましい,気むずかしい,,,
B201765,picture,v,を絵に描く,～を絵に描いたように描写する,～を心に描く,,
B201766,picturesque,adj,絵のように美しい,(文章・話しぶりなどが)生き生きした,,,
B201767,pillowcase,n,まくらカバー,,,,
B201768,pin,n,ピン・留め針・《しばしば複合語を作って》ピンの働きをする物,(留め針の付いた)記章,(木・プラスチック・金属などの)留めくぎ,《複数形で》《英話》脚(legs),《a~》《否定文で》ほんのわずか
B201769,pine,n,〈C〉松,〈U〉松材,,,
B201770,pint,n,パイント(液量および穀量の単位),《英》では約0.57リットル,,,
B201771,piracy,n,海賊行為,著作(特許)権侵害,,,
B201772,pirate,n,海賊海賊船,著作(特許)権侵害者,,,
B201773,pitch,n,〈C〉投げること,〈U〉〈C〉《～の》度合い,(屋根などの)こう配,,
B201774,pitch,v,〈他〉を投げる,(一時的に)〈キャンプなど〉を設営する,短いプレゼンをする 〈自〉落ちる,,
B201775,plague,n,〈C〉〈U〉(死亡率の高い)疾病,《the ~》ペスト,《～の》災い,《話》やっかいな人,〈他〉《～で》を悩ます《with ～》
B201776,planning,n,企画,計画立案(実行),,,
B201777,playmate,n,遊び友達,,,,
B201778,playwright,n,劇作家,脚本家(dramatist),,,
B201779,plead,v,〈自〉懇願する,《～を》弁護する《for ～》,《～に》抗弁する《against ～》,〈他〉を言い訳として述べる,を弁護する
B201780,plot,n,〈C〉小区画の土地,(小説・劇などの)筋,陰謀,,
B201781,pluck,v,〈花・果物など〉を摘む,(～から)〈羽毛など〉をむしる,～を羽毛を引き抜く,(指・つめなどで)〈楽器の弦〉をはじく,～を)ぐいと引く
B201782,plug,v,〈穴・すきまなど〉をふさぐ,,～‘の'プラグを努し込む《+in+名》,《話》(～に)こつこつ(せっせと)取り組む《+away(along)at+名》,,
B201783,plum,n,〈C〉西洋スモモ,西洋スモモの木,〈C〉(プティング・パイなどに入れる)干しぶどう,〈U〉(西洋スモモに似た)濃紫色,〈C〉《話》(人が)手に入れたがるもの(もうけ仕事など,濃紫色の
B201784,plumber,n,〈C〉鉛管工,配管工,,,
B201785,plus,n,プラス記号,正数,《話》剰余,,
B201786,pneumonia,n,肺炎,,,,
B201787,point of view,n,見地,考え方,,,
B201788,pointless,adj,先のとがっていない,要領を得ない,無益な,,
B201789,poison,v,〈人・動物など〉を毒殺する,～‘に'毒を入れる,～を毒する,(精神的に)～をだめにする,,
B201790,polar bear,n,北極グマ,白クマ,,,
B201791,polio,n,小児麻痺(まひ),ポリオ[poliomyelitisの短縮形],,,
B201792,polish,n,《a ~》光沢,〈U〉〈C〉つや出し,《a ~》磨きをかけること,〈U〉(態度・ふるまいの)先練,
B201793,politeness,n,礼儀正しさ,,,,
B201794,politically,adv,政治上,政治的に,,,
B201795,polity,n,〈U〉政治形態,〈C〉(個々の)政体,〈U〉《集合的に》(ある政体下の)国民,,
B201796,polo,n,馬上球技,#NAME?,,,
B201797,ponder,v,～をじっくり考える,(～を)じっくり考える,,,
B201798,pop,v,ポンとはじける,～をポンと鳴らす,,,
B201799,popularity,n,(人の間での)人気,好評,流行《+with(among)+名〈人〉》,,
B201800,popularize,v,～を大衆向きにする,～を普及させる,～を評判をよくする,,
B201801,porch,n,ポーチ(母屋(おもや)から張り出した玄関,《米》ベランダ,,,
B201802,portion,n,〈C〉部分,一人前《of》,運命,,
B201803,pose,n,〈C〉ポーズ,見せかけ,,,
B201804,posh,adj,素晴らしい,高級な,,,
B201805,possessed,adj,(強い感情・悪霊・狂気などに)とりつかれた,《文》《補語にのみ用いて》《be ? of+名》(～を)持っている,,,
B201806,postal,adj,郵便の,,,,
B201807,postpone,v,を延期する,を後回しにする,,,
B201808,potent,adj,《文》(特に政治的に)有力な,(薬・酒などが)効きめのある,(議論などが)説得力のある,(男性が)性交可能な,
B201809,potential,adj,可能性のある,潜在的な,,,
B201810,potentially,adv,潜在的に,可能性を秘めて,,,
B201811,pound,v,《～で》～を強く打つ,《～になるまで》～を打ち砕く,《～を》強く打つ,〈心臓などが〉激しく鼓動する,《副詞を伴って》ドスンドスンと歩く
B201812,powder,v,～を粉にする,(粉などを)～‘に'ふりかける《+名+with+名》,〈顔など〉‘に'おしろいをつける,粉になる,おしろいをつける
B201813,powerfully,adv,力強く,強力に,強烈に,,
B201814,practicality,n,〈U〉実際的であること,〈C〉実際的なこと,,,
B201815,practically,adv,実質的には,事実上,ほとんど(almost)・実際的に,実用的に,実際的な方法で
B201816,praise,v,〈他〉《～のことで》～を称賛する《for ～》,,,,
B201817,prance,n,〈馬が〉前脚を上げ後脚でけって跳び進む《+along》,〈人が〉意気揚々と(得意に)歩く,(馬の)飛び跳ね,意気揚々とした歩きぶり,
B201818,prawn,n,《おもに英》テナガエビ,クルマエビ,,,
B201819,precede,v,《～の点で》より先に来る,～の上位である,～に先立つ,《～によって》～の前置きをする 《with ～》,先行する
B201820,precisely,adv,正確に,ちょうど,,,
B201821,predicament,n,苦境,窮地,,,
B201822,predicate,v,(文法で)述部,述語,,,
B201823,predicative,adj,(文法で)叙述的な,(文法で)述語,,,
B201824,predictable,adj,現象などが)予報(予言)し得る,(悪い意味で)予想どおりの,,,
B201825,predictive,adj,予測的な,,,,
B201826,predictor,n,〈C〉予測者,予測因子,予言するもの,,
B201827,prefect,n,(古代ローマの)長官,《英》(public schoolで)風紀の監督をする上級生,,,
B201828,preferable,adj,いっそう望ましい,～より)望ましい《+to+名(doing)》,,,
B201829,preferably,adv,できれば,なるべく,,,
B201830,prehistoric,adj,有史以前の,大昔の,,,
B201831,prehuman,n,人間以前の,,,,
B201832,preindustrial,adj,産業革命前の,,,,
B201833,prejudge,v,～を先入観をもって判断する,,,,
B201834,preliminary,adj,準備する,前置きの,,,
B201835,preoccupy,v,《しばしば受動態で》〈人・人の心〉をいっぱいにする,,,,
B201836,prescribe,v,〈他〉(守るべき規則・方針など)を規定する,《～に》(薬)を処方する《for ～》,〈自〉規定する,(病人・病気に対して)処方を書く,
B201837,present,v,〈贈り物・賞など〉を贈呈する,《～に》〈勘定書・小切手・書類など〉を提出する,《～に》～を出して見せる,《～に》〈人〉を紹介する([introduce])《to ～》,〈作品〉を公開する,〈人〉を出演させる
B201838,presenter,n,テレビ(ラジオ)ショーの司会者,,,,
B201839,presidency,n,大統領職,会長の職,大統領在任期間,会長の任期,
B201840,presidential,adj,大統領の,会長の,社長の,,
B201841,prestige,n,(成功・業績などによる)威信,名声,声望,,
B201842,prestigious,adj,誉れの高い,尊敬されている,権威のある,,
B201843,presumably,adv,たぶん,おそらく,推定上,推定されるように,
B201844,pretend,adj,偽の,見せかけの,,,
B201845,prevail,v,《文》《～に》(強さ・影響力が)勝る,《～に》普及している,,,
B201846,prevention,n,〈U〉《～を》予防,〈C〉《～を》予防するもの,,,
B201847,preventive,adj,予防の,予防法,予防薬,,,
B201848,previously,adv,以前に,前もって,,,
B201849,price,v,《しばしば受動態で》〈商品〉に《～の》値段をつける《〈商品〉at 〈金額〉》,《話》～の値段を確かめる,,,
B201850,priceless,adj,(値ぶみできないくらい)非常に貴重な,《話》すごくおもしろい,ばかげた,,,
B201851,prick,n,〈他〉《～で》～をちくりと刺す,〈人〉〈〈C〉ちくりと刺すこと,,
B201852,primary,adj,主要な,第一位の,,,
B201853,prime,adj,最も重要な,最上の,,,
B201854,prime minister,n,首相,総理大臣({略}P.M.),,,
B201855,principal,n,〈C〉校長,元金,主役,,
B201856,prior,adj,(時間・順序が)前の,(重要さが)優先する,,,
B201857,priority,n,〈U〉(時間・順序で)(～より)先(前)であること《+of(to)+名》,〈C〉優先するもの(こと),,,
B201858,privately,adv,ひそかに,個人的に,,,
B201859,privilege,n,特権,,,,
B201860,probable,adj,ありそうな,起こりそうな,,,
B201861,probe,n,探査器,探求,問題点,探測器,調査
B201862,procedure,n,手続き,手順,方法,工程,
B201863,process,v,〈他〉～を一定の手順で処理する,,,,
B201864,professional,n,職業人,(特に)専門職にたずさわる人,(また《話》pro)職業選手,,,
B201865,profile,n,横顔,(彫象などの)側面,(背景をパックにした)輪郭,通例,新物・雑誌などの)人物紹介
B201866,profit,n,〈U〉〈C〉利益,〈U〉得(益)になること,,,
B201867,profitable,adj,利益の上がる,有益な,《Aが》～することが儲けになる《It is ~ for A to do》,,,
B201868,programmer,n,プログラム(番組)を作る人,(コンピューターの)プログラマー,,,
B201869,programming,n,プログラミング,,,,
B201870,progress,v,前進する,進歩する,,,
B201871,prohibit,v,(法律あるいは権威をもって)～を禁止する,物事が)～を妨げる,,,
B201872,project,n,計画,計画的な仕事,研究課題,(大ががりな)事業,《米》=housing project,,
B201873,project,v,～を計画する,(ねらって)～を投げる,～を発射する,(～に)〈光・影・映像など〉を投げかける,他の人に〈‘自分の考え・気持ち〉を投げかけて伝える《+名+on(upon)+名》,想像して
B201874,projection,n,〈C〉見積もり,〈U〉〈C〉突き出ること,投影すること,〈U〉発射,発声
B201875,prom,n,《米話》(特に高校・大学などで公式に行う)ダンスパーティー,《英話》=promenade concert,《英話》=promenade2,,
B201876,prominence,n,突出部,〈U〉目立つこと,卓越,,
B201877,prompt,adj,迅速な,(人が)てきぱきした,敏速な([quick]),,
B201878,prompt,n,刺激,プロンプト,,,
B201879,prompt,v,～を刺激する,(演劇で)〈俳優〉に陰からせりふをつける,,,
B201880,promptly,adv,迅速に,ちょうど,,,
B201881,proponent,n,(～の)提案者,(～の)弁護者,,,
B201882,proposed,adj,提案されている,,,,
B201883,prose,n,散文,散文の,,,
B201884,prosecute,v,《～の罪で》〈人〉を起訴する,(司法手続きに訴えて)〈権利など〉を要求する,〈調査・事業など〉をやり通す,,
B201885,prospect,n,〈C〉(高い位置からの)光景,,〈U〉《～の》予想《of》,,《～の》成功の見込み《of》,見通し,
B201886,prosper,v,繁栄する,(神が)～を繁栄させる,,,
B201887,protest,v,～に対して,不信に対して,《米》～‘に'坑議する(protest against),,
B201888,proudly,adv,威張って,誇りをもって,堂々と,,
B201889,proven,adj,proveの過去分詞,《名詞の前にのみ用いて》証明された,,,
B201890,province,n,〈C〉(国の行政区画としての)州,〈U〉(権威・責任などの及ぶ)範囲,《the ~s》(首都・大都市に対して)地方,,
B201891,provision,n,供給、支給、準備、用意、備え,,,,
B201892,proximity,n,場所・時間・血族関係など)(～に)近いこと,近接《+to+名》,,,
B201893,psychologically,adv,心理的に,心理学的に,,,
B201894,psychology,n,心理学,《話》(個人・団体の)心理[状態],,,
B201895,publication,n,〈U〉(書籍・雑誌などの)出版,〈C〉出版物(書籍),〈U〉(～の)公表,,
B201896,publicity,n,〈U〉広く知られていること,《～についての》宣伝《about ～》,,,
B201897,publicize,v,〈他〉を公表する,を広告する,,,
B201898,pudding,n,プディング(小麦粉に果実・牛乳・卵などを混ぜて焼いた食後の甘い菓子,日本でいうプリンはcustard puddingでpuddingの一種),(主食になる甘味のない)プディング,,,
B201899,pulse,n,〈C〉脈拍,一般に,(電気の)パルス,豆類【動,自】脈を打つ
B201900,pumpkin,n,西洋カボチャ(米国ではパイの詰め物に使う),《米話》小さかったり可愛いものへの愛情表現,,,
B201901,punch,n,〈C〉《～への》(こぶしによる)一撃,〈U〉力,〈C〉穴開け器,,
B201902,punch,v,〈他〉～をげんこつでなぐる,(機械などを動かすために)～を押す,に穴をあける,,
B201903,punctual,adj,時間(期限)を守る,時間どおりの,,,
B201904,punctuality,n,時間厳守,,,,
B201905,purchase,n,〈U〉(～の)買い入れ,〈C〉買った物,〈U〉《時にa~》(物を動かすときの)ひっかかり,,
B201906,purchase,v,～を買う,(苦難・犠牲により)～を手に入れる,,,
B201907,purposeful,adj,意図的な,きっぱりとした,,,
B201908,pursuit,n,〈U〉《～を》追うこと,《～の》追求《of ～》,,,
B201909,puzzled,adj,混乱した,当惑した,,,
B201910,qualification,n,〈U〉資格を与えること,〈U〉〈C〉制限,条件,修正,,,
B201911,quantify,v,〈他〉定量化する,,,,
B201912,quarantine,n,(伝染病予防のための人・動物・船・積み荷などの)隔離,〈U〉隔離(検疫)期間,〈C〉隔離所,〈U〉(一般に)強制的隔離,
B201913,quarrel,n,《人との,《～に対する》苦情,,,
B201914,quarrel,v,《人と～のことで》口げんかする,《～に対して》苦情(不平),,,
B201915,quarrelsome,adj,議論好きな,,,,
B201916,queer,adj,風変りな,気分が悪い,,,
B201917,query,n,〈C〉質問,疑問符,,,
B201918,question,v,〈他〉《～について》〈人〉に質問する《about ～》,〈事〉に疑いをかける,,,
B201919,queue,v,〈自〉〈人が〉《乗物などを》列を作って待つ《up for ～》,〈他〉～を待ち行列に入れる,,,
B201920,quiet,n,静かさ,安静([rest]),,,
B201921,quit,adj,《英・かたく》《be ～》《不快なものから》免れて,《～を》取り除いて《of ～》,,,
B201922,quotable,adj,引用価値のある,引用に適する,引用しうる,,
B201923,quotation,n,〈U〉(～から)引用すること《+from+名》,また《話》quote)〈C〉(～からの)引用語(句),〈C〉(株式などの)相場《+on+名》,相場をつけること,,
B201924,quote,n,引用,見積価格,,,
B201925,quote,v,引用する,見積もる,,,
B201926,racism,n,民族主義,民族主義政策(体制),,,
B201927,racist,n,民族主義者,人種差別主義者,民族主義の,人種差別主義の,,,
B201928,rack,n,〈C〉《しばしば複合語を作って》(枠・網・棒などで作られた)～掛け,拷問台,,,
B201929,radar,n,電波探知法,〈C〉電波探知機,,,
B201930,radiate,v,〈太陽などが〉光(熱)を放つ,(～から)〈光・熱などが〉放射する,〈道路などが〉(～から)放射状に広がる《+out from+名》,〈光・熱など〉を放射する,〈喜び・愛など〉を発散させる
B201931,radical,adj,急進的な,根本的な,,,
B201932,radically,adv,根本的に,急進的に,,,
B201933,radium,n,ラジウム(放射性金属),化学記号はRa,,,
B201934,rafter,n,たる木(むねから軒先に平行に張り渡す木材),,,,
B201935,rag,n,布切れ,(特に)ぼろ切れ,《複数形で》ぼろ服,(一般に)《～の》小片,《話》ぼろ新聞,
B201936,rainbow,n,虹,,,,
B201937,rainstorm,n,暴風雨,,,,
B201938,rally,n,集会,〈C〉(悪い状態からの)持ち直し,テニスの)ラリー,,
B201939,ram,n,(去勢してない)雄羊,破城槌,くい打ち機,,
B201940,ramp,n,(病院・ガレージ・立体高速道路の出入口などの)傾斜通路,(飛行機の)タラップ,,,
B201941,range,v,《副詞句を伴って》(価格・気温などがある範囲内で)変動する,《副詞[句]を伴って》(ある状態に)～を並べて置く,(～を)さまよう,(動植物が)分布している,～をさまよう
B201942,ranger,n,歩き回る人,《米》森林警備官,《英》(王立公園の)監視官,武装警備兵,《R-》《米》(第二次世界大戦中の)突撃隊員,,
B201943,rape,n,〈U〉婦女暴行,強姦,,,
B201944,rape,v,〈他〉〈婦女〉を暴行する,を強姦する,,,
B201945,rash,adj,発疹(はっしん),,,,
B201946,rate,v,〈他〉を評価する,の値段を決める,に値する,〈自〉評価される,
B201947,rattle,n,ガタガタ音を立てる,ガタガタと動く,をガタガタいわせる,,
B201948,ravage,n,〈U〉破壊[すること],《複数形で》(～の)破壊の跡,,,
B201949,reaction,n,〈U〉〈C〉《～に対する》反応 《to ～》,〈U〉《～に対する》(政治的・社会的な)反動 ,〈U〉〈C〉化学反応,,
B201950,readily,adv,快く,容易に,,,
B201951,real estate,n,(土地・家屋などの)不動産,,,,
B201952,realization,n,〈U〉(希望・計画などの)実現,〈U〉完全に理解する(している)こと,《a~》(具体的な)認識,〈U〉《the~》《話》(財産などの)売却,(財産を売却してある額の金を)手に入れること《+of+名》,,
B201953,rear,adj,〈C〉(ある物の)背後,(ある物の)後部,(軍・艦隊などの)最後尾,【形】後方の,後部の
B201954,reasonably,adv,適度に,合理的に,もっともだ,,
B201955,rebel,n,〈C〉反逆者,反抗者,,,
B201956,rebel,v,〈自〉《～に》反逆する,《～を》ひどく嫌う《aganinst at》,,,
B201957,rebellious,adj,(権力に)反抗する,(時代などが)反乱のあった,手に負えない,,
B201958,recession,n,景気後退,不景気,,,
B201959,recipe,n,〈C〉(食物・飲物などの)作り方,秘訣,,,
B201960,reckon,v,を数える,～をみなす,数える,《話》思う,
B201961,recognition,n,〈U〉見て気がつくこと,見覚え,《～の》承認《of》,《～の》表彰《of》,
B201962,recollect,v,～を思い出す,思い出す,,,
B201963,recollection,n,〈U〉《～を》思い出すこと,〈C〉(個々の)思い出,,,
B201964,recommendable,adj,推薦できる,,,,
B201965,recommendation,n,〈U〉《～を》推薦すること《of ～》,〈C〉推薦状,長所,,
B201966,reconsider,v,～を再考する,考え直す,,,
B201967,recreation,n,〈U〉レクリエーション,気晴らし,娯楽,,
B201968,recruit,v,(軍隊・団体などに)〈新兵・新会員など〉を入れる,《古》〈健康・元気など〉を回復する,新兵(新会員)を募集する,,
B201969,rectangular,adj,矩形(くけい)の,長方形の,,,
B201970,redo,v,～を再びする,やり直す,,,
B201971,redundant,adj,余計な,冗長な,豊富な,〔英〕 解雇された,
B201972,reed,n,アシ,アシ笛,リード,リード楽(リードの震動で音を出す管楽器,クラリネットやオーボエなど),
B201973,reference,n,〈U〉《～へ》言及すること《to ～》,《～を》参照すること《to ～》,〈C〉(本などの)出典,言及した事柄,人物・才能などの)証明書
B201974,referent,n,指示するもの(語や記号など),指示物,,,
B201975,refinery,n,〈C〉精製所,精錬所,製油所,,
B201976,reflective,adj,反射(反映),熟考する,,,
B201977,reform,n,〈他〉〈政治・制度など〉を改善する,〈人〉を改心させる,〈自〉改心する,,
B201978,refrain,n,(詩・歌の各節の終りの)繰り返し文句,,,,
B201979,refresh,n,(飲食物・休息などが)〈人〉を再び元気にする,〈気分など〉を再びさわやかにする,,,
B201980,refuge,n,〈U〉(～からの)避難,〈C〉(～からの),〈C〉助け(慰め)となる人物(物,《英》= safety island,
B201981,refugee,n,(特に祖国からの)亡命者,逃亡者,難民,,
B201982,refute,v,(人・意見など)の間違っていることを証明する,を論破する,,,
B201983,regard,n,,〈U〉《～に対する》考慮 《to》,,《～に対する》敬意 《to》,《複数形で》よろしくという挨拶,,
B201984,regardless,adv,とにかく,《～に》かかわらず,,,
B201985,reggae,n,レゲイ(西インド諸島に起源を持つロック音楽),,,,
B201986,regime,n,〈C〉政権,政治体制,制度,,
B201987,regret,n,〈U〉(～に対する)後悔,〈U〉(～に対する)悲しみ,〈C〉《複数形で》(招持などへのていねいな)断り[状],(断るための)遺憾の言葉,,
B201988,regrettably,adv,遺憾ながら,残念なことに,,,
B201989,regulate,v,規制する,統制する,調整する,,
B201990,rehearsal,n,〈C〉予行演習,準備,繰り返して話すこと,,
B201991,reinforce,v,を増強する,に増援する,,,
B201992,reinforcement,n,〈U〉増強,〈C〉補強材,《複数形で》援軍,,
B201993,rejection,n,〈U〉〈C〉断ること,〈C〉廃棄物,,,
B201994,rejoin,v,〈仲間・団体〉‘に'再び加わる,～を再び結合させる,,,
B201995,related,adj,関係のある,,,,
B201996,relativity,n,関係のあること,《時にR-》(アインシュタインによる)相対性理論,,,
B201997,relaxation,n,(～を)ゆるめること,休養,,,
B201998,relay,n,(駅馬車などの)替え馬,(仕事の)交代,リレー,《話》=relay race,放送の)中継,(電気の)継電器
B201999,relevant,adj,《補語にのみ用いて》《主題・当面の問題などに》関連のある《to ～》,《～に》適切な,,,
B202000,relic,n,遺物,(昔の)なごり,(聖人の)遺骨,,
B202001,relief,n,〈U〉〈C〉《苦通・悩みなどの》軽減,〈C〉《単数形で》ほっとさせるもの,〈U〉安心,(難民などへの)救済,職務(任務)の交替
B202002,relieve,v,を取り除く,を和らげる,を安心させる,を救済する,を交替させる
B202003,relieved,adj,(～して)ほっとする,安心する,,,
B202004,reluctant,adj,(人が)気が進まない,《be ~ to do》～したがらない,,,
B202005,remaining,adj,残っている,,,,
B202006,remains,n,残り物,遺作,遺体,,
B202007,remark,n,〈C〉感想,注記,〈U〉注目,,
B202008,remarkably,adv,著しく,目立って,,,
B202009,reminder,n,思い出させる人(もの),(思い出させるための)助言,催促状,,
B202010,rental,n,〈C〉賃貸料,〈U〉《～を》借りること,《米》賃貸するもの,,
B202011,reorganize,v,～を再編成する,,,,
B202012,repaint,n,塗り直したもの(部分),塗り替えたもの(部分),,,
B202013,repertoire,n,上演目録,演奏曲目,レパートリー,,
B202014,repetition,n,〈U〉《～を》繰り返すこと,《～の》暗唱 《of ～》,《～の》写し,,
B202015,replacement,n,〈U〉置き換わること,〈C〉置き換わる物(人),《～の》代理,,
B202016,replica,n,(原作者が作った)原作の写し,模写,,,
B202017,repress,v,〈暴動など〉を抑圧する,〈感情など〉を抑える,〈不安・いやな記憶など〉を抑圧する(意識しないようにすること),,
B202018,repression,n,鎮圧すること,(意識の)抑圧,,,
B202019,reprint,n,〈C〉再版,,,,
B202020,reprove,v,(～の理由で)〈人〉を非難する,しかる《+名+for+名(doing)》,,,
B202021,research,v,～を研究する,《～を》研究する,,,
B202022,residence,n,〈C〉住宅,在住期間,〈U〉居住,,
B202023,resident,n,〈C〉居住者,,,,
B202024,resign,v,〈自〉辞職する,,《～を》辞める 《from 》,〈他〉を辞職する,,
B202025,resignation,n,〈U〉〈C〉辞職,〈C〉辞表,〈U〉あきらめ,
B202026,resistance,n,〈U〉〈C〉《～に》抵抗すること,抵抗運動,〈U〉抵抗力,,
B202027,resolution,n,〈U〉決定すること,決意,強固な意志,《～の》解決,《～の》分解《of ～》〈C〉決議,分解
B202028,resonant,adj,(音・声が)鳴り響く,《補語にのみ用いて》(場所・物体が)《～で》共鳴する《with ～》,(音・声などが)豊かな,,
B202029,respectably,adv,立派に、見苦しくなく,,,,
B202030,respected,adj,尊敬されている,評判のいい,,,
B202031,respiration,n,〈U〉呼吸すること(breathing)〈C〉一呼吸,〈U〉(生物の)呼吸作用,,,
B202032,respiratory,adj,呼吸の,呼吸作用の,呼吸のための,,
B202033,restriction,n,〈U〉《～を》制限すること《of ～》,制限されていること,〈C〉《～に対する》制限事項,,
B202034,resume,v,〈他〉〈中断した仕事・話など〉を再び始める,～を再び取る,〈自〉再び始める,,
B202035,retailer,n,小売り商人,小売業者,販売店,,
B202036,retard,v,〈他〉～‘の'進歩(進行)を遅らせる(のろくする,〈自〉(進行が)遅れる,,,
B202037,retina,n,(目の)網膜,,,,
B202038,retirement,n,〈U〉《～からの》引退,退職《from ～》,,,
B202039,retreat,n,〈U〉〈C〉《～から～へ》退却すること《from ～ to ～》,《～からの》避難所《from ～》,,,
B202040,retreat,v,〈自〉後退する,〈他〉を後ろに下げる,,,
B202041,retrieve,v,【動,他】《～から》を取り戻す,〈罪など〉を償う,〈猟犬が〉〈獲物〉を捜して持って来る,
B202042,revelation,n,〈U〉(隠れた事実などを)明らかにすること,明らかにされたこと,〈U〉(神の)啓示,《the R-》ヨハネによる黙示録(新約聖書の最後の書,《略》Rev.),
B202043,revenge,n,〈受けた危害・悔辱など〉‘に'復讐(ふくしゅう)する,〈人〉‘の'仇(あだ)を討つ,行為・言葉に対する人への)復讐(あくしゅう),,,
B202044,revenue,n,〈U〉(企業などの)総収入,(国･地方自治体の)税収入,〈C〉国税局,税務署,
B202045,reverence,n,〈U〉(～に対する)崇敬,Her)R-》・ローマカトリック教の牧師の敬称・尊敬(の念)(for)(We hold him in ～.), 〔古〕 敬礼・(R-)尊師 (his [your] R-,,,
B202046,reverse,v,～を逆にする,〈機械など〉を逆転させる,〈判決など〉を取り消す,(ダンスで)逆に回る,〈機械などが〉逆方向に動〉
B202047,review,v,～を調べ直す,《米》〈学科など〉を復習する,～を(改良の目的で)精密に検査する,～を回顧する,～を批評する
B202048,revival,n,〈U〉〈C〉(生命・意識・元気などの)回復,(～を)生き返らせること《+of+名》,〈U〉〈C〉(習慣・流行などの)復活,〈C〉(～の)再上演,〈U〉信仰復興,〈C〉信仰復興伝道集会,
B202049,revive,v,〈人〉を生き返らせる,〈習慣・流行など〉を復活させる,～を再上演する,生き返る,元気(意識)を取り戻す,
B202050,revolution,n,〈U〉〈C〉(～に対する)(政治的な)革命《+against(in)+名》,〈C〉(一般に)(～の)大変革《+in+名》,〈U〉回転運動,〈C〉一回転,〈U〉〈C〉(天体の)運行,〈U〉〈C〉(季節などの)循環
B202051,revolutionary,adj,《名詞の前にのみ用いて》革命の,革命的な,全く新しい,《R-》アメリカ独立戦争の,革命家,
B202052,revolutionize,v,～‘に'革命を起こす,～を根本的に変える,,,
B202053,revolve,v,～の周りを)[円を描いて]回る《+around(《英》round)+名》,(～を軸にして)回転する《+on+名》,巡る,〈考えなどが〉思い巡らされる,《文》(～を)熟考する《+on+名》
B202054,reward,v,(～のことで～で)〈人〉‘に'報いる,〈仕事・功績など〉‘に'報いる,,,
B202055,rhinoceros,n,サイ,,,,
B202056,rhyme,v,〈自〉《～と》韻を踏む《with ～》,〈他〉～を韻を踏ませる,,,
B202057,rhythmic,adj,律動的な,調子のよい,,,
B202058,rib,n,肋骨(ろっこつ),(骨付きの)あばら肉,肋骨状の物,(船の)肋骨,葉脈(vein),編物・織物の)うね
B202059,riddle,n,(特に砂利と砂などをふるい分ける)目のあらいふるい,,,,
B202060,rider,n,(馬などに)乗る人,(契約書などの)追加条項,,,
B202061,ridge,n,山の背,(動物の)背,一般に,〈屋根〉‘に'むねをつける,〈畑など〉‘に'うねをたてる,
B202062,righteousness,n,正義,公正,正直,,
B202063,rightly,adv,正確に,適切に,(道徳的に)正しく,,
B202064,rim,n,特に円形,(車輪の)わく,,,
B202065,rip,v,～を裂く,〈穴など〉を裂いて(破って)作る,～を裂いて(,破って)取る《+out(off》,,
B202066,risk,v,〈生命など〉を危険にさらす,～を危険(失敗),,,
B202067,risky,adj,危険な,#NAME?,,,
B202068,rite,n,(通例宗教的な)儀式,,,,
B202069,ritual,n,〈U〉〈C〉儀式,(社会的慣習としての)礼儀,,,
B202070,rival,n,(～の)競争相手,ライバル,好敵手,匹敵する人(物)《+for+名》,～における)競争相手《+in+名》
B202071,roam,n,(特に広い地域を)あてもなく歩き回る,～を歩き回る,,,
B202072,roar,v,〈猛獣などが〉ほえる,〈雷・大砲などが〉とどろく,,,
B202073,roast,adj,あぶった,炒った,焼いた([roasted]),,
B202074,rock,v,〈他〉(前後あるいは左右に)を揺り動かす,〈自〉揺れ動く,,,
B202075,rocket,n,ロケット,ロケット弾,ロケット推進ミサイル,火矢,打ち上げ花火,のろし,〈電車などが〉(ロケットのように)突進する,〈値段などが〉急上昇する,
B202076,rocky,adj,岩の多い,岩から成る,岩のような,(意志などが)堅い,,
B202077,roll,v,〈球などが〉転がる,〈車が〉動く,〈人・動物などが〉転がり回る,〈波などが〉うねる,〈時が〉過ぎ去る《+by(away)》
B202078,roommate,n,同宿者,同室者,,,
B202079,rosy,adj,特に,希望に満ちた,,,
B202080,round,prep,～を回って,～の周囲に,,,
B202081,round,v,〈他〉〈曲がり角・建物など〉を曲がる,～を丸くする,〈自〉〈数〉を丸める,丸くなる,回る
B202082,route,n,道,路線,,,
B202083,row,v,《～と》ひどく言い争う,,《～のことで》口げんかする《about》,,,
B202084,royalty,n,〈C〉王室の一員,〈U〉《集合的に》王族,〈U〉王位,王権,〈C〉《しばしば複数形で》(発明家・著者・作曲家などが受ける)(～の)特許権使用料,,
B202085,rub,v,〈物の表面など〉をこする,,～に)～をこすりつける《+名+against(on)》,,〈二つの物〉をこすり合わせる《+名+together》,,～をこすり落とす《+名+away(off)》,～をすりむく
B202086,rubble,n,石くず,(破壊された建物などの)断片,,,
B202087,rug,n,〈C〉敷き物,膝掛け,かつら,,
B202088,ruinous,adj,破滅させる,(建物が)荒廃した,,,
B202089,rule,v,〈他〉〈国・人など〉を支配する,《しばしば受動態で》〈感情などが〉〈人〉〈〈裁判所・裁判官などが〉～と裁決する,〈紙〉に線を引く,《～を》支配する
B202090,rural,adj,田舎の,田舎風の,農業の,,
B202091,rush hour,n,(出勤・退出時の)混雑時間,ラッシュアワー,,,
B202092,rusty,adj,さびた,さび色の,(使用しないために)だめになった,,
B202093,sack,v,〈他〉(軍隊が占領後)〈都市など〉を略奪する,(都市などの)略奪,,,
B202094,safeguard,v,(～から)～を保護する,守る(protect)《+名+from(against)+名》,,,
B202095,sag,n,(～の)たるみ,沈下,下落《+in+名》,,
B202096,sage,n,(通例経験に富んだ年輩の)賢人,,,,
B202097,sail,v,《副詞[句]を伴って》〈船が〉航海する,～から～へ)出航する《+from+名+for(to)+名》,《副詞[句]を伴って》〈人が〉船で旅をする,ヨットを操る,《副詞[句]を伴って》すべるように進む(飛ぶ),〈人が〉さっそうと歩く
B202098,salary,n,給料,俸給,,,
B202099,salesmanship,n,販売の手腕,外交的手腕,,,
B202100,salesperson,n,〈C〉店員,販売員,外交員《単数》,,
B202101,saleswoman,n,(通例腕ききの)女子店員,セールスウーマン,,,
B202102,salon,n,〈C〉(上流家庭の)客間,(昔のフランスで上流貴婦人の開いた)招待会,美術品展示場,《米》(美容・服飾などの)店,
B202103,salsa,n,サルサ,サルサのダンス,チリソース,,
B202104,salty,adj,塩のきいた,《話》海の,ぴりっとしたところのある,,
B202105,sandstone,n,砂岩,,,,
B202106,sanitary,adj,[公衆]衛生の,衛生的な,,,
B202107,sanitation,n,[公衆]衛生,衛生設備(特に下水設備),,,
B202108,satisfactory,adj,満足を与える,満足な,申し分のない,,
B202109,saving,n,《名試の前にのみ用いて》欠点を補う,節約する,《複数形で》貯金,〈U〉〈C〉節約したもの,〈U〉《時にa~》(～の)節約
B202110,saw,v,～をのこぎりで切る,《～に》〈ある形・模様など〉をのこぎりでひいて作る《in ～》,《～に》のこぎりを使う《at ～》,のこぎりをひくように動かす,《副詞を伴って》〈木などが〉のこぎりでひける(切れる)
B202111,say,n,《one's ~》言うべきこと,《時にa ~》発言権,《the ~》決定権,,
B202112,scan,v,～をじっと見る,～‘に'さっと目を通す,〈詩〉‘の'韻律を調べる,(テレビ・レーダーで)〈映像〉を走査する,詩の韻律を調べる,〈詩行が〉韻律の法則に合う
B202113,scandal,n,〈C〉〈U〉醜聞,〈U〉〈U〉恥,〈C〉(スキャンダルに対する人々の)義憤,〈U〉(～についての)中傷,
B202114,scar,n,皮膚の)傷跡,(物の表面の)傷跡,心の傷跡,(植物の茎などに残る)葉印,,
B202115,scarcely,adv,ほとんど～ない,かろうじて,《not の遠回しな表現として》まさか(とうてい),,
B202116,scarlet,n,緋色(ひいろ),深紅(しんく)色(あざやかな赤(bright red,,,
B202117,scent,n,〈U〉〈C〉におい,〈C〉《単数形で》(動物・人が残す)臭跡,(人・物を見つけ出す)方法,〈U〉嗅覚,《英》香水
B202118,schedule,v,〈他〉～のスケジュール(時間表),をスケジュールに入れる,,,
B202119,scheduled,adj,予定された,計画された,予告された,,
B202120,scheme,n,計画,策略,,,
B202121,scholasticism,n,(中世の)スコラ哲学,,,,
B202122,schoolgirl,n,(小・中学校・高校の)女生徒,,,,
B202123,scientifically,adv,科学的に,学術的に,,,
B202124,scooter,n,スクーター(足板に片足を載せて走る前後2輪の子供用のハンドル付き車),モータースクーター(=motor scooter),,,
B202125,scramble,v,～をかきまぜる,〈卵〉をかきまぜて焼く,("盗聴防止のため)〈波長〉を変える,",(敵機を迎撃するため)～を緊急発進させる,《方向・様態を表す副詞[句]を伴って》這うように進む
B202126,scratch,v,つめなど,〈かゆいところ〉をかく,～‘に'かゆみを感じさせる,線で消したりして)(～から)〈名前など〉を削除する《+out(off)+名+from(off)+名》,ひっかいたり
B202127,screen,v,～に網戸をつける,《しばしば受動態で》～を隠す,,《～から》～を仕切る《off》,〈じゃり・砂など〉をふるいにかける,ふるいにかけるように)～を除去する
B202128,screw,v,,〈他〉《～に》～をねじでとめる《down》,《～から》～を無理に取る《～ out of ～》,,,
B202129,scribble,n,走り書き,なぐり書き,,,
B202130,scrooge,n,けちん坊、守銭奴,,,,
B202131,scuba,n,スキューバ(潜水呼吸用器具),スキューバの,,,
B202132,scythe,n,(長柄の刃の大きな)草刈りがま,,,,
B202133,seal,n,〈C〉公印,印章,(封書などの)封印,装飾シール,
B202134,seasonal,adj,季節の,季節的,季節ごとの,,
B202135,second person,n,(文法で)第二人称,,,,
B202136,secondary,adj,第2の,派生的な,中等学校[教育]の,二次電流の,
B202137,secondly,adv,第二に,次に,,,
B202138,sector,n,扇形,軍事作戦地区,(肉事などの)部門,,
B202139,seesaw,n,(またteeter-totter)〈C〉シーソー,〈U〉シーソー遊び,〈U〉変動,(戦闘・ゲームなどの)一進一退,シーソー遊びをする,上下(前後)に動く,(両者の間で)変動する,,
B202140,segment,n,(容易に区別できる)部分,区分,,,
B202141,seldom,adv,めったに～ない,まれに,,,
B202142,select,v,〈他〉(最適のものとして)を選ぶ,〈自〉選ぶ,,,
B202143,self-confidence,n,自信,,,,
B202144,self-confident,adj,自信のある,,,,
B202145,selfless,adj,私心(私欲)のない,,,,
B202146,seller,n,売る人,《good,,,
B202147,semicolon,n,セミコロン,,,,
B202148,semi-final,n,準決勝,,,,
B202149,seminar,n,指導教授のもとで行う大学の)研究(演習)グループ,研究会,演習,セミナー,ゼミナール
B202150,senator,n,(古代ローマの)元老院議員,(米国・カナダ・フランスなどの)上院議員,,,
B202151,sense,v,～を感ずる,‘に'気づく,,,
B202152,sensible,adj,分別がある,実用的な,顕著な,認識している,
B202153,sensitive,adj,(五感が)敏感な,物事を非常に気にする,感光性の,(器械などが)感度のよい,,
B202154,sentence,v,宣告する,,,,
B202155,separate,v,～を分離する,(～に)〈一つの物〉を分割する,〈人が〉別れる,別れて(～に)なる《+into+名》,(～から)分離する,
B202156,separately,adv,分かれて,別々に,,,
B202157,serene,adj,(生活・風景などが)穏やかな,うららかな,《S-》やんごとなき,,
B202158,serial,adj,続き物の,連続している,,,
B202159,servant,n,〈C〉(家事をする)召使,公務員,《～に》仕える者,,
B202160,setback,n,(進歩の)妨げ,高層建築物の)壁段(上部を段々に後退させた作り),,,
B202161,sexism,n,(職業選択などでの)女性差別主義,男女差別,,,
B202162,sexual,adj,性の,有性生殖の,,,
B202163,sexy,adj,性に関する,セクシーな,,,
B202164,shabby,adj,古ぼけた,(人が)みすぼらしい服装の,(人・行いが)恥ずべき,,
B202165,shaken,adj,shakeの過去分詞,,,,
B202166,Shakespearean,adj,シェークスピアの(風の),,,,
B202167,shaky,adj,(体・声などが)揺れる,こわれそうな,不碓実な,,
B202168,sharp,adv,きっかり,丁度,,,
B202169,sharply,adv,鋭く,急に,激しく,明碓に,敏感に
B202170,shatter,v,〈物〉を粉々に打ち砕く,(回復の余地なく)〈計画・健康・希望など〉を壊す,粉々になる,,
B202171,shed,n,血・液など)を流す,葉・毛・外皮など)を自然に落とす,服)を脱ぐ,光・香りなど)を放つ,
B202172,shell,v,〈貝など〉‘の'殻を取る,～‘に'弾丸(砲弾)を浴びせる,,,
B202173,shield,n,〈C〉盾,(～から)かばうもの,,,
B202174,shift,n,変換,(仕事・作業の)交替,,,
B202175,shipping,n,船積み,海運業,《集合的に》(一港・一国・一海運会社などの)船舶,船舶トン数,,
B202176,shipwreck,n,〈U〉〈C〉難船,難破継[の残がい],〈U〉(計画などの)破滅,,
B202177,shock,v,〈他〉〈人〉をぎょっとさせる,(治療のため)〈人・動物〉に電気ショックを与える,,,
B202178,shooting,n,射撃,銃猟,銃猟権,,
B202179,shopkeeper,n,(小さな)店を経営者,店主,,,
B202180,shoplift,v,～を万引きする,万引きする,,,
B202181,shoplifter,n,万引き[する人],,,,
B202182,shoplifting,n,万引き(すること),,,,
B202183,shortness,n,短いこと,無愛相,不足,,
B202184,short-term,adj,短期間の,短期満期の,,,
B202185,show business,n,演芸業,芸能業(演劇・映画・テレビ・セジオなどの娯楽産業),,,
B202186,showcase,n,(店や博物館の)陳列ケース,陳列だな,,,
B202187,shower,v,～に水を注ぐ,～を降り注ぐ,《itを主語にして》にわか雨が降る,,《～に》降り注ぐ《on》,シャワーを浴びる
B202188,shrink,n,後ずさり,《米俗》精神科医,,,
B202189,shrink,v,〈布などが〉縮む,しりごみする,(～に)〈数量・価値などが〉減る,(～に)～を縮める,
B202190,shrug,v,〈肩〉をすくめる,肩をすくめる,,,
B202191,sigh,v,悲しみ・疲れ・安心などで)ため息をつく《+with+名》,(～を)嘆いてため息をつく《+over+名》,〈風などが〉ため息をつくような音を立てる,《文》(～を)思って(あこがれて)ため息をつく《+for(after)+名》,,
B202192,significantly,adv,著しく,意味ありげに,,,
B202193,signify,v,意味する、示す、表す、知らせる、重要である,,,,
B202194,silverware,n,銀器,(銀白色の)食卓用刃物,,,
B202195,simplification,n,単純化,簡易化,単一化,,
B202196,simultaneous,adj,同時の,(～と)同時に起こる《+with+名》,,,
B202197,since,adv,《完了形とともに》その時から現在まで,《完了形とともに》その後,,,
B202198,sincere,adj,(感情・行動が)偽りのない,(人が)誠実な,,,
B202199,sincerity,n,誠実,偽りのないこと,正直,,
B202200,sister-in-law,n,義理の姉(妹),兄(弟)の妻,,,
B202201,skateboard,n,〈C〉スケートボード,,,,
B202202,skateboarder,n,〈C〉スケートボーダー,,,,
B202203,sketch,v,～をスケッチする,～を略述する《+in(out)+名》,スケッチ(写生)する,,
B202204,skilled,adj,(人が)熟練した,(仕事が)熟練を要する,,,
B202205,skillful,adj,熟練した,じょうずな,,,
B202206,skillfully,adv,熟練して,上手に,,,
B202207,skim,v,〈他〉〈液体〉から上澄みを取る,,《液体から》〈浮遊物〉をすくい取る《from》,をざっと読む,〈水面など〉を滑るように進む,〈自〉滑るように進む
B202208,skip,v,〈自〉軽く跳ねる,,《～を》省く《over》,〈他〉～を軽く跳び越える,を省く,
B202209,skylark,n,ヒバリ,,,,
B202210,skyward,adv,空の方へ,,,,
B202211,slam,v,荒っぽく音を立てて戸を閉めること,ピシャリ(バタン),,,
B202212,slang,n,俗語,(特定集団の)通語,,,
B202213,slap,n,〈C〉平手打ち,(平手打ちなどの)ピシャリという音,非難,《話》化粧,
B202214,slap,v,～を平手でビシャリと打つ,《～に》～をすばやく(ぞんざいに),ピシャリと音を立てて打つ,,
B202215,slash,n,さっと切りつけること,切り口,価格,(数量などの)大幅切り下げ,衣服の)あき口(スリット)
B202216,slaughter,n,〈U〉(食肉用の)屠殺(とさつ),〈C〉(人間・動物の)大虐殺,大量殺人,〈C〉《単数形で》《話》完敗,,
B202217,slice,v,〈パンなど〉を薄く切る《up》,～を薄く切り取る《off》,〈水など〉を切って進む,(野球・ゴルフなどで)〈ボール〉をスライスさせて打つ,《水などを》切って進む《through ～》
B202218,slide,v,滑る,ある場所から)(バランスを崩して)〈人が〉つるりと滑る,(ある状態・習慣などに)いつの間にか陥る《+into+名》,〈時が〉いつの間にか過ぎ去る《+by(past)》,～に
B202219,slight,adj,(量・程度が)わずかの,取るに足りない,(人が)ほっそりした,,
B202220,sliver,n,〈C〉(木・ガラスなどの先のとがった)細長い一片,,,,
B202221,sloppy,adj,濡れて汚れた,だらしのない,水っぽい,《話》いやに感傷な,
B202222,smash,v,〈他〉を粉々にする,〈自〉粉々に砕ける,,,
B202223,smokestack,n,(工場・汽船の)煙突,《米》(機関車の)煙突,,,
B202224,snap,v,パチン(ポキン),〈木の枝などが〉ポキッと折れる,〈戸・ふた・カギなどが〉パチン(カチッなど)と音をたてて(～の状態に)なる《+形〈補〉》,(～に)ぱくっとかみつく《+at+名》,～をパチン(ピシッ)と音をさせる
B202225,sneak,v,《場所・方向などを表す副詞[句]を伴って》こそこそ動く,卑劣なことをする,《英学生俗》先生に告げ口する,～をこっそり取る,《話》～を盗む,卑劣な人,こそこそやること
B202226,sneer,n,(～に対する)あざ笑い,あざけり《+at+名》,,,
B202227,sneeze,v,くしゃみをする,,,,
B202228,sniff,v,(～を)かぐ,軽べつ・不満などを示して)(～に)フンと鼻をならす《+at+名》,～‘の'においをかぐ,,
B202229,snore,n,いびき,,,,
B202230,snore,v,いびきをかく,,,,
B202231,snowball,n,(雪合戦などの)雪の玉,(削り氷を球にして味をつけた)スノーボール,白い球状の小花をつける低木の類(ガマズミなど),～‘に'雪の玉を投げつける,雪げるまのように成長する(ふくれあがる),雪だるまのようにふくれ上がって(～)になる《+into+名》
B202232,soak,n,浸すこと,,,,
B202233,soak,v,〈他〉～をびしょぬれにする,,《～に》～を浸す《in》,〈水分・知識など〉を吸収する《up》,〈自〉(液体などに)つかる,《～に》〈液体が〉しみる《in
B202234,soaked,adj,ずぶぬれの,(～で)満ちた,《俗》酔っぱらった,,
B202235,soaking,adj,しみ込む,ずぶぬれになるほどに,,,
B202236,soar,v,〈ワシなどが〉空高く飛ぶ,〈山などが〉そびえ立つ,〈物価などが〉急に上る,〈希望・元気・想像力などが〉高まる,
B202237,sob,v,すすり泣く,〈風・波などが〉すすり泣くような音を出す,,～をすすり泣きながら話す《+out+名》,《副詞[句]を伴って》すすり泣いて～を(ある状態に)する,すすり泣き
B202238,so-called,adj,いわゆる,名ばかりの,,,
B202239,sociable,adj,(人が)社交的な,(集まりなどが)なごやかな,,,
B202240,socialize,v,〈自〉社会的活動をする,〈他〉を社会生活に順応させる,社会主義化する,,
B202241,softness,n,柔らかさ,温和,静かさ,弱さ,,
B202242,soil,n,〈U〉(植物の成長に適する)土,〈U〉〈C〉《気取って》国,《the~》土地,,
B202243,solar,adj,太陽の,,,,
B202244,solidity,n,固いこと,(財政・人柄などが)しっかりしていること,,,
B202245,soliloquy,n,〈C〉(演劇の)独白,〈C〉〈U〉ひとり言,,
B202246,solo,adj,独唱の,一人でする,,,
B202247,solo,adv,独唱で,一人で,,,
B202248,solo,n,独唱曲,(一般に)一人で行う演技や行為,単独飛行,,
B202249,solvent,n,溶剤,溶媒,解決策,,
B202250,somewhat,adv,いくぶんか,やや,少し,,
B202251,son-in-law,n,娘の夫,娘婿(むすめむこ),,,
B202252,sonnet,n,ソネット,十四行詩(愛について歌う定型詩),,,
B202253,sophisticated,adj,世慣れた,洗練された,(機械・方式などが)極めて複雑な,,
B202254,sort,v,～を分類する,をえり分ける,《くだけて》〈問題など〉を処理する,,
B202255,sound,adj,(物が)傷んでいない,(心身が)健全な,(財政的に)安定した,(論理・判断などが)的確な,睡眠が)深い
B202256,soundtrack,n,サウンドラック(発声映画のフィルムの端の録音帯),,,,
B202257,southward,adv,南へ(に),南の,南へ向かう,南方・南部,,
B202258,Soviet,n,〈C〉(旧ソ連の)地方会議(労働者・農民によって選出され,《the Soviets》旧ソ連政府,旧ソ連人民,,,
B202259,soybean,n,大豆(だいず),,,,
B202260,spa,n,鉱泉,温泉場,,,
B202261,span,v,〈他〉架かる、渡される,及ぶ、広がる,回す、つかむ,測る,
B202262,spare,adj,予備の,(時間・金が)余分の,,,
B202263,spare,v,〈他〉を容赦する,《苦労などを》〈人〉にさせない《?〈人〉〈苦労〉》,(時間・労力など)を惜しむ,(労力・時間など)をさく,
B202264,spareribs,n,肉の少しついた拓のあばら骨,,,,
B202265,spark,n,〈C〉火花,〈C〉(人などの)活気,〈C〉(事件などの)発端,《a spark》ほんの少し(の～)《+of+名》,火花を出す,閃光を発する,〈電気が〉スパークする
B202266,sparkling,adj,きらめく,華々しい,生き生きした,(飲み物が)発泡性の,
B202267,sparrow,n,すずめ,,,,
B202268,specialty,n,専門,特色,特製品,,
B202269,species,n,〈C〉(生物分類上の)種(しゅ),〈C〉(～の)種類《+of+名》,《the ~》人類(mankind),,
B202270,specifically,adv,特に,具体的に,,,
B202271,specify,v,〈他〉〈物事〉を明細に述べる,(明細書の中などで)～を指定する,,,
B202272,spectacle,n,(特に印象的な)光景,〈C〉(特に大規模な)見せ物,(また《話》specs)《複数形で》眼鏡,,
B202273,speeder,n,高速で運転する人、スピード違反者,,,,
B202274,spellbound,adj,呪文で縛られた,魅せられた,,,
B202275,spin,v,〈他〉〈糸など〉を紡ぐ,クモ・カイコなどが)〈糸〉を吐く,をくるくる回す,〈自〉糸を紡ぐ,くるくる回る
B202276,spite,n,〈U〉悪意,,〈C〉《a ~》《～への》恨み《against》,,,
B202277,splash,n,水などを)はね散らすこと,(泥などの)はね《of ～》,はね散らす音,はねてついた泥などの)しみ, (黒・白などの)斑点(はんてん)《of ～》,《話》(新聞などの)はでな扱い,
B202278,splatter,n,はね散らす(飛び散る)こと(音,,,,
B202279,split,v,〈他〉を縦に割る,(利益など)を分配する,〈自〉割れる,壊れる,
B202280,spokesman,n,スポークスマン,代弁者,,,
B202281,spokeswoman,n,女性スポークスマン,,,,
B202282,sponsor,v,～を保証する,～を支持する,〈商業放送〉‘の'スポンサーになる,,,
B202283,spot,v,～を見つける,,《～だと》～を見抜く《as》,～をしみで汚す,〈人格・名声など〉を汚す,特定の場所に)～を置く
B202284,spray,n,〈U〉《水や他の液体の》しぶき 《of ～》,〈C〉噴霧器,,,
B202285,spray,v,,〈他〉《～に》～を吹きかける 《on》,,〈自〉《～に》しぶきをかける《on》,,,
B202286,spread,v,〈たたんだ物など〉を広げる,～に)～を薄く塗る,(～に)～をかける,～を)～‘に'薄く塗る,(で)～をおおう《+名+with+名》,～を引き離す,《しばしば副詞[句]を伴って》(～に)～をまき散らす,〈知識・ニュースなど〉を広める,〈病気など〉をまん延させる《+名+over(among)+名》
B202287,spreadsheet,n,〈C〉スプレッドシート,表計算ソフト,,,
B202288,sprint,n,短距離競走,(ゴール前などの)全力疾走,短距離を)全速力で走る(こぐ),,
B202289,spur,n,駆り立てる,,,,
B202290,squad,n,(軍隊の)分隊,(一般に少人数の)班,,,
B202291,squash,n,(種々の)カボチャ,,,,
B202292,squash,v,～を押しつぶす,(～の中に)～を押し込める,〈暴動など〉を鎮圧する,《話》〈人〉をやり込めて黙らせる,つぶれる,～の中に)割り込んでいく《+into(in)+名》
B202293,squeeze,v,〈他〉を絞る,,《～から》〈汁・水分など〉を絞り取る《from》,,,
B202294,stab,v,(刃物・とがったものなどで)～を刺す,(～に)〈刃物・とがったものなど〉を突き刺す《+名〈刃物など〉+into+名》stab a fork into meatフォークを肉に突き刺す,(～まで)〈人・心など〉を鋭く傷つける《+名〈人・心など〉+to+名》,(～に)刃物で突きかかる,
B202295,stability,n,〈U〉安定,(人・意志などの)着実,,,
B202296,stack,n,干し草の山,一般に,(図書館などの)書架,煙突,《しばしば複数形で》《話》多数
B202297,stagger,n,〈C〉よろめき,《the staggers》《単数扱い》(家蓄の)暈倒(～,,,
B202298,stain,n,〈U〉〈C〉《～についた》しみ,汚れ《on ～》,,,
B202299,stain,v,〈他〉《～で》を汚す,〈ガラス・木材・布など〉に着色する,,,
B202300,stake,n,(境界標・植物の支えなどの)くい,火刑用の柱,《the~》火刑,《しばしば複数形で》(競馬・ゲーム・かけ事などの)かけ金,～に対する)(金銭的・感情的な)利害関系《+in+名(doing)》,
B202301,stammer,v,どもる,,～をどもりながら言う《+out+名》,どもり,,
B202302,stamp,v,踏みつける,判を押す,印象を刻み付ける,切手を貼る,押しつぶす
B202303,standard,adj,標準の,定評のある,,,
B202304,standby,adj,交代用の,キャンセル待ちの,待機の,,
B202305,standstill,n,停止,(事態の)行き詰まり,,,
B202306,stanza,n,(詩の)節,詩において一定の形をとり,通例4行以上から成る詩の構成単位,,
B202307,startle,v,～を飛び上がらせる,(～に)ぎょっとする,突然の驚き,,
B202308,starvation,n,餓死,飢餓,,,
B202309,starve,v,餓死する,《～を》切望する,～を飢え死にさせる,〈人〉を飢えさせる,《～を》～に切望させる《for
B202310,starving,adj,飢えた,《話》とてもおなかがすいて,,,
B202311,state,adj,公式の,国家の,州の,公立の,
B202312,state,v,を述べる,表明する,,,
B202313,statesman,n,(特に有能で公正な)政治家,,,,
B202314,statewide,adv,《米》州全体にわたって,,,,
B202315,statistics,n,《複数扱》統計,《単数扱い》統計学,,,
B202316,steely,adj,鋼鉄の,(色・堅さ・強さなどが)鋼鉄のような,頑固な,冷酷な,,,
B202317,steer,v,〈他〉(船・車・飛行機など)のかじをとる,(人)を操る,(進路・道)を操縦して進む,を導く,〈自〉操縦する
B202318,steering wheel,n,ハンドル,,,,
B202319,stepfather,n,まま父,継父,義父,,
B202320,stepmother,n,まま母,継母,義母,,
B202321,stereotype,n,ステレオタイプ、固定観念,定型,決まり文句,,,
B202322,stern,adj,厳格な,手厳しい,(顔つきなどが)いかめしい,,
B202323,stew,n,〈C〉〈U〉シチュー(肉・野菜などをとろ火で煮込んだ料理),〈C〉《話》気をもむこと,,,
B202324,stick,n,〈C〉棒,(歩行用)ステッキ,《~ of ～》棒状《の～》,《話》処罰,
B202325,stiff,adj,堅い,(肩などが)凝った,(態度・動作が)堅苦しい,(要求などが)厳しい,
B202326,stimulant,n,刺激[するもの],興奮性飲食物,,,
B202327,stimulate,v,を刺激する,を励ます,,,
B202328,stimulation,n,刺激,激励,,,
B202329,stingy,adj,けちな,乏しい,,,
B202330,stink,v,悪臭を放つ,(～で)臭い《+of+名》,《話》鼻持ちならない,《話》非常に劣っている,〈場所など〉をいやな臭いにする《+up+名》,
B202331,stitch,n,〈C〉(縫い物・外科手術などの)一針,縫い目,縫い方,〈U〉《しばしばa~》(わき腹・背などの)激痛,《話》ごくわずか(の～)《of ～》
B202332,stock,n,〈C〉〈U〉(～の)在庫品,〈C〉〈U〉(～の)貯蔵,〈U〉《集合的に》家畜,〈U〉血統,〈U〉〈C〉(動植物の)種属
B202333,stock market,n,株式市場,株式売買,,,
B202334,stockpile,n,(非常時に備えて原料・弾薬・武器などの)備蓄,貯蔵,,,
B202335,stonework,n,石細工,《複数形で》石材工場,,,
B202336,stool,n,(ひじ掛け・背のない)腰掛け,足台,大便,,
B202337,stopover,n,旅行途上の短期滞在,立ち寄り先,途中下車,,
B202338,stopwatch,n,ストップウォッチ,,,,
B202339,store,v,(将来のために)～を蓄える《up ～》,～を倉庫に保管する,《～を》〈ある場所など〉に供給する,,
B202340,straighten,v,,～をまっすぐにする《+out+名》,～をきちんとする,まっすぐになる,,
B202341,straightforward,adj,わかりやすい,正直な,まっすぐに進む,,
B202342,strain,v,〈他〉を引っ張る,を痛める,を最大限に働かせる,をろ過する,圧迫する
B202343,strait,n,《しばしば複数形で》《単数扱い》海峡,《しばしば複数形で》難局,狭い(narrow),厳しい,,
B202344,strand,n,〈C〉こより,より合わせた)糸,頭髪の房,ひもに通したもの,理論などの)要素
B202345,strangle,v,～を窒息させる,(カラーなどが)〈首〉を絞める,〈笑い・あくびなど〉をおさえる,息が詰まる,窒息死する
B202346,stress,v,〈他〉を強調する,,,,
B202347,strictly,adv,厳格に,厳密に,全く,,
B202348,stride,v,〈自〉大またに歩く,《～を》またぎ越す,,,
B202349,striking,adj,人目につく,目立つ,印象的な,,
B202350,strip,v,〈他〉を裸にする,《～を》からはぎ取って裸にする《of ～》,《～から》を剥ぎ取る,《Aを》～から奪う《～ of A》,〈自〉裸になる,ねじなど)のねじ山をすり減らす
B202351,strive,v,大いに努力する,《～と》戦う,,,
B202352,stroke,n,〈C〉(こぶし・武器・金づちなどの)一打ち,《鐘・時計などの》打つ音 《of ～》,(繰り返される動作・運動の)一動作,(ペン・鉛筆・筆などの)筆の運び,
B202353,stroke,v,〈他〉(髪・動物など)をなでる,(人)をなだめる《down》,,,
B202354,struggle,v,もがく,戦う,,,
B202355,stubbornly,adv,がん固に,強情に,確固として,,
B202356,stuff,v,〈他〉《～を》に詰める《with ～》,《～に》を押し込む 《into ～》,,,
B202357,stylist,n,文章家,《複合語を作って》スタイリスト(服飾・室内装飾などのデザインやアドバイスをする人),,,
B202358,subcontinent,n,亜大陸(インド・グリーンランドなど),,,,
B202359,subculture,n,(同一社会内の)異文化集団,サブカルチャー,,,
B202360,subdivision,n,[再]区分,〈C〉(細分した)一部分,,,
B202361,subjunctive,n,(文法で)仮定法の,仮定法,〈C〉仮定(叙想)法の動詞,,
B202362,submit,v,〈自〉を提出する,〈自〉屈服する,,,
B202363,subplot,n,わき筋(戯曲・小説などで),中心となる筋に付随する筋,,,
B202364,subside,v,〈洪水などが〉引く,〈建物,量が減る,《話》ぐったりと腰をおろす,
B202365,substance,n,〈U〉物質,〈U〉《the~》《～の》趣旨,〈U〉(スープなどの)濃さ,〈U〉実質,〈U〉《古》財産
B202366,substitute,v,〈他〉を《～の》代わりに用いる《for ～》,〈自〉《～の》代わりをする《for ～》,,,
B202367,subtitle,n,(書物などの)副表題,《複数形で》(映画の)説明字幕,,,
B202368,subtle,adj,(知覚しにくいほど)かすかな,(頭脳・感覚などが)鋭い,ずるい,難解な,巧みな
B202369,subtract,v,《～から》～を引く,引き算をする,,,
B202370,suburb,n,〈C〉(都市の近くの住宅地区としての)郊外,《the ~s》《集合的に》(中心街に対して都市の)郊外住宅地,,,
B202371,successive,adj,連続した,継続的な,,,
B202372,suck,v,(～から)〈ミルクなど〉を吸う,～‘の'汁を吸う(すする),(口の中で)～をしゃぶる,(一般に)～を吸い込む,～を)吸う《+at+名》
B202373,sue,v,《～の件で》を訴える《for ～》,《～の件で》訴える,《～を》請求する, 懇願する《for ～》,,
B202374,suffering,n,〈U〉(肉体的・精神的)苦痛,〈C〉《しばしば複数形で》苦悩している状態,,,
B202375,sufficiently,adv,十分に,,,,
B202376,suitably,adv,適当に,適合して,ふさわしく,,
B202377,sulfur,n,イオウ(硫黄)(化学記号は S,,,,
B202378,sunbeam,n,太陽光線,日光,,,
B202379,superb,adj,見事な,上質の,豪華な,壮麗な,雄大な
B202380,superintendent,n,(仕事・施設・組織などの)監督者,(アパート・事務所などの)管理者,,,
B202381,supernatural,adj,超自然の,幽霊(よう精)の,超自然的な現象,,
B202382,supervise,v,〈労働者・仕事など〉を監督する,監督する,,,
B202383,supervision,n,〈U〉監督,管理,指揮,,
B202384,supervisor,n,監督者,管理人,,,
B202385,supplement,n,〈C〉補足,増補,,,
B202386,supplier,n,(特に物資の)供給者,補充者,,,
B202387,supply,v,,〈他〉《～に》〈不足物・必要物〉を供給する《to》,《～を》〈人・物〉に供給する《with ～》,,,
B202388,suppress,v,(反乱など)を鎮圧する,(感情・欲望など)を抑制する,,,
B202389,surge,n,〈C〉高揚,急増,,,
B202390,surrender,v,〈自〉《～に》降伏する《to ～》,《～に》身を委ねる《to ～》,〈他〉《～に》を引き渡す,《～に》(自分の身)を任せる《~ oneself to ～》,《文》(権利・自由など)を譲る
B202391,surroundings,n,(人を取り巻く自然の)環境,,,,
B202392,surveillance,n,(特に容疑者・囚人などの)監視,監督,調査、査察,,
B202393,suspect,v,〈他〉～だろうと思う,を疑う,薄々感づく,を怪しいと思う〈自〉怪しいと疑う,
B202394,suspend,v,《～から》をつるす,を一時停止する,を停職・停学にする,一時的に停止する,
B202395,suspicious,adj,(人物・話などが)疑わしい,疑い深い,,,
B202396,suspiciously,adv,疑い深く,怪しげに,,,
B202397,sustain,v,を持続する,を元気づける,(家族など)を養う,《文》(物が下から)～を支える,損害・傷害など)を受ける
B202398,swan,n,ハクチョウ(白鳥),《the S-》白鳥座,,,
B202399,sweep,v,～を掃く,(ほうきで掃くなどして)〈ごみなど〉を取る,(掃くように)～‘の'上をさっと通る,～を押し流す,off(from)+名》
B202400,swift,adj,速い,(行動・反応などが)即座の,《おもに詩》つかのまの,,
B202401,swing,n,振幅,ブランコ,,,
B202402,swing,v,揺り動かす,振り回す,,,
B202403,syllable,n,音節,《通例否定語と共に用いて》一言,,,
B202404,symbolic,adj,象徴の(に関する),象徴(記号)によって表された,,,
B202405,sympathetic,adj,同情的な,気に入った,《まれ》気性に合った,,
B202406,sympathize,v,～のことで～に)同情する《+with+名+about+名(a person'sdoing)》,(他人の気持ち・考えなどに)共鳴する,,,
B202407,synonym,n,(～の)同義語,類語(smallとlittle),storeのshopなど)《+of(for)+名》,,
B202408,tablecloth,n,テーブル掛け,テーブルクロス,,,
B202409,tabloid,adj,タブロイド紙の,扇情的な,,,
B202410,tabloid,n,タブロイド判新聞(普通の新聞紙の半分の大きさ),,,,
B202411,tack,v,,～をびょうで留める《+down+名》,～に)～を付け加える《+名+on(onto)+名》,～を仮縫いする,(風上に向けて)〈船〉‘の'針路を変える,〈船〉‘～,
B202412,tackle,v,〈他〉(問題・仕事など)に取り組む,にタックルする,,,
B202413,tactile,adj,触覚の,触覚による,触知しうる,,
B202414,tag,n,〈U〉鬼ごっこ,(野球で)タッチアウトにすること,,,
B202415,tail,n,〈C〉尾,〈C〉尾に似た物,(飛行機・車の)尾部,〈C〉(～の)後部,〈C〉コインの裏側,《複数形で》燕尾(えんび)服(tail coat)
B202416,tame,adj,(動物が)飼いならされた,(人・動物が)おとなしい,《話》退屈な,,
B202417,tan,n,〈U〉黄褐色,タンニン〈C〉日焼け,,,
B202418,tanned,adj,(皮が)なめした,日焼けした,,,
B202419,tap,v,～に飲み口をつける,〈たるなどの中の液体〉を出す,〈幹〉に刻み目をつけ樹液を採る,〈電話など〉を秘密に接続する,〈鉱山・土地など〉を開発する
B202420,tatter,n,〈C〉(1片の)ぼろ,《複数形で》ぼろ服,,,
B202421,tattoo,n,入れ墨[の模様],〈肌など〉‘に'入れ墨をする,〈絵など〉を入れ墨で書く,,
B202422,taunt,n,〈C〉あざけり,あざ笑い,ののしり,,
B202423,tease,v,〈他〉〈人・動物〉をいじめる,《米》(逆にくしを入れて)〈髪〉を逆立てる,〈布〉に毛羽を立てる,(紡ぐため)〈羊毛など〉をすく,
B202424,teaspoon,n,(紅茶・コーヒー用などの)茶さじ,#NAME?,,,
B202425,technical,adj,専門の,工業の,技術の,,
B202426,technically,adv,専門的に,技術的に,厳密に言えば,表向きは,
B202427,telescope,n,望遠鏡,(望遠鏡の筒のように順次に)～をはめ込む,(～に)～を短縮する,順次にはまり込む,
B202428,temperate,adj,(行動が)節度のある,(土地・気候などが)温和な,,,
B202429,temporarily,adv,一時的に,仮に,,,
B202430,temptation,n,〈U〉誘惑,〈C〉誘惑するもの,,,
B202431,tender,adj,(筋肉などが)柔らかい,(体質などが)きゃしゃな,幼い,穏やかな,心の優しい
B202432,tenderly,adv,優しく,愛情深く,,,
B202433,tenderness,n,柔らかさ,か弱さ,感じやすさ,《時に a ~》優しさ,,
B202434,terrace,n,バルコニー,テラス,台地,台地(傾斜地)にある家並み,東洋・スペインなどの)平屋根
B202435,terrifying,adj,恐ろしい,,,,
B202436,territory,n,〈C〉〈U〉(広い)地域,〈C〉〈U〉(領海を含む)領土,〈C〉〈U〉(セールスマン・代理店などの)受け持ち区域,〈C〉〈U〉(学問などの)領域,〈C〉《T-》(アメリカ・カナダなどの)準州
B202437,test,v,〈他〉を試験する,を科学分析する,〈自〉《～の》試験を受ける,,
B202438,testify,v,(法廷で)証言する,《～を》保証する,《～の》証拠となる 《to ～》,《~ that ～》～であると証言する,
B202439,testimony,n,〈C〉〈U〉(法廷の証人台での)証言,〈U〉《～の》証拠,(信仰などの)公然とした表明,,
B202440,that,adv,それほど,それだけ,そんなに([so]),,
B202441,theme,n,主題,(児童・生徒の)作文,(曲の)主題,,
B202442,theorist,n,理論家,理論(学説)を立てる人,,,
B202443,therapist,n,治療専門家,,,,
B202444,therapy,n,療法,,,,
B202445,thereafter,adv,その後(after that),,,,
B202446,thermometer,n,温度計,寒暖計,,,
B202447,thesis,n,〈C〉(論証のための)陳述,(卒業・学位の)論文,,,
B202448,thickly,adv,厚く,太く,密に,濃く,
B202449,thickness,n,〈U〉〈C〉厚さ,〈C〉層,,,
B202450,thigh,n,もも,大腿(だいたい)部,,,
B202451,thinker,n,考える人,思想家,,,
B202452,third person,n,《the ~》(文法で)第三人称(he,she,they,a dog,these houses など
B202453,thirdly,adv,第三に,,,,
B202454,thirst,n,〈U〉〈C〉のどの渇き,《a ~》《～に対する》渇望,,,
B202455,thoroughly,adv,徹底的に,完ぺきに,全く,,
B202456,though,adv,～だけれども,～だけど,そうは言うものの(however),でも,しかし
B202457,thoughtful,adj,思いやりのある,考え込んでいる,《補語にのみ用いて》《be ~ of ～》《～に対して》考え深い,,
B202458,thoughtless,adj,思いやりのない,不注意な,,,
B202459,thread,n,糸,筋,,,
B202460,threaten,v,を脅す,を言って脅す,をおびやかす,の前兆となる,
B202461,thrill,n,〈C〉ゾクゾクする感じ,ゾクゾクさせるもの,,,
B202462,thrilled,adj,興奮(ワクワク・感動・感激)した,,,,
B202463,thrilling,adj,ぞくぞく(わくわく)させるような,血わき肉おどる,,,
B202464,throat,n,〈C〉(気管・食道部分としての)のど,のど状の物,,,
B202465,tickle,v,〈人・身体の一部など〉をくすぐる,〈人の心・気持ち〉をくすぐる,くすぐったい,くすぐったい(むずがゆい)感じ,
B202466,tight,adv,《話》堅く,(締め方が)きつく,(睡眠などが)ぐっすりと,,
B202467,tightrope,n,(綱渡りの)綱,,,,
B202468,time,v,～の時間を定める,《～に》～の調子を合わせる,～の時間を計る,,
B202469,timeless,adj,無限の,特定の時間を示さない,,,
B202470,timeliness,n,時宜にかなっていること,,,,
B202471,times,prep,～掛ける,,,,
B202472,timing,n,時間の調節,時間を測定[記録]すること,,,
B202473,tip,v,～を傾ける,,～をひっくり返す《over》,(あいさつのために)〈帽子〉を持ち上げる,《英》(容器から～に)～をあける([empty])《～ out of ～ into ～》,傾く
B202474,tiptoe,v,用心して,(こっそりと)つま先で歩く,,,
B202475,tiredness,n,疲労,けん怠,,,
B202476,tiresome,adj,飽き飽きかせる,やっかいな,,,
B202477,toenail,n,足指のつめ,斜めに打ち込んだくぎ,,,
B202478,toil,v,骨折って(精を出して)働く,,骨折って進む《+along(on)》,,,
B202479,tolerant,adj,寛大な,(薬品・毒物などの作用に)耐性がある,,,
B202480,tolerate,v,〈他〉に寛大な態度をとる,を黙認する,をがまんする,薬品・毒物など)に耐性がある,
B202481,toll,n,〈C〉(橋・道路などの)使用料金,(長距離電話などの)料金,《通例単数形で》(災難などの)被害の程度,,
B202482,tomb,n,墓(grave),(一般に)埋葬場所,,,
B202483,ton,n,(重量単位の)トン,容積単位の)トン(物によって異なり),《話》大量(の～),,
B202484,tonne,n,《重さ》メートルトン,トン(1),000キログラムに相当する重さの単位,,
B202485,torch,n,たいまつ,《米》(はんだ付けなどに用いる)トーチランプ(《英》blowlamp)・《英》=flashlight・《比喩的に》(～の)火,,,
B202486,tortoiseshell,n,〈U〉べっ甲,〈C〉ヒオドシチョウ(タテハチョウの類の一つ),〈C〉三毛ネコ,,
B202487,torture,v,拷問,,,,
B202488,tough,adj,(物が)丈夫な,(肉などが)堅い,(体が)屈強な,骨の切れる,
B202489,toxic,adj,毒性の,毒による,,,
B202490,trace,v,〈他〉～の跡をつける,(複写紙などを使って)～を書き写す,〈線・図形〉を描く《out》,〈自〉《～に》さかのぼる《back to ～》,
B202491,track,v,～‘の'跡をつける,〈記録計の針が〉～の進路(軌道)を観察記録する,〈カメラが〉〈被写体〉を追いかけて写す,,〈泥・雨など〉‘の'跡を付ける,〈床など〉‘に'足跡を付ける《+up+名》,,
B202492,trade,v,交換する,,,,
B202493,trader,n,商人,貿易業者,,,
B202494,trail,v,〈他〉の後について行く,を追跡する,を引きずる,〈自〉引きずる,
B202495,trailer,n,トレーラー(トラクター・トラックに引かれる大きな輸送車),《米》(自動車・トラックに引かれる)移動家屋(《英》caravan,後に続く人(もの),つる草,映画の)予告編
B202496,trainee,n,訓練(特に職業訓練)を受けている人,《米》(軍事教練を受ける)新兵,,,
B202497,trainer,n,訓練する人,仕込む人,(運動選手の)トレーナー,調教師,
B202498,trait,n,〈C〉《かたく》(性格・身体上の)特徴,特性,性質,,
B202499,traitor,n,(国・主義・信用などに対する)裏切り者,反逆者,むほん人《+to+名》,,
B202500,tramp,n,《様態・場所などを表す副詞[句]を伴って》ドシンドシンと歩く,(～を)踏みつける,《場所を表す副詞[句]を伴って》足を踏みしめて歩く,《副詞[句]を伴って》～を踏みつける,～を踏みしめて歩く
B202501,trample,n,踏みつけること,踏みつける音,,,
B202502,transcript,n,写し,《おもに米》[学業]成績証明書,,,
B202503,transfer,n,〈U〉〈C〉(～を)移すこと,〈C〉移る人(物),,,
B202504,transfusion,n,輸血,,,,
B202505,transient,adj,(また [transitory])一時の,(人が)短期滞在の,(ホテルなどの)短期滞在客,,
B202506,transistor,n,トランジスター(真空管の代りをする半導体使用の増副装置),トランジスターラジオ,,,
B202507,transition,n,〈U〉〈C〉《～から～への》移行,《～から～への》過渡期《from ～ to ～》,,
B202508,transitive,adj,(動詞が)目的語をとる,他動の,,,
B202509,translation,n,〈U〉訳すこと,〈C〉翻訳されたもの,,,
B202510,translator,n,(特に専門の)翻訳者,翻訳家,,,
B202511,transmission,n,〈U〉《～を》伝えること,〈C〉(ラジオ・テレビなどで)送られたもの,(車の)変速装置,,
B202512,transmit,v,伝わる,を送る,,,
B202513,transparent,adj,透明な,透けるほど薄い,(言い訳などが)見え透いた,率直な,
B202514,transport,v,〈他〉を輸送する,,,,
B202515,traverse,n,～を横切る,～をあちこち動く,あちこち動く,(山などを)ジグザグに登る,横切る,横切ること
B202516,tray,n,浅いへりのついた平たい容器,(机上書類用の)整理箱,また tearful)盆(皿)一杯[の量],,
B202517,tread,v,〈他〉～を踏んで通る,～を踏みつける,〈自〉歩く,《～を》踏む,
B202518,treat,v,〈他〉(人など)を扱う,《～と》～を見なす 《as ～》,(問題など)を扱う,(病人・病気など)を治療する,〈自〉扱う
B202519,treaty,n,条約,協定,条定,和約,
B202520,trek,n,長くつらい旅,,,,
B202521,tremendously,adv,途方もなく,恐ろしく,とても,,
B202522,tremor,n,(地面などの)震動,(恐怖・興奮などによる体・手足の)震う,,,
B202523,trial,n,〈U〉〈C〉裁判,《～の》試験,〈C〉試み,試練
B202524,triangle,n,三角形,三角形の物,《米》三角定規,(楽器の)トライアングル,三つ組
B202525,tribe,n,《集合的に》《単数・複数扱い》部族,《しばしば軽べつして》(～の)仲間,動植物の)族(family(科)と genus(属)の間の分類単位,,
B202526,trick,v,〈他〉〈人〉を騙す,,,,
B202527,tricky,adj,(人が)こうかつな,(物事・仕事などが)手の込んだ,,,
B202528,trio,n,三ツ組,三重唱[曲,,,
B202529,trip,v,〈自〉つまづく,〈他〉つまずかせる,,,
B202530,trivial,adj,ささいな,平凡な,,,
B202531,trolley,n,(2輪または4輪の)手押し車,(軌道上を手押しする)トロッコ,触輪(電車のポールの先端にあり),《米》=trolley car,《英》(食事などを運ぶ)手押し車
B202532,troop,n,〈C〉《移動中の人・野生の動物の》群れ《of ～》,《複数形で》軍隊,,,
B202533,trophy,n,(狩猟・戦争などで得た)戦利品,競技の)トロフィー,優勝記念品,優勝旗(杯・たて),,,
B202534,tropic,adj,熱帯[地方]の(tropical),,,,
B202535,troublesome,adj,迷惑な・人を悩ませる,やっかいな,,,
B202536,trunk,n,〈C〉(樹木の)幹,(人・動物の)胴体,トランク,象の鼻,《複数形で》(文泳などスポーツ競技用の)男子用パンツ
B202537,trust,n,〈U〉《～に対する》信頼,期待,,,
B202538,trusty,adj,(人が)信頼できる,頼りになる,,,
B202539,truthful,adj,(人が)真実をいう,(記述・説明などが)真実の,,,
B202540,truthfulness,n,正直,誠実,,,
B202541,tub,n,おけ,《話》'bath 2,また tubful)おけ1杯[の量](の～)《+of+名》,《話》のろくてぶかっこうな船,《俗》でぶ,
B202542,tuberculosis,n,結核({略}TB),肺結核,,,
B202543,tug,v,(～を)ぐいと引く,《副詞[句]を伴って》～を引きずって行く,〈船〉を引き船で引く,(～を)ぐいと引く,ぐいと引くこと
B202544,tuition,n,〈U〉(大学・私立学校などの)授業料,《かたく》《～の》授業,,,
B202545,tulip,n,チューリップ,その花,その球根,,,
B202546,tumor,n,〈C〉はれもの,できもの,腫瘍,,
B202547,tunnel,n,トンネル,〈山など〉‘に'トンネルを掘る,〈トンネルなど〉を掘る,トンネルを掘る,
B202548,turbulent,adj,荒れ狂う,不穏な,,,
B202549,tutor,n,個人あるいは少人数を教える,・《英》(大学生の)個別指導教官(教授,,,
B202550,twinkle,n,(～の)きらめき,(～の)輝き《+of+名》,,,
B202551,twisted,adj,捻じれた,曲がった,ねじれた,,
B202552,typhoid,n,腸チフス,,,,
B202553,tyranny,n,〈U〉圧制,〈C〉《しばしば複数形で》暴虐行為,〈U〉専制政治,〈C〉(古代ギリシヤの)僣主政治,
B202554,tyrant,n,暴君,専制君主,僣王(古代ギリシアにおいて世襲以外の方法で王位を獲得した者),,
B202555,ultimate,adj,最後の,最大限の,根本的な,最も遠い,the ~)究極のもの
B202556,ultimately,adv,最後に,根源的に,《文修飾》最終的には,,
B202557,unacceptable,adj,許されない,受け入れられない,容認できない,,
B202558,unashamedly,adv,気後れすることなく,臆することなく,恥じらいもなく,,
B202559,unattractive,adj,魅力がない,,,,
B202560,unauthorized,adj,認可されていない,権限のない,不正な,,
B202561,unavailable,adj,入手できない,利用できない,手があいていない,,
B202562,unaware,adj,気づかない,知らない,,,
B202563,unbearable,adj,耐えられない,がまんできない,,,
B202564,unbeatable,adj,打倒(征服)できない,,,,
B202565,unchanged,adj,変化のない,もとのままの,,,
B202566,uncharacteristic,adj,特徴的(典型的)ではない,特質のない,,,
B202567,unclearly,adv,不明瞭に,,,,
B202568,uncomfortably,adv,心地よくなく,不愉快に,,,
B202569,uncommon,adj,普通でない,めったにない,並はずれた,,
B202570,unconcerned,adj,《補語にのみ用いて》《be unconcerned with+名》(～と)かかわりがない,《補語にのみ用いて》(～に)興味がない,(～を)心配しない,,
B202571,unconscious,adj,(一時的に)意識を失った,《補語にのみ用いて》(～を)気付いていない,(動作などが)無意識の,(精神分析で)無意識,
B202572,underestimate,v,〈他〉過小評価する,,,,
B202573,undergraduate,n,大学生,学部学生の,,,
B202574,underground,adj,地下の,《比喩的に》地下の,運動・映画・出版物などについて)前衛的(実験的)な,,
B202575,underground,adv,地下に(で),秘密のうちに,,,
B202576,underneath,adv,下に,下の方に,,,
B202577,undersea,adj,海中の,=[underseas],,,
B202578,understandable,adj,分かりやすい,理解できる,,,
B202579,understanding,adj,〈U〉(～の)理解,〈U〉《しばしば an~》(～に)精通,〈U〉意見,〈U〉《時に an~》(相手の立場の)共感,〈C〉《単数形で》同意,〈U〉理解力
B202580,understanding,n,相手の立場を理解している,思いやりのある,話せる,,
B202581,undertake,v,に着手する,請け負う,～であることを保証する《that～》,,
B202582,underwater,adv,水面下に(を),水中で(を),,,
B202583,underwear,n,下着,肌着,,,
B202584,undoubtedly,adv,疑いなく,確かに,,,
B202585,undreamed,adj,夢に見られない,,,,
B202586,undressed,adj,着物を脱いだ,裸[同然]の,,,
B202587,unease,n,不安,懸念,,,
B202588,uneasily,adv,不安のうちに,窮屈そうに,,,
B202589,unenthusiastic,adj,熱意がない,,,,
B202590,uneven,adj,まっすぐでない,(表面などが)平らでない,(性質・色・形などが)一様でない,釣り合わない,奇数の(odd)
B202591,unfamiliar,adj,よく知らない,《補語にのみ用いて》(物事を)よく知らない,,,
B202592,unfashionable,adj,流行り遅れの,ださい,,,
B202593,unforeseen,adj,予知しない,思いがけない([unexpected]),,,
B202594,ungodly,adj,神を恐れない,《話》ひどい,時刻が)とんでもない,罪深い,
B202595,unhappiness,n,不幸,不運,,,
B202596,unhelpful,adj,助けにならない,,,,
B202597,unimaginable,adj,想像できない,思いもつかない,,,
B202598,unimaginably,adv,想像を絶するほど,,,,
B202599,united,adj,一致協力した,共同した,連合した,,
B202600,universal,adj,すべての人々の,普遍的な,,,
B202601,unjustly,adv,不正に,不公平に,,,
B202602,unkind,adj,不親切な,(天候が)荒々しい,,,
B202603,unlike,prep,～と違って,～とは異なって,,,
B202604,unlimited,adj,(空間的に)限りない,無制限の,過度の,,
B202605,unload,v,(～から)〈荷・乗客〉を降ろす《+名+from+名》,〈船.車など〉‘の'積み荷を降ろす,〈銃.大砲など〉‘から'弾丸を抜く,また《英》off-load)〈悩みなど〉を口にする,(人)〈悩みなど〉を打ち明ける《+名+to(on)+名〈人〉》,《話》〈不用品など〉を処分する
B202606,unlock,v,〈戸.箱など〉‘の'錠を開ける,〈つかんでいた手など〉を離す,〈秘密など〉をもらす,錠が開く,拘束が解かれる(緩む)
B202607,unmistakable,adj,まぎれもない,明らかな,,,
B202608,unmistakably,adv,まぎれもなく,明らかに,,,
B202609,unnatural,adj,不自然な,異常な,人情に反する,人工的な,,
B202610,unofficial,adj,非公式の,私的な,,,
B202611,unpopular,adj,不人気の,,,,
B202612,unrealistic,adj,(作風などが)非現実主義の,計画などが)現実的(実際的)でない,,,
B202613,unreasonable,adj,(人・行為などが)理性を欠く,法外な,,,
B202614,unreliable,adj,信頼できない,,,,
B202615,unrest,n,〈U〉(政治的・経済的な)不安,(心の)落着きのなさ,,,
B202616,unsafe,adj,危険な(dangerous),,,,
B202617,unsatisfactory,adj,(物事が)不満足な,不十分な,,,
B202618,unselfish,adj,利己的でない,私心のない,寛大な,,
B202619,unstoppable,adj,止められない,,,,
B202620,unsuccessful,adj,不成功の,～に)失敗する《+in+塁(do・ing)》,,,
B202621,unsuitable,adj,不適当な,～に)不適な《+for(to)+名》,,,
B202622,unsure,adj,不安定な,不確実な,,,
B202623,untalented,adj,才能のない,,,,
B202624,unthinkably,adv,想像できないほど,想像できない範囲に,,,
B202625,untie,v,〈結び目・包みなど〉を解く,～から)～‘の'ひもを解いて放す,(～から)～を放す,,,
B202626,unto,prep,～に,の方へ,まで(to),,
B202627,untreated,adj,手当てをし(てい)ない、治療していない、処理され(てい)ない、未処理の,,,,
B202628,untrimmed,adj,(植木などが)刈り込まれていない,(髪・芝生などが)手入れされていない,,,
B202629,unusualness,n,珍しさ,,,,
B202630,unwilling,adj,気が進まない、不本意の,,,,
B202631,unwise,adj,分別のない,思慮が足りない,ばかな,,
B202632,unworldly,adj,超俗の,世間知らずの,この世のものではない,,
B202633,upbringing,n,(子供の時に受けた)教育,しつけ,,,
B202634,update,n,最新情報,,,,
B202635,upgrade,n,上りこうばい,アップグレード(版),性能(機能向上),,
B202636,upgrade,v,〈人〉を昇格させる,～‘の'品質を改良する,,,
B202637,upright,adj,真っ直ぐに立った,心の真っ直ぐな,,,
B202638,upright,adv,(上方に)まっすぐに,直立して,,,
B202639,upset,v,〈他〉をひっくり返す,〈計画など〉を駄目にする,〈人〉の心を乱す,,
B202640,upside-down,adj,さかさまの,混乱した,,,
B202641,upside-down,adv,さかさに,混乱して,,,
B202642,urban,adj,都会の,都会に住む,,,
B202643,urge,v,〈他〉を駆り立てる,を強く促す,を力説する,,
B202644,urgently,adv,緊急に,至急に,,,
B202645,user,n,使用者,財産権[の使用],,,
B202646,usher,v,,～へ)～を案内する《+名+to(into)》,,,,
B202647,utility,n,〈U〉役に立つこと,〈C〉《しばしば複数形で》(ガス・電気・水道などの)公共事業体,,,
B202648,utilize,v,～を利用する,～を役立たせる,,,
B202649,utter,v,〈音声・言葉など〉を発する,〈考え・意見など〉を述べる,,,
B202650,utterly,adv,全く,すっかり,完全に([completely]),,
B202651,vacant,adj,(部屋・家・座席・土地などが)あいている,(地位・役職などが)空席の,放心した,(時間などが)あいている,
B202652,vaccine,n,牛痘種,(伝染病の病原菌から作った)ワクチン,,,
B202653,valentine,n,バレンタインカード(聖バレンタイデーに異性に送るカード),《しばしば Valentine》聖バレンタインデーに選ばれた恋人,,,
B202654,valid,adj,(理論・理由などが)妥当な,(契約・法律などが)合法的な,(ある条件のもとで)有効な,,
B202655,value,v,〈他〉《ある金額に》～を評価する,を高く評価する、大切にする,,,
B202656,vanish,v,(特に急に～から)見えなくなる,(～から)存在しなくなる,,,
B202657,vanity,n,〈U〉(容姿・才能などにおける)虚栄心,〈U〉(～の)空虚さ,〈C〉むなしい物(行為),〈C〉(女性の)携帯用化粧バッグ,
B202658,variation,n,〈U〉変化すること,〈C〉}(個々の)変化,変形,《～の》変奏曲《on ～》,
B202659,varied,adj,さまざまな,変化のある,,,
B202660,venture,n,〈U〉〈C〉危険な企て,〈C〉冒険に賭けた物,,,
B202661,venue,n,〈C〉開催地,犯行地,裁判地,《米》立場,
B202662,verbal,adj,言葉の,口頭の,,,
B202663,verbally,adv,口頭で,動詞として,,,
B202664,verse,n,〈U〉韻文,〈C〉詩の一行,詩節,〈U〉特定の詩形,〈C〉(聖書の)節
B202665,verse,v,〈自〉詩で表現する,〈他〉～を詩で表現する([versify]),,,
B202666,version,n,(～の)翻訳,(～についての)[個人的な]説明,(ある物の)変形,,
B202667,versus,prep,訴訟・競技などで)～対(《略》v.),(比較や二者択一において)～に対して,,,
B202668,very,adj,《the(this),《the(one's)~》ただ～だけで(mere),(～)でさえ,,,
B202669,veteran,n,〈C〉老練者,古参兵,退役軍人,使い古したもの,
B202670,vibrate,v,振動する,〈人・心などが〉(～で)おののく,～を揺り動かす,,
B202671,vibration,n,〈U〉震え,〈C〉〈U〉(物理学で)振動,〈C〉《複数形で》(またvibes)《話》(人・状況などから受ける)感じ,,
B202672,viewer,n,テレビを視聴者,観察者,ビューアー(スライド・標本などを拡大して見る装置),,
B202673,vigor,n,(精神的・肉体的な)力強さ,(論旨・文体などの)強さ,,,
B202674,vigorous,adj,(人が)精力的な,(行動などが)活気がある,,,
B202675,vigorously,adv,精力的に,元気よく,活発に,力強く,
B202676,villa,n,(特に南欧の)別荘,郊外住宅,,,
B202677,villager,n,村人,,,,
B202678,vinegar,n,酢,食用酢,,,
B202679,violate,v,〈約束・法律・条約など〉を破る,《おもに文》〈静けさなど〉を乱す,〈神聖なもの〉を汚す,《文》《遠回しに》〈女性〉‘に'暴行を加える、強姦する(rape),
B202680,virtual reality,n,バーチャル・リアリティ(VR),仮想現実,,,
B202681,virtually,adv,事実上,仮想的に,,,
B202682,virtue,n,〈U〉美徳,(特に婦人の)節操,〈C〉(特定の)道徳,〈U〉〈C〉《～という》長所
B202683,visibly,adv,目に見えて,明白に,,,
B202684,vital,adj,生命の,生き生きとした,極めて重大な,命に関わる,
B202685,vitamin,n,ビタミン,栄養素(身体の喜常な機能を維持するために少量ながら必要な有機化合物),,,
B202686,vocalist,n,(ポピュラーソングの)歌手,,,,
B202687,volunteer,n,(～の)志願者,志願兵,,,
B202688,vomit,n,〈U〉吐いた物,〈C〉へどを吐くこと,,,
B202689,voter,n,投票者,有権者,,,
B202690,vow,n,〈C〉誓い,,,,
B202691,wage,n,〈C〉賃金,(罪などの)報い,,,
B202692,waist,n,腰,(衣服の)胴部,(バイオリン・ギターなどの)中央のくびれ,,
B202693,waistcoat,n,チョッキ(=[vest]),,,,
B202694,wait,n,〈C〉待つこと,待ち時間,〈U〉待ち伏せ,,,
B202695,walkabout,n,〈U〉(オーストラリア原住民の)放浪,〈C〉(政府首脳などが)市民の声を聞く視察,,,
B202696,walker,n,歩く人(物),歩行器,,,
B202697,wallboard,n,壁張り用材,,,,
B202698,walnut,n,クルミ,クルミの木,クルミ材,,
B202699,want,n,〈U〉《時に a~》《～の》欠乏,〈U〉《～の》必要,〈U〉困窮,《複数形で》必要なもの,
B202700,warship,n,軍艦,,,,
B202701,wartime,n,戦時,戦時の,,,
B202702,wasp,n,スズメバチ,怒りっぽい人,,,
B202703,water,v,～に水をかける(まく),〈動物〉に水を飲ませる,～に水を供給する,～を潅漑(かんがい)する,〈液体など〉を水で割る,〈織物・金属など〉に波紋(波模様)をつける
B202704,waterproof,adj,防水の,水を通さない,,,
B202705,weaken,v,を弱くする,を薄くする,弱くなる,<人・人の態度が>軟化する,
B202706,weakly,adv,弱く,いくじなく,,,
B202707,wealthy,adj,(人が)富裕な,豊富に持っている,《～に》富んだ《in ～》,,
B202708,wearisome,adj,疲れさせる,うんざりさせる,,,
B202709,weary,adj,疲れた,人を疲れさせる,あきあきさせる,〈人〉を疲れさせる,～で)〈人〉を退屈させる
B202710,weave,n,織り[方],編み[方],,,
B202711,wed,v,〈他〉～と結婚する,〈自〉結婚する,,,
B202712,weed,n,〈C〉雑草,《the Weed》(巻き)たばこ,〈C〉(特にひょろ長い)弱々しい人,,
B202713,welcome,n,(出迎えの)あいさつ,歓迎,もてなし,,
B202714,welfare,n,幸福,福祉[事業],(米政府の)生活保護,,
B202715,well-balanced,adj,よく釣り合いのとれた,分別のある,,,
B202716,well‐built,adj,建物)しっかりした造り、(人)体格のよい,,,,
B202717,well-organized,adj,きちんと整った,,,,
B202718,well-paid,adj,高給の,,,,
B202719,western,adj,西の,西へ向かう,(風などが)西からの,《しばしば Western》西洋の,《しばしば Western》西部の,《通例 Western》(共産圏に対して)西側の,西部劇,米国の開拓時代を描いた小説
B202720,wheat,n,〈U〉小麦,,,,
B202721,whereas,conj,～であるのに反して,《文》～なるがゆえに,,,
B202722,whichever,pron,どちらか一方,,,,
B202723,whip,v,〈人・動物〉をむちで打つ,人・動物に)～をむち打って教え込む《+名+into+名》,(～から)〈悪癖など〉をむちでやめさせる《+名+out of+名》,《方向・状態を表す副詞[句～,,
B202724,whiskey,n,〈U〉ウイスキー,〈C〉ウイスキー一杯,,,
B202725,whisper,v,ささやく,〈風・流れ・木の葉などが〉サラサラ音を立てる,～をささやく,《しばしば受動態で》〈秘密など〉を言いふらす《+about+名》,
B202726,whistle,v,〈自〉口笛を吹く,口笛のような音を出す,〈弾丸・風などが〉ピューと音を立てて飛ぶ,〈他〉〈曲など〉を口笛で吹く,～に口笛で合図をする
B202727,widen,v,〈他〉を広くする,目)を見開く〈自〉《～まで》広くなる,,《～などで》(目が)見開かれる《in》,,
B202728,widow,n,未亡人,《複合語を作って》～やもめ,,,
B202729,width,n,〈U〉〈C〉(幅の)広さ,〈C〉一定の幅のもの(織物),,,
B202730,wilderness,n,〈C〉《the ~》《古》荒れ地,果てしない広がり,《a ~》多数,,
B202731,will,n,〈U〉〈C〉《しばしばthe ~》(行動を選択する)意志,〈U〉《時にa ~》(身心を抑制する)意志力,C〉《～する》決意,《one's ~》願い
B202732,willing,adj,《補語にのみ用いて》喜んで(快く)する,(人・動物などが)乗り気の,《名詞の前にのみ用いて》(行為などが)自発的な,,
B202733,willingly,adv,喜んで,快く,自発的に,,
B202734,win,n,勝利,《スポーツ》白星,,,
B202735,wind,v,〈自〉〈川・道路などが〉曲がりくねる,〈ツタなどが〉巻きつく,〈時計などが〉巻かれる,〈他〉〈糸・ひもなど〉を巻く《up》,《～を》～に巻きつける《with ～》
B202736,winding,adj,うねる,らせん状の,,,
B202737,windshield,n,〈C〉《米》フロントガラス(自動車の前面にある風防ガラス),(オートバイの)風よけ,,,
B202738,wink,n,〈C〉ウインク,目くばせ,,,
B202739,wipe,v,〈物など〉をふく,〈よごれなど〉をふき取る,～に)〈布など〉をこすりつけてふく(ぬぐう)《+名+over(across)+鳴》,ふくこと,
B202740,wire,v,～を針金で結ぶ《+名+together》,(～のために)〈家など〉‘に'電線を取り付ける《+名+for+名》,〈人〉‘に'電報を打つ,(～に～を求めて)電報を打つ《+to+名+for+名》,
B202741,wit,n,〈U〉機知,〈C〉機知に富む人,《複数形で,単数扱い》理解(表現)力,《複数形で》(物事を見抜いたりもくろんだりする)才覚,《複数形で,単数扱い》正気
B202742,withdraw,v,《～から》～を引っ込める 《from ～》,よける,取り消す,,
B202743,withdrawal,n,〈U〉引っ込めること,《～から》退くこと,《～から》脱退 《from ～》,(預金の)引き出し,取り消し
B202744,witness,n,〈C〉目撃者,証人,,,
B202745,witty,adj,機知に富んだ,とんちのある,,,
B202746,wolf,n,〈C〉オオカミ,〈U〉オオカミの毛皮,〈C〉(オオカミのようにひどく)どん欲な人,〈C〉女たらし,
B202747,wondrous,adj,はなはだ,=[wonderful],,,
B202748,woodcarving,n,木彫術,木彫り,,,
B202749,wordlessly,adv,無言で,,,,
B202750,workaholic,adj,仕事中毒の,,,,
B202751,workbench,n,(職人などの)仕事台,作業台,,,
B202752,workman,n,#NAME?,《形容詞を伴って》仕事の～な人,,,
B202753,worktable,n,仕事台,,,,
B202754,worldly,adj,《名詞の前にのみ用いて》この世の,名誉や利益のみを追う,#NAME?,,
B202755,worldview,n,世界観,,,,
B202756,worldwide,adj,全世界に知れ渡った,世界的な,,,
B202757,worm,n,〈C〉(細長く柔らかい)虫(毛虫・うじ虫・ミミズ・回虫など,〈C〉(形・動きが)ミミズなどに似たもの,〈C〉虫けらのような人間,哀れな(下劣な)人,《複数形で,単数扱い》寄生虫病,
B202758,worn-out,adj,(物が)使い古した,《補語にのみ用いて》(人が)疲れきった,,,
B202759,worrying,adj,悩みの種となる,やっかいな,,,
B202760,worse,n,いっそう悪いこと,さらに悪化しているもの,,,
B202761,worsen,v,～をいっそう悪化させる,いっそう悪化する,,,
B202762,worship,n,(神人などに対する)崇拝《+of+名》,(通例教会での)礼拝,(～に対する)尊敬,,《W-》《英》《your》,
B202763,worst,adv,[badly],([ill]の最上級)最も悪く,いちばんひどく,,
B202764,worthless,adj,価値のない,,,,
B202765,wound,v,〈他〉を負傷させる,〈感情など〉を傷つける,,,
B202766,wreck,n,〈U〉(～の)大破,〈C〉(乗り物・建物などの)残がい,〈C〉やせ衰えた人,〈C〉壊れたもの,
B202767,wrongly,adv,間違って,よこしまに,,,
B202768,X-ray,n,〈C〉〈U〉《通例複数形で》X線,〈C〉X線(レントゲン)写真,,,
B202769,yacht,n,ヨット,ヨットに乗る,,,
B202770,yawn,n,あくび,,,,
B202771,yawn,v,あくびをする,〈口・割れ目などが〉大きく開く,～‘と'あくびをしながら言う,,
B202772,yearn,v,あこがれる,,《～に》～にあこがれる《for》,《～に》同情する,,
B202773,yell,v,〈自〉《～を求めて》大声で叫ぶ《for ～》,,《～に向かって》～を叫んで言う《out ～ at》,,,
B202774,yield,v,〈他〉〈利益など〉を生む,(圧迫・強制などによって)《～に》～を明け渡す,〈自〉〈土地が〉作物ができてる,《～に》屈する《to ～》,
B202775,youthful,adj,(人が)若い,若者に特有の,,,
B202776,yummy,adj,(特に味覚を)喜ばせる,おいしい,,,
B202777,zebra,n,シマウマ,,,,
B202778,zip,n,〈U〉(弾丸が飛ぶときまたは布地の裂けるときの)ビュッという音,〈U〉《話》元気,〈C〉《英》(また zip fastener)=zipper,,
B202779,zoom,v,〈飛行機が〉急上昇する,(一般に)急上昇する,ブーンと大きな音を立てる(立てて動く),映画・テレビでズームレンズによって)〈映像が〉拡大(縮小)する《+in(out)》〈他〉,〈飛行機〉を急上昇させる,飛行機)の急角度上昇[の音],ブーンという音
