id,word,expectedPos,answer1,answer2,answer3,answer4,answer5
B100001,abandon,v,を捨て去る,を断念する,,,
B100002,able,adj,《 be ~ to do》《～することが》できる,有能な,,,
B100003,abnormal,adj,異常な,普通でない,規準をはずれた,,
B100004,aboard,adv,(船・航空機・列車などに)乗って,,,,
B100005,aborigine,n,原住民,《通例複数形で》土着の動物(植物),,,
B100006,above,adj,前述の,上の,,,
B100007,absence,n,〈U〉〈C〉留守,欠席,〈U〉《～が》ないこと《of ～》,
B100008,absent,adj,欠席した,(物が)欠けている,《名詞の前にのみ用いて》放心した,(～から)〈人〉を欠席させる《+名+from+名》,
B100009,absolute,adj,まったくの,絶対的な力を持った,確かな,無条件の,文法で)独立の
B100010,absolutely,adv,絶対的に,無条件に,《話》(返事や合いの手として)そのとおり,,
B100011,absorb,v,【動,他】を吸収する,〈心・注意・時間〉をすっかり奪う,,
B100012,abstract,adj,抽象的な,理論的な,,,
B100013,abundance,n,(あり余るほど)たくさん,《an~》たくさん(の～)《+of+名》,,,
B100014,abundant,adj,豊富な,十分な,,,
B100015,academic,adj,学園の,(職業教育に対して)純粋学問の,理論的な,,
B100016,academy,n,学士院,《米》私立中等(高等)学校,(特殊教育の)専門学校,,
B100017,accent,n,〈C〉〈U〉アクセント,〈C〉(言葉の)なまり,《複数形で》口調,〈C〉〈U〉強調,
B100018,acceptance,n,〈U〉受け取ること,〈U〉(手形の)引受け,〈C〉引受済み手形,,,
B100019,access,n,【名,U】《人・物・場所への》接近 《to ～》,《～への》接近の機会,C】《～へ》接近する手段(方法)《to ～》,
B100020,accessible,adj,(またget-at-able)近づきやすい,《補語にのみ用いて》(感情などに)動かされやすい,,,
B100021,accessory,n,〈C〉《通例複数形で》《～への》付属品,(法律用語で)従犯者,,,
B100022,accidental,adj,偶然の,(音楽の)臨時記号,,,
B100023,accidentally,adv,偶然に,思いがけなく、誤って、うっかりと,,,
B100024,accompany,v,【動,他】(人など)に同行する,に付随して起こる,(歌・歌手)の伴奏をする,
B100025,accomplish,v,仕事・目的など)を成し遂げる,旅などを)終える,年齢など)に達する,,
B100026,according to,prep,～によると,～に合わせて,,,
B100027,account,v,〖for A〗Aを占める,Aを説明する,,,
B100028,accountant,n,〈C〉会計係,会計士,計理士,,
B100029,accuracy,n,〈U〉正確さ,正確なこと,精度,,
B100030,accurate,adj,【形】正確な,的確な,精密な,,
B100031,accurately,adv,【副】正確に,精密に,,,
B100032,accuse,v,《～の罪で》～を訴える,《～であると》～を非難する 《～ of ～》,,,
B100033,accustom,v,〈他〉を慣らす,,,,
B100034,ache,n,《しばしば複合語を作って》(継続的な鈍い)痛み,うずき,,,
B100035,achievement,n,〈U〉(～の)成就(じょうじゅ),〈U〉業績,,,
B100036,acknowledge,v,を認める,を承認する,を受け取ったことを知らせる,に礼を言う,
B100037,acknowledgment,n,〈U〉(～を)認めること,〈C〉(手紙・贈物などの)受領の通知,〈U〉感謝,,
B100038,acquaintance,n,〈C〉(それほど親密ではない)知り合い,〈U〉《時にa~》《 ～を》知っていること,,,
B100039,acquire,v,取得する,,,,
B100040,act,v,行い,《しばしばA-》法令,《しばしばA-》(芝居の1つの)幕,(演芸などの)出し物の一つ,(見せかけの)お芝居,
B100041,active,adj,活動的な,有効な,(軍務で)現役の,積極的な,能動態の
B100042,actress,n,〈C〉女優,,,,
B100043,ad,n,〈C〉｟くだけて｠ 広告,,,,
B100044,adapt,v,《～に》～を適応させる 《to ～》,《～向きに》～を脚色する 《for ～》,《～に》適応する,,
B100045,address,v,《かたく》(問題・課題など)に取り組む,《～と》〈人〉に話しかける,～に宛てて手紙を出す,《人にあてて》～のあて名を書いて出す《to ～》,～に演説する
B100046,addressee,n,受信人,名あて人,,,
B100047,administration,n,統治,管理,管理者,当局者,執行
B100048,admiration,n,〈U〉《～に対する》賞賛,《the ~ of ～》《～の》賞賛の的,,,
B100049,admission,n,〈U〉《場所・学校・会などへ》入ることを許すこと《to ～》,《～への》入場料 《to ～》,〈C〉(事実・誤りなどを)認めること,,
B100050,adopt,v,採用する,取り入れる,養子にする,,
B100051,adorable,adj,《話》ほれぼれする,敬愛すべき,,,
B100052,advance,v,を前進させる,,《～に向かって》前進する 《on》,,,
B100053,adverb,n,副詞({略}ad.),adv.,,,
B100054,adverbial,adj,副詞の,副詞的な,,,
B100055,advert,n,〈英〉〈C〉《～の》広告,《～の》手本《for ～》,,,
B100056,advertise,v,～を広告する,《～を求めて》広告を出す《for ～》,,,
B100057,adviser,n,忠告者,《米》(大学の)新入生指導教師,,,
B100058,aerobics,n,エアロビクス,エアロビック運動,有酸素運動,,
B100059,affect,v,影響を与える,,,,
B100060,affection,n,〈U〉《～に対する》愛情,〈C〉(体のある部分の)病気,,,
B100061,afford,v,《[can],《[can ~ to do|afford to]》～できる余裕がある,《文》〈物・事が〉～を与える,,
B100062,after,conj,《時》～した後で(に),してから,,,
B100063,afterward,adv,あとで,以後,,,
B100064,agenda,n,会議事項,備忘録,,,
B100065,aggressive,adj,侵略的な,積極的な,,,
B100066,agreement,n,〈U〉《～についての》一致,〈C〉(2者以上の間で結ばれた)協定,,,
B100067,agricultural,adj,農業の,農耕の,農学の,,
B100068,agriculture,n,農業,農学,,,
B100069,aid,n,〈U〉助力,手当て〈C〉助けとなるもの,,,
B100070,aid,v,【動,他】を援助する,自】助けとなる,,
B100071,aim,n,目的、目標、狙い,,,,
B100072,air-conditioning,n,(室内の)空気調節,冷暖房,,,
B100073,air force,n,〈U〉〈C〉空軍,《A-F-》米国空軍,,,
B100074,airline,n,〈C〉定期航空,(空港・航空機などの)定期航空設備,定期航空会社,,
B100075,alarm,v,に警報する,を怖がらせる,,,
B100076,alcohol,n,〈U〉アルコール,アルコール飲料,,,
B100077,alcoholic,adj,アルコールの,アルコールのはいった,アルコール漬けの,アルコール中毒の,,
B100078,alike,adj,(外見が)似ている,同様である,,,
B100079,alike,adv,同じように,等しく,,,
B100080,allergic,adj,アレルギー性の,(～に)アレルギーを起こす《+to+名》,《補語にのみ用いて》《話》(～に)神経過敏の,,,
B100081,allowance,n,〈C〉認めること,許容,容認,許容量,割り当て
B100082,aloud,adv,声を出して,大声で(loudly),,,
B100083,alphabet,n,〈C〉アルファベット(言語の音声を表す記号の体係をいい),《the ~》初歩,,,
B100084,alternative,adj,二者択一の,代わりの,普通とは違った,,
B100085,alternative,n,〈C〉二者択一,代わりのもの,選択肢,,,
B100086,altogether,adv,まったく,全部で,全体から見て,,
B100087,amazed,adj,《～に》びっくり仰天した,《～に》驚きあきれた《at ～》,,,
B100088,amazing,adj,驚くべき,びっくりさせるような,,,
B100089,ambitious,adj,大望を抱いた,(仕事・計画などが)野心的な,,,
B100090,ambulance,n,救急車,,,,
B100091,amount,n,〈U〉《the ~》総計,(ある)量,〈U〉真意,要旨,,
B100092,amusing,adj,おもしろい,おかしい,楽しい,,
B100093,analysis,n,〈U〉(内容・状況などの)分析,(詳細な)検討,(化学・物理で)分析,,
B100094,analyze,v,〈状況など〉を分析する,〈物質など〉を(～に)分析する,《米》〈人〉を精神分析する(psychoanalyze),〈文〉を[文法的に]分解する,
B100095,anger,n,怒り,立腹,,,
B100096,angle,n,〈C〉かど,角度,観点,,
B100097,animated,adj,生き生きとした,生きているように動く(作られた),,,
B100098,animation,n,〈U〉活気,〈U〉漫画(動画)製作,〈C〉漫画映画,,
B100099,announce,v,～を発表する,～‘の'来訪(到着),〈物事が〉～を示す,(ラジオ・テレビで)〈試合など〉‘の'アナウンスをする,アナウンサーとして勤める(働く)
B100100,announcement,n,〈C〉《～についての》発表,布告,,,
B100101,annoyance,n,〈U〉困惑,〈C〉困らせる(いらいらさせる)人(物,,,
B100102,annoyed,adj,人が)イライラした,腹を立てた,,,
B100103,annual,adj,1年の,年々の,1年1回の,(植物が)1年生の,年報
B100104,annually,adv,毎年,年に一回,,,
B100105,ant,n,アリ,,,,
B100106,anti,adj,【接頭辞】反～,非～,対～,抗～,不～
B100107,antique,n,〈C〉古物,《the ~》古代美術,,,
B100108,antonym,n,反意語(hotに対するcoldなど),,,,
B100109,anxiety,n,〈U〉《～について》心配,for》,〈C〉心配事,〈U〉切望,〈C〉切望する事
B100110,anxiously,adv,心配して,不安気に,,,
B100111,anyhow,adv,何としても,いずれにせよ,とにかく,,
B100112,ape,n,サル(monkey),(特に,人まねをする人,～のまねをする,,
B100113,apology,n,〈C〉(～に対する)わび,〈U〉〈C〉(口頭・文書による)(～の)弁護,〈C〉《話》(～とは)申し訳ばかりのもの,,
B100114,apparent,adj,明白な,外見上の,,,
B100115,appeal,n,(助力などの)訴え,哀願《+for+名》,(権威などへの)訴え《+to+名》,控訴,(～に)訴える魅力《+to+名》,
B100116,appetite,n,〈U〉食欲,〈C〉《～に対する》欲求,,,
B100117,applaud,v,拍手喝采する,～‘に'拍手喝采する,～を拍手してほめる,,,
B100118,applause,n,拍手喝采,称賛,a round of applause  = 拍手喝采,,,
B100119,application,n,〈U〉《～の～への》適用,〈U〉〈C〉《～への》申し込み,〈U〉《～に》専心すること 《to ～》,,
B100120,appoint,v,《文》《～のために》(日時・場所など)を決める 《for ～》,(人)を任命する,,,
B100121,appreciation,n,〈U〉(～を)正しく認識すること,〈U〉《時にan~》(文学・芸術などの)理解,〈U〉(～に対する)感謝《+for+名》,〈U〉《時にa~》(価格の)騰貴,
B100122,approach,n,〈U〉〈C〉(～に)接近,《しばしば複数形で》(ある目的で)(人に)近づくこと,〈U〉(～との)近似,〈C〉(～へ)近づく道,〈C〉(問題・作品などの)扱い方
B100123,approval,n,〈U〉《～に対する》賛成,是認,承認 《to ～》,,
B100124,approve,v,〈事〉をよいと認める,(正式に)～を認可する,《approve of+名(doing)》(～を)承認する,,
B100125,approximately,adv,約,おおよそ,,,
B100126,architect,n,建築家,(特に長期にわたる作業計画・事業などの)創始者,,,
B100127,arise,v,〈問題・事件などが〉起こる,《Aから》生じる《from A》,,,
B100128,arithmetic,n,算数,=arithmetical,,,
B100129,arm,v,《～で》～を武装させる《with ～》,《必要・有用なもので》〈人〉を防備させる,,《～に》武装して備える《for》,《～で》防備する《with ～》,
B100130,army,n,《ときにA-》陸軍,《the A-》軍隊,(一国の全)軍隊,共通の主義・主張のために組織された)(～の)団体,(人・動物などの)大群《+of+名》,
B100131,arrange,v,を整理する,(前もって)～を手配する,を編曲する,手配する,《Aと～について》打ち合わせる
B100132,arrangement,n,〈U〉《～の》整理,〈C〉整理したもの,整理の仕方,《～の》準備,《U
B100133,arrest,n,逮捕,止めること,,,
B100134,arrest,v,(～の罪で)～を逮捕する,〈進歩など〉を止める,〈注意など〉をひく,,
B100135,arrival,n,〈U〉(～への)到着《+at(in)+名》,〈U〉(目標・目的などへの)到達《+at(in)+名》,〈C〉到着した人(物),,
B100136,arrow,n,矢,用途・形などが)矢に似た物,(記号の)矢印(→,,,
B100137,artist,n,芸術家,(特に)画家,またartiste)芸能人(俳優・歌手・ダンサーなど),(その道の)達人,,
B100138,artistic,adj,芸術的な,芸術(美術)の,芸術家(美術家)の,美的感受性に富む,,
B100139,ashamed,adj,恥じて,《補語にのみ用いて》《～するのを》ためらって,,,
B100140,aside,adv,わきへ,別にしておいて,考慮しないで,《名詞の後で》～はさておき,
B100141,aspect,n,側面、観点、様相,,,,
B100142,aspirin,n,〈U〉アスピリン(鎮痛・解熱剤),〈C〉アスピリン錠,,,
B100143,assign,v,〖A to B,BA〗AをBに割り当てる,,,
B100144,assignment,n,割り当てられた仕事,,,,
B100145,assist,v,を手伝う,《～を》手伝う,,,
B100146,assistance,n,手伝い,助力,援助,,
B100147,assistant,n,助手,店員,,,
B100148,associate,v,(人)を《～の》仲間に加える,《～と》仲間になる,《～と》合体する,関連する,
B100149,assume,v,(証拠はないが)～を本当のことと思う,《かたく》(役目・任務・責任など)を引き受ける,,,
B100150,astronomer,n,天文学者,,,,
B100151,athletic,adj,運動競技の,運動家の,強健な,,,
B100152,Atlantic,adj,大西洋の,《the ~》大西洋,,,
B100153,atmosphere,n,〈C〉《the ~》(地球を取り巻く)大気,(特定の場所の)空気,雰囲気,,
B100154,atomic,adj,原子の,原子力の,極微の,,
B100155,attach,v,《～に》～をつける,《～に》付属する,,,
B100156,attachment,n,〈U〉《～への》取り付け,for ～》,《～への》愛着,,
B100157,attain,v,を達成する,に達する,《～に》到達する《to》,,,
B100158,attempt,v,を企てる,を試みる,,,
B100159,attend,v,に出席する,の世話をする,《～に》注意する《to》,《～に》励む《to》,
B100160,attract,v,(物理的な力で)～を引きつける,〈人,,,
B100161,attraction,n,〈U〉魅力,引きつける力[性質],〈C〉人を引きつける物[人],吸引,引力
B100162,authority,n,〈U〉(地位の持つ),〈C〉権力者,〈C〉(情報・助言などの)信頼すべき筋,〈C〉(その道の)大家,
B100163,auxiliary,adj,補助の,助動詞([auxiliary verb]),,,
B100164,available,adj,利用できる,(品物・情報などが)手にはいる,(人が)手があいている,(法律が)効力のある,
B100165,avenue,n,(門から家に向かう)並木道,(都市の)大通り,～に)近づく道(手段)《+to+名》,,
B100166,award,v,(審査して)《～に》〈賞など〉を与える,を授ける 《to ～》,,,
B100167,aware,adj,知っている,気づいている,,,
B100168,awareness,n,〈U〉自覚,《～に》気づいていること《of ～》,,,
B100169,awesome,adj,畏敬の念を起こさせる,恐ろしい,畏敬の念に満ちた,うやうやしい 素晴らしい,,,
B100170,awkward,adj,気まずい,(人・動作などが)ぶかっこうな,(物が)扱いにくい,(状態・問題などが)やっかいな,
B100171,babysit,v,ベビーシッターをする,世話をする,,,
B100172,babysitter,n,留守番の子守り(おもに女子中学生・高校生のアルバイト),,,,
B100173,back,v,〈車など〉を後退させる,(～で)〈人・計画など〉を後援する,後ずさりする,,
B100174,backache,n,背の痛み,,,,
B100175,backpack,n,背のう(リュックサック・ナップサックなど),,,,
B100176,backpacker,n,バックパッカー,,,,
B100177,backpacking,n,バックパック(を背負っての)旅行,,,,
B100178,bacon,n,ベーコン,,,,
B100179,baggage,n,〈U〉手荷物,おてんば娘,,,
B100180,baker,n,パン屋,パン焼き職人,,,
B100181,bakery,n,パン製造所,パン屋,,,
B100182,balance,n,〈C〉天秤,調和,,,
B100183,bald,adj,(頭が)はげた,(山に樹木がなくて)裸の,(文体など)単調な,あからさまな,
B100184,bandage,n,包帯,,,,
B100185,bang,n,〈C〉バンという音,バンという一撃(強打,おかっばにした前髪,,
B100186,bang,v,～をバンと打つ,バンと音を立てる,〈前髪〉を切り下げにする,,
B100187,bank account,n,銀行勘定,当座預金,,,
B100188,bar,v,〈他〉〈戸・門など〉にかんぬきをさす,〈道・通行など〉を妨げる,,,
B100189,barbecue,v,〈食用肉〉をじか火で焼く,～を濃く味つけしたソースで料理する,,,
B100190,bare,adj,裸の,からの,ありのままの,かろうじての,
B100191,barely,adv,ほとんど～ない,かろうじて,むきだしに,,
B100192,bark,n,〈C〉(犬・アザラシなどの)ほえ声,どなり声,砲声,,
B100193,barman,n,〈C〉(男性の)バーテンダー([bartender],,,,
B100194,barrel,n,(胴のふくれた)たる,(～の)1たる[の量]《+of+名》,銃身,《単数扱い》(～の)多量《+of+名》《話》,
B100195,base,v,,《～に》～の基礎をおく 《on》,upon ～》,,,
B100196,basement,n,地階,地下室,,,
B100197,basin,n,たらい,(～の)たらい1杯[分]《+of+名》,(自然または人工の)水たまり,(川の)流域,くぼ地,入江
B100198,basis,n,,〈C〉《考えなどの》基礎 《of》,基準,(議論などの)根拠,(混合物の)主成分,
B100199,bat,v,〈C〉コウモリ,,,,
B100200,bathe,v,《米》〈子供など〉を入浴させる,～を浸す,《米》入浴する,《おもに英》水泳する,
B100201,battle,n,〈C〉(個々の)戦闘,〈C〉闘争,〈U〉《the~》勝利,成功,,
B100202,beard,n,〈C〉(人や動物の)あごひげ,(一般に)ひげ状のもの,,,
B100203,beast,n,《文》(人間以外の)動物,(けもののように)粗暴な人,《英話》《~a》(～の)とてもいやなこと(物)《+of+名》,,
B100204,beat,v,(連続して)～をたたく,《～に》～をたたきつける,《～に》～をたたいて作る《into ～》,〈金属〉を打ち延ばす,～を勢いよくかき混ぜる,〈リズム・拍子〉を手をたたいてとる
B100205,beautifully,adv,美しく,みごとに,,,
B100206,because of,prep,(直接的な原因・理由として)～のために,～のせいで,,,
B100207,bedside,n,寝床の側～(病人の)まくら元,寝床のぞばの,,,
B100208,behalf,n,味方,利益,《on ~ of A》Aの代理で,,
B100209,behave,v,ふるまう,行儀よくする,,,
B100210,belief,n,〈U〉信念,《～への》信頼《in ～》,(あるものの真実性・存在を)信じること,〈U〉〈C〉《～への》信仰《in ～》,
B100211,beloved,adj,最愛の,非常に愛されている,,,
B100212,beneath,prep,～の下に,～の圧力下に,～より劣って,～に値しない,
B100213,benefit,n,〈C〉〈U〉ためになること(もの),〈C〉(国家などにより支払われる)給付金,〈U〉慈善興行,,
B100214,bent,adj,bendの過去・過去分詞,曲がった,《補語にのみ用いて》(～の)決心をした,《英俗》不正直な,
B100215,besides,prep,～に加えて,《否定文・疑問文で》～を除いて,,,
B100216,bet,v,〈金・物〉をかける,(かけ事・ゲームなどで)〈人〉‘と'かけをする《+名〈人〉+on+名》,～に)かける《+on(against)+名(one's doing)》,,
B100217,bilingual,adj,2つの言語を話す,,,,
B100218,bill,v,～に《～の》勘定書(請求書)を送る《for ～》,ポスター(ビラ)で宣伝する,,,
B100219,bin,n,(穀物・石炭などを入れる)ふたつきの大箱,(れんがなどで仕切った)貯蔵所,,,
B100220,biochemistry,n,生化学,,,,
B100221,biography,n,〈C〉伝記,経歴,《集合的に》伝記文学,,
B100222,biology,n,生物学,,,,
B100223,bishop,n,(新教の)主教,(チェスで)ビショップ[のこま],,,
B100224,bite,v,をかむ,かむ,,,
B100225,bitter,adj,苦い,つらい 苦しい,(寒気などが)きびしい,敵意に満ちた,冷酷な,しんらつな,彼肉な
B100226,blame,n,〈U〉責任,非難,,,
B100227,bleed,v,出血する,(切り口などから)〈植物が〉樹液を出す,(～に)血の出るような思いをする《+for+名》,〈絵具・染料などが〉にじむ,病気の治療として)〈患者〉‘から'血をとる
B100228,blend,v,分離できないほどに)～を混ぜ合わせる,(～に)～を混ぜる《+名+with+名》,混じる,溶け合う,～と)調和する《+with+名》(harmonize),,
B100229,bless,v,〈神などが〉《～を》〈人〉に授ける,を祝福する,,,
B100230,blessing,n,神の祝福を求める祈り,食前の食後の)祈り(grace),(神の)恩恵,《しばしば複数形で》ありがたいこと(もの),
B100231,blind,adj,目の見えない,《補語にのみ用いて》(～を)見る目がない,盲目的な,(特に車の運転者に)隠れて見えない,通りなどが)行き止まりの
B100232,block,v,〈通路など〉をふさぐ,〈帽子など〉の型取りをする,特にアメリカンフットボールで)〈相手選手の突進〉をブロックする,(ボクシングで)〈相手のパンチ〉をブロックする,,
B100233,blog,n,〈C〉ブログ,,,,
B100234,blogger,n,ブロガー,,,,
B100235,blush,n,〈C〉(当惑・恥ずかしさによる)赤面,〈U〉〈C〉赤み,,,
B100236,board,v,～‘に'板を張る,～‘に'食事を出す,～‘に'乗り込む,(～に)まかない付きで下宿する,
B100237,boast,v,自慢する,だと自慢する,,,
B100238,bold,adj,大胆な,ずぶとい,太くて目立つ,(文字が)肉太の,けわしい,
B100239,boldly,adv,大胆に,ずうずうしく,際立って,,,
B100240,bomb,n,爆弾,,,,
B100241,bomb,v,爆撃する,,,,
B100242,bond,n,〈C〉縛る物,《通例複数形で》束縛,《しばしば複数形で》(血縁),証書,接着,接着剤
B100243,book,v,(座席・切符・部屋などの)予約をする《+for+名》,,,,
B100244,booking,n,(座席や切符などの)予約,(芸能人の)出演契約,,,
B100245,boom,n,〈C〉〈遠雷・砲声・波などが〉とどろく音,にわか景気,,,
B100246,boot,n,〈C〉《通例複数形で》(皮・ゴム製の)長ぐつ,深ぐつ,《話》蹴り,,
B100247,border,n,ヘリ,(衣服・絵画などの)縁飾り,国境,,
B100248,bore,v,《～で》をうんざりさせる,,退屈させる《with》,by ～》,,
B100249,boredom,n,退屈,〈C〉退屈なこと,,,
B100250,bother,n,やっかい,,,,
B100251,bounce,v,〈ボールなどが〉はずむ,〈人が〉はねる,～をはずませる,,
B100252,bound,adj,《～へ》行く途上にある,《複合語を作って》「～行きの」の意を表す,,,
B100253,bow,n,弓,(楽器の)弓,弓形,リボンなどの)ちょう結び,ちょうネクタイ([bowtie]),めがねの)つる
B100254,bowl,v,ボーリングをする,(クリケットで)投球する,〈車などが〉すべるように走る《along》,〈球〉をころがす,クリケットで)〈球〉を投げる
B100255,boxing,n,ボクシング,,,,
B100256,bracelet,n,腕輪,,,,
B100257,brainstorming,n,《米》ブレーンストーミング(各人が自由にアイデアを出し合う会議法),,,,
B100258,branch,v,枝を出す,(川・道・鉄道などが)分岐する,,,
B100259,brand-new,adj,《よい意味で》真新しい,,,,
B100260,brass,n,〈U〉真ちゅう(銅と亜鉛の合金),〈C〉《おもに複数形》真ちゅう製器具,《しばしば複数形で》金管楽器,〈U〉《話》《～する》ずうずうしさ,
B100261,bravely,adv,勇敢に,りっぱに,,,
B100262,breakthrough,n,飛躍的進歩、大発見,,,,
B100263,breast,n,〈C〉胸,乳房,《文》胸中,,
B100264,breath,n,〈U〉息,〈C〉(風の)そよぎ,(～の)かすかなかおり《+of+名》,〈C〉(～の)ささやき(whisper)《+of+名》,,
B100265,breathless,adj,息切れした,《まれ》そよ吹く風もない,息の絶えた,,
B100266,breed,v,動物が子を生む,(家畜)を飼育する,を生む,,
B100267,breeding,n,繁殖,育ち,,,
B100268,brick,n,〈C〉(1個の)れんが,〈U〉(材料としての)れんが,〈C〉(形が)れんがに似た物,,
B100269,brief,adj,短時間の,短期間の(short),言葉数の少ない,,,
B100270,briefly,adv,手短に,簡単に,簡潔に,,
B100271,brightly,adv,輝いて,晴れやかに,,,
B100272,broad,adj,幅の広い,広大な,寛大な,広範囲にわたる,
B100273,broadcast,n,(ラジオ・テレビの)放送番組,放送,,,
B100274,broccoli,n,ブロッコリー(カリフラワーに似た植物),茎と花球は食用,,,
B100275,bronze,n,〈U〉青銅,〈C〉青銅製の美術品,〈U〉青銅色,,
B100276,brotherhood,n,〈U〉兄弟の間がら,〈C〉組合,,,
B100277,bubble,n,〈C〉あわ,〈U〉あわ立ち,〈C〉(すぐ消える)あわのようなこと,〈C〉シャボン玉,
B100278,buddy,n,《話》兄貴,仲間,,,
B100279,builder,n,〈C〉建築業者,～を建てる人,,,
B100280,bull,n,〈C〉牛,雄,(株の)買い方,,
B100281,bullet,n,弾丸,銃弾,小銃弾,,
B100282,bulletin,n,〈C〉公報,(学会の)会報,,,
B100283,bump,v,に突き当たる,,《～に》を突き当てる《on》,,against ～》《～に》突き当たる《into》,against ～》,車が)ガタガタ揺れて通る
B100284,bunch,n,〈C〉《～の》束,《話》《～の》群れ 《of ～》,《米》多数の～,,
B100285,burden,n,〈C〉荷物,《～にとっての》重荷,,,
B100286,bureau,n,《米》(通例上部に鏡のついた)たんす(chest of drawers,《おもに英》(引き出しのついた)大机,《米》(官庁の)局(《英》[department],(一般に)事務所,
B100287,burglar,n,夜盗,強盗,,,
B100288,burn,v,燃える,焦げる,光を出す,を燃やす,
B100289,burning,adj,燃えている,燃えるように熱い,強烈な,火急の,,
B100290,burst,v,破裂する,急に～する,を破裂させる,,
B100291,bust,v,を破裂させる,～をなぐる,～を破産させる,～を逮捕する,〈軍人〉の階級を下げる
B100292,but,prep,～を除いて,以外に([except]),,,
B100293,butcher,n,〈C〉家蓄屠殺業者,肉屋,虐殺者,《米》(列車内・観覧席の)売り子,
B100294,buyer,n,買い手,(小売店などの)仕入れ係,,,
B100295,cabbage,n,キャベツ,(食用の)キャベツの葉,,,
B100296,cabin,n,〈C〉(通例),船室,,,
B100297,cage,n,鳥かご,(動物の)おり,鳥かご(おり)のような物,エレベーターの箱,野球の打撃練習用の移動バックネット,獄舎,
B100298,calculate,v,～を見積もる,《受動態で》(ある目的で)～を意図する(intend,(推理・常識・体験によって)～を予想する,見積もる,計算する,
B100299,calculation,n,〈U〉〈C〉計算,予想,意図,,
B100300,calculator,n,計算者,計算器機(=calculating machine),,,
B100301,calf,n,{C}子牛,〈C〉(象・鯨・アザラシ・鹿などの)幼獣,〈U〉=calfskin,,
B100302,caller,n,〈C〉訪問客,呼ぶ人,(スクエアダンスで)ステップを大声で指示する人,,
B100303,calm,adj,(海・湖などが)穏やかな,(心・態度などが)平静な,,,
B100304,calmness,n,平静さ,落ち着き,,,
B100305,camel,n,ラクダ,=caisson2,,,
B100306,campsite,n,キャンプ場(ふつう炊事施設がある),,,,
B100307,canal,n,運河,(食道・気菅などの)導菅,(火星の苗面に見える)運河状の地形,,
B100308,cancel,v,〈約束や注文など〉を取り消す,(線などを引いて)～を消す《out》〈切手など〉に消印を押す,〈事が〉〈相反する事〉を帳消しにする,〈方程式の左右の共通の項が〉約される,
B100309,cancer,n,〈U〉〈C〉がん,害悪,,
B100310,candle,n,ろうそく,,,,
B100311,canned,adj,《米》かん詰めの《英》tinned,《話》(レコード・テープに)録音された,,,
B100312,canteen,n,酒保(=post exchange)(兵営内で雑貨・食料などを売る店,(兵士の)水筒,(一般工場内の)売店,,
B100313,capable,adj,能力がある,有能な,,,
B100314,capacity,n,〈U〉(建物などの)収容力,〈U〉(人の)能力,〈C〉《～の》資格,,
B100315,capsule,n,小容器,(薬の)カプセル,(植物の)さく,(生物体の)被のう,(宇宙ロケットの)カプセル,
B100316,capture,n,〈U〉(～を)つかまえること,〈C〉捕虜,捕獲した物(動物),,,
B100317,capture,v,〈動物・犯人・敵兵など〉を捕える,〈物〉を手に入れる,〈注意・関心など〉をひきつける,,
B100318,care,v,〈U〉心配,〈C〉《しばしば複数形で》心配事,〈U〉細心の注意,〈U〉(～の)世話,〈C〉関心事
B100319,career,n,〈C〉生涯,〈C〉(特に専門的訓練を要する)職業,〈U〉進展,疾走する,
B100320,careless,adj,(人が)不注意な,《補語にのみ用いて》(～に)無とんじゃくな,《名詞の前にのみ用いて》(仕事などが)不注意な,,
B100321,carelessly,adv,不注意に,うっかり,,,
B100322,carelessness,n,〈U〉不注意,軽率,うかつ,,
B100323,carpet,n,(部屋いっぱいに敷く)じゅうたん,《比喩(ひゆ)的に》一面をおおうもの,,,
B100324,carriage,n,〈C〉(特に自家用)四輪馬車,〈C〉《米》うば車(=baby carriage),〈C〉(機械などの)可動部分,〈U〉(歩いたり立ったりしているときの)身のこなし,〈C〉《粟》(列車の)車両
B100325,carton,n,〈C〉カートン(牛乳パックや卵のケースなどのこと),カートン1杯《のA》《of A》,,,
B100326,cashpoint,n,《英》現金自動支払機,,,,
B100327,casual,adj,無造作な,偶然の,くだけた,無頓着な,
B100328,categorize,v,～を分類する,範疇に分ける,,,
B100329,category,n,論理学・哲学で)範疇(はんちゅう)(ある体系の中でその内容特質に応じて分けた部門,,,,
B100330,cattle,n,集合的に)畜牛,,,,
B100331,caution,n,〈U〉《～への》用心,〈C〉警告の言葉,,,
B100332,cautious,adj,注意深い,用心深い,慎重な,,
B100333,cave,n,ほら穴,(特に)横穴,,,
B100334,CD-ROM,n,＝compact disc [disk] read only memory,シーディーロム(コンパクトディスクを使った記録媒体),,,
B100335,celebrity,n,〈U〉名声,〈C〉有名人,,,
B100336,cell,n,細胞,独房,電池,通話可能区域,携帯電話
B100337,central,adj,中心の,主要な,(音声が)中舌音の,電話交換局(《英》[telephone]exchange),
B100338,central heating,n,集中暖房装置,,,,
B100339,ceremony,n,〈C〉儀式,形式ばること,うわべだけの行為,,
B100340,certainty,n,〈U〉確実性,〈C〉確実なもの(こと),,,
B100341,challenging,adj,挑戦的な,興味をそそる,,,
B100342,champion,n,チャンピオン,優勝者,,,
B100343,channel,n,〈C〉水路,海峡,みぞ,経路,ルート
B100344,chaos,n,〈U〉(天地創造以前の)混とん,〈U〉(一般に)混乱状態,,,
B100345,characteristic,n,〈C〉特徴,特性,,,
B100346,characterize,v,～の特性を示す,～の特徴をなす,～を特徴づける,《～であると》～の特徴を述べる《as》,
B100347,charge,n,〈C〉《～の》費用《for ～》,〈U〉監督,〈C〉《～に対する》非難,〈U〉〈C〉充填,〈U〉〈C〉突撃
B100348,charge,v,《～に》〈料金・支払い〉を請求する《for ～》,〈買物など〉をつけにする,負荷をかける,攻勢をかける,
B100349,chariot,n,古代の)一人乗り軽二輪戦車(通例2頭立てで),御者は立って操縦し,戦い・競走・狩猟などに用いた,,
B100350,charity,n,〈U〉博愛,慈善,〈C〉《通例複数形で》慈善事業,,
B100351,charm,n,魅力,魅了、味がある,,,
B100352,chase,n,〈C〉追跡,《the ~》狩猟,追われるもの,,
B100353,chat,n,〈C〉〈U〉《話》(～との)雑談,〈C〉ツグミ類の鳥,,,
B100354,chat show,n,《英》トークショー,,,,
B100355,check-in counter,n,空港の)チェックイン(受付・搭乗手続き)カウンター,(ホテルの)フロント,,,
B100356,check-in desk,n,チェックインデスク,,,,
B100357,checkout,n,(セルフサービスの店の)精算所,チェックアウト(泊り客がホテルの部屋をあけること,その時刻),,,
B100358,cheerful,adj,(人が)きげんのよい,(物事が)気持ちのよい,喜んで～する(willing),,
B100359,chemical,n,化学薬品(製品),,,,
B100360,chemist,n,化学者,《英》=pharmacist,,,
B100361,chemistry,n,〈U〉化学,化学的性質,,,
B100362,cherish,v,〈子供など〉を大事にする,〈思い出・希望など〉を心に抱く,,,
B100363,chest of drawers,n,たんす,,,,
B100364,chewing gum,n,チューインガム,,,,
B100365,chief,adj,最高位の,主要な,,,
B100366,choir,n,《集合的に》(教会の)聖歌隊,《単数形で》教会の聖歌隊席,,,
B100367,choke,v,～の息を止める,,《～で》～を息苦しくする《with》,《～で》～をいっぱいにする,息が詰まる,《～で》息苦しくなる《with ～》
B100368,Christian,adj,キリストの,キリスト教の,キリスト(キリスト教)を信じる,キリスト教徒にふさわしい,《話》りっぱな,
B100369,chronological,adj,年代順の,年代順に配列した,,,
B100370,chuckle,n,くすくす笑い,含み笑い,,,
B100371,circle,v,円を描く,～を円で囲む,～を取り囲む,～‘の'回りを回る,,
B100372,circular,adj,円形の,回転して動く,循環的な,,
B100373,circus,n,サーカス,サーカス団,階段座席に囲まれ,(古代ローマの)野外大競旗場,《英》(放射街路の集まる)円形広場
B100374,citizenship,n,市民権,公民権,,,
B100375,civil,adj,市民の,(軍・教会に対して)民間の,国内に起こる,政府と国民との間の,民法の,礼儀正しい
B100376,civilization,n,〈U〉〈C〉(物質的・社会的・科学的・政治的に高度な)文明,(特定の地域・国民・時代に発達した)文明[様式],《集合的に》文明世界,文明人,〈U〉(～の)文明化,,
B100377,claim,n,〈C〉《～に対する》要求,〈C〉主張,〈U〉(物事を)要求する権利(資格),,
B100378,classical,adj,古典の,古典時代の,古典様式の,文学・芸術において)古典主義の(簡潔で調和を保ち洗練されているのが特徴),(ジャズ・フォークなどに対して主として20世紀初頭までの)古典派の,(新奇な・実験的なものではなく)伝統的な,専門科目に対して)教養科目の
B100379,classify,v,を分類する,類別する,等級別にする,機密扱いにする,
B100380,clear,v,《～を》～から取り除く《of ～》,,《～から》〈物〉を取り除く 《from 》,明るくなる,,
B100381,click,n,掛け金をかけたり,カチリと鳴る物,掛け金,,,
B100382,cliff,n,(海に臨む)がけ,絶壁,,,
B100383,climate,n,〈U〉〈C〉気候,〈C〉(ある特定の気候をもっている)地方,〈U〉〈C〉(地域),,
B100384,climber,n,よじ登る人,はい登り植物(ツタなど),(キツツキなど)樹幹をよじ登る鳥,《複数形で》登攀(とうはん)補助用具(climbing ironsなど,,
B100385,clinic,n,〈U〉(医学の)臨床講義,〈C〉《集合的に》臨床講義のクラス,〈C〉臨床講義室,〈C〉(病院・医科大学・社会事業団などに付属した)診療所,《形容詞を判って》医療施設,〈C〉(警察・学校・社会事業団などに付属した)相談所
B100386,clip,n,〈C〉紙ばさみ,留める物,(機関銃の)挿弾子(そうだんし),〈C〉(頭髪・羊毛などを)刈り込むこと,
B100387,closely,adv,ぴったりと,詳しく,近く,,
B100388,coal,n,〈U〉石炭,〈C〉(一個の)石炭,燃えている燃料,,
B100389,coast,v,《～を》滑降する《along ～》,,,,
B100390,coastal,adj,海岸の,沿岸の,,,
B100391,cod,n,タラ (鱈)、=codfish 1,,,,
B100392,coffin,n,棺,ひつぎ,,,
B100393,collapse,n,〈U〉(建造物などの)崩壊,崩壊させる,崩壊する,,
B100394,collar,n,(衣服の)えり,(犬などの)首輪,,,
B100395,columnist,n,(新聞・雑誌などの)コラムニスト,特約寄稿家,,,
B100396,combination,n,〈U〉(～の)結合,〈U〉(～との)連合,〈C〉=combination lock,《複数形で》(また《話》coms)コンビネーション(上下続きの肌着,
B100397,combine,v,を結合する,《～と》～を兼ね合わせる《with ～》,結合する,,
B100398,comedian,n,喜劇俳優,客を笑わせる芸人,(一般に)こっけいな人,,
B100399,comedy,n,〈U〉(劇の一部門としての)喜劇,〈C〉(一編の作品としての)喜劇,〈U〉〈C〉(劇・文学作品・人生などの)喜劇的要素,(実人生における)喜劇的事件(場面,,,
B100400,comet,n,慧星,ほうき星,,,
B100401,comfort,n,〈U〉慰め,〈C〉慰めを与えるもの,〈U〉快適さ,,
B100402,comma,n,(句読点の)コンマ,,,,
B100403,command,n,〈C〉命令〈U〉指揮,抑制,,,
B100404,comment,n,(～についての)論評,うわさ,,,
B100405,commercial,adj,商業上の,営利的な,広告放送の,,
B100406,commit,v,〈罪・過失など〉を犯す,《～に》～を委託する《to ～》,《しばしば受動態で》に専念する,を約束する,
B100407,common sense,n,常識,《It is ~ for A to do,that ～》Aが～ということは良識的な判断だ,,
B100408,commonly,adv,一般に,俗に,,,
B100409,companion,n,仲間,《～の》対の一方《to ～》,,,
B100410,comparison,n,《～と～との》比較 《of ～ with ～》,,《～を～に》たえること《of ～ with》,(形容詞・副詞の)比較変化,,
B100411,compete,v,(～と～を)競う,《通令否定文で》(～に)匹敵する《+with+名》,,,
B100412,competitive,adj,競争の,競争心の強い,,,
B100413,competitor,n,競争者,競争相手,競合他社,,
B100414,complement,n,あるものを完全にするため)(～を)補う物(事)《+of+名》,補語(文法で文の成分の一つ),(必要な)全数,,
B100415,complete,v,～を仕上げる,～を完全なものにする,,,
B100416,completely,adv,完全に,全く,十分に,,
B100417,complex,adj,いくつかの部分から成る,複雑な,,,
B100418,complicate,v,～を複雑にする,,,,
B100419,complicated,adj,複雑な,込み入った(complex),,,
B100420,compliment,n,〈C〉賛辞,お世辞,(行為・言葉による)敬意,《複数形で》あいさつの言葉,
B100421,compose,v,を構成する,〈詩など〉を作る,〈活字〉を組む,〈争いなど〉を解決する
B100422,composition,n,〈U〉創作,《混合物などの》成分 《of ～》,〈C〉混合物,,
B100423,compound,n,〈C〉混合物,複合語,,,
B100424,compromise,n,〈U〉〈C〉《～との》妥協,〈C〉妥協案,,,
B100425,concentration,n,〈U〉(～への)(光線・注意などの)集中,(仕事などへの)専念,〈C〉(人口などの)集中,〈U〉濃縮,〈液体の〉濃度,,
B100426,concept,n,特に哲学用語として)(～の)概念,観念《+of+名》,(～という)概念《+that節》,,
B100427,concerned,adj,《通例名詞の後に用いて》関係のある,心配そうな,,,
B100428,conclude,v,《文》〈演説・論文・会合〉を終わりにする,〈事柄など〉を結論する,〈条約など〉を締結する,(～で)〈話・文などが〉終わる,
B100429,conclusion,n,〈C〉〈U〉終わり,〈C〉結論,〈U〉〈C〉(条約などの)締結,,
B100430,conduct,n,〈U〉《文》(人の)行為,指導,〈業務など〉を指導する,《オーケストラなど》の指揮をする,
B100431,confidence,n,〈U〉信頼,《～を》信頼すること《in ～》,(自分の思想・能力・行動などに対する)確信,〈C〉打ち明け話,
B100432,confirm,v,を確かめる,《~ to A that ～》(Aに)～ということを確認する,《~ A in ～》(Aの)～を強める,,
B100433,confirmation,n,陳述・所信などの)確認,(情報などの)確証,(条約などの)承認《+of+名》,(～であるという)確証,堅信礼(幼年時代に洗礼を受けた人が成人してその信仰を堅めるために告白をして教会員となる儀式),,,
B100434,conflict,n,衝突,矛盾,,,
B100435,confusing,adj,混乱させる[ような],当惑させる,,,
B100436,confusion,n,混乱,(～と～との)混同《+of+名+with+名》,当惑,,
B100437,congratulate,v,(～に対して)〈人〉‘に'お祝いを言う,喜びを述べる《+名+on(upon)+名(doing)》,,,
B100438,connect,v,〈2個の物〉を連結する,《受動態で》(～と)～を関係させる,(～で)～を連想する,〈物・事柄などが〉(～と)関連している,〈交通機関が〉(～と)連絡(接続)している《+with+名》
B100439,connection,n,〈C〉〈U〉(～と～との)関係,〈C〉〈U〉(～間の)(電車など交通機関の)連絡,(電話などの)接続《+between+名》,〈C〉連絡列車(船),〈C〉《複数形で》関係先,〈U〉親類関係,〈C〉親類
B100440,conquer,v,(武力・暴力などで)〈敵の領土〉を征服する,(精神力で)～を克服する,征服する,勝つ,
B100441,conscious,adj,《補語にのみ用いて》気づいている,《補語にのみ用いて》(～に)反応を示す,《名詞の前にのみ用いて》意識した,考えることができる,
B100442,consequently,adv,その結果として,従って,,,
B100443,conservation,n,〈U〉保存,(特に自然環境の)保護,,,
B100444,conservative,adj,(人・考え方などが)保守的な,見積もり,,,
B100445,considerable,adj,考慮に値する,かなりの,,,
B100446,consideration,n,〈U〉《～の》考慮,〈C〉考慮すべきこと,〈U〉《～への》思いやり ,〈C〉報酬,〈U〉《まれ》重要さ
B100447,consonant,n,〈C〉子音,子音字,,,
B100448,constantly,adv,絶えず ,(規則的に)しばしば,,,
B100449,constitute,v,《しばしば受動体で》〈物〉を構成する,を成り立たせる,を組織する,《〜 +〈目〉+ 〈補〉》〈人〉を(役目・職務など)に任命する,〈制度など〉を制定する
B100450,constitution,n,〈U〉(物の)構成,〈C〉〈U〉体格,〈C〉政体,〈C〉憲法,《the C-》合衆国憲法
B100451,construct,v,(一定の計画・設計に従って)～を組み立てる,を建てる,,,
B100452,construction,n,〈U〉《～の》組立て,構造,〈C〉建築物,,
B100453,consume,v,〈物・時間・金など〉を消費する,を食べ尽くす,〈特に火が〉～を焼き尽くす,《おもに受動態で》〈怒り・嫉妬などが〉〈人〉を心をすっかり奪う,
B100454,consumer,n,(～の)消費者,～を)消費(浪費)する物(事)《+of+名》,,,
B100455,consumption,n,〈U〉消費,購入,消費量,摂取,肺結核
B100456,contain,v,〈物〉を含む,を入れる容積がある,〈自分,,
B100457,content,n,〈C〉《複数形で》(容器などにはいっている)中身,含有量,〈U〉(書物・演説などの)趣旨,,
B100458,continual,adj,たびたび起こる,(中断せず)連続した,,,
B100459,continually,adv,ひんぱんに,絶えず,,,
B100460,continuous,adj,(時間的・空間的に)切り目なく続く,続けざまの,,,
B100461,continuously,adv,絶え間なく,連続して,,,
B100462,contrary,adj,反対の,逆の,ひねくれた,,
B100463,contribute,v,(～に)〈金銭など〉を寄付する,(新聞・雑誌に)〈作品など〉を寄稿する《+名+to+名》,(～に)寄付する,～の)一因となる《+to+名(doing)》,新聞・雑誌に)寄稿する《+to+名》
B100464,contribution,n,〈C〉寄付,寄与,貢献,,
B100465,control,v,を支配する,〈感情など〉を抑制する,,,
B100466,controversial,adj,物議を醸す,議論好きの,,,
B100467,convey,v,《～に》を伝達する,を運ぶ,を正式に譲渡する《to》,,
B100468,convince,v,～を納得させる,～を確信させる,,,
B100469,copyright,n,〈C〉著作権,版権,,,
B100470,correction,n,〈U〉訂正,〈C〉訂正箇所,〈U〉(よくするための)処罰,,
B100471,cotton,n,綿,綿の木(cotton plant),綿布,綿糸,
B100472,cough,v,せきをする,せきのような音を出す,,～をせきをして吐き出す《+up(out)+名》,,
B100473,council,n,〈C〉諮問会,会議,(州・市・町議会など)地方自治体の議会,,
B100474,counseling,n,カウンセリング(専門家との個人面接によって与えられる助言・指導),,,,
B100475,count,n,〈C〉〈U〉数えること,計算,,,
B100476,counter,v,に逆らう,(ボクシングなどで)打ち返す,,,
B100477,countless,adj,数えきれないほどの無数の(innumerable),,,,
B100478,county,n,〈C〉《英》州,《米》郡,《the ~》州民,,
B100479,courage,n,〈U〉(危険などに立ち向かう)勇気,(苦痛などに耐える)精神力,,,
B100480,courageous,adj,勇気のある,勇敢な,,,
B100481,courgette,n,ズッキーニ,,,,
B100482,craft,n,〈U〉技能,〈C〉手先の技術を要する仕事,工芸,〈C〉《集合的に》同業者,同業組合,〈U〉(悪い意味で)巧妙さ,《集合的に》船
B100483,crash,n,ガラガラ,(飛行機の)墜落,(事業などの)崩壊,,
B100484,crash,v,ガチャン(ドシン),《～に》ガチャン(,ドシン)と衝突する《into》,大きな音をたてて動く,〈飛行機が〉墜落する,〈事業などが〉つぶれる
B100485,creator,n,創造者,《the C-》神,,,
B100486,criminal,n,〈C〉犯罪者、犯人,,,,
B100487,crisis,n,(社会上・政治上の)重大な事態,人生の)重大な転機(岐路),最悪状態,,
B100488,critic,n,(特に文学・美術・音楽の)評論家,あら捜しをする人,,,
B100489,critical,adj,評論の,酷評的な,危機の,臨界の,
B100490,crop,n,〈C〉《しばしば服数形で》作物,〈C〉(一地域で一期にとれる農作物の)収穫[高],〈U〉作付け,〈C〉《通例単数形で》(同時に),〈C〉《通例単数形で》(髪の)刈込み
B100491,crossing,n,横断,交差点,異種交配(crossbreeding),,
B100492,crossroad,n,他の道路と交わる)交差道路,(本通りと交差する)横通り,《複数形で》《単数・複数扱い》交差点,《複数形で》《単数・複数扱い》(事態の)重要な岐路,,
B100493,crow,n,カラス,=crowbar,《単位形で》おんどりのかん高い鳴き声,〈C〉《通例単数形で》キャッキャッという赤ん坊の笑い声,
B100494,cruel,adj,(人・行動が)残酷な,悲惨な,,,
B100495,crush,n,〈C〉押し合いへし合い,〈C〉《話》(～に)のぼせ上がること,,,
B100496,cucumber,n,キュウリ,キュウリの実,,,
B100497,cultivate,v,〈土地〉を耕す,〈作物〉を栽培する,～を教化する,～を得ようとする,,
B100498,cultural,adj,文化的な,教養の,栽培上の,培養の,,,
B100499,cure,n,〈C〉(病気の)回復,治療,〈C〉《～の》治療薬,,
B100500,curiosity,n,〈U〉《ときにa~》好奇心,〈C〉珍しい物,,,
B100501,curious,adj,好奇心の強い,奇妙な,,,
B100502,curiously,adv,物珍しそうに,奇妙にも,,,
B100503,curly,adj,(髪が)カールした,,,,
B100504,currency,n,〈C〉〈U〉通貨,〈U〉流通,,,
B100505,current,adj,今の,通用している,,,
B100506,currently,adv,現在は,,,,
B100507,curriculum,n,(学校の)教科課程,,,,
B100508,curtain,n,カーテン,(劇場の)幕,幕状のもの,仕切りの壁,,
B100509,curve,n,〈C〉曲線,曲がり,(野球で投球の)カーブ,,
B100510,cushion,n,クッション,クッション状の物,(衝撃などを和らげるための)詰め物,玉突台のクッション,,
B100511,customs,n,税関,,,,
B100512,cut,n,切断, 切ること, 切り取り,削減,無断欠席,切れ目, 切り込み: 傷口,
B100513,CV,n,＝curriculum vitae,《英》履歴書,,,
B100514,cycle,n,周期,周波,英雄・伝説などを扱った)一連の詩(物語),自転車,三輪車,オートバイ,
B100515,cycle,v,自転車に乗る,循環する,,,
B100516,daisy,n,ヒナギク,《容》すてきな人(物),,,
B100517,damage,n,〈U〉損害,被害,,,
B100518,damage,v,に損害を与える,,,,
B100519,damaged,adj,損害を受けた,傷んだ,被害に遭った,腐った,酔っぱらった
B100520,damp,adj,湿っぽい,湿気のある,,,
B100521,dangerously,adv,危険なほど,危うく,,,
B100522,dare,v,あえて～する,《~ to do》思い切って～する,〈危険など〉立ち向かう,〈人〉に挑む,
B100523,darkness,n,暗さ,徳黒さ,無知,邪悪,不明りょう
B100524,date,v,～に日付を入れる,の年代を定める,《おもに米話》(異性)とデートする,日付がある,特定の時代に)始まる
B100525,dating,n,日付の記入,《地学・考古学》年代決定,デートすること,,
B100526,daze,n,ぼうっとした状態,,,,
B100527,dazzle,n,目をくらませる輝き,目をくらませるもの,,,
B100528,deadline,n,最終期限,(新聞・雑誌などの)原稿〆切(締切)時間・最終期限,,,
B100529,deadly,adj,致命的な,《名詞の前にのみ用いて》殺そう(滅ぼそう)とねらっている,生かしておけない,《名詞の前にのみ用いて》死(死人)のような,《名詞の前にのみ用いて》はなはだしい,耐えられないほど退屈な
B100530,deaf,adj,耳が遠い,《the deaf,名詞的に》耳が不自合な人々,《補語にのみ用いて》《～を》聞こうとしない《～に》むとんじゃくである《to ～》,,
B100531,deal,v,と取引する, を分配する,,《～に》(打撃・仕打ちなど)を加える《at》,,,
B100532,dealer,n,〈C〉商人,《～の》業者《in ～》,(カードゲームの)札の配り手,,
B100533,debris,n,(壊れた物の)破片,残骸,,,
B100534,debt,n,〈U〉〈C〉借金,負債,〈C〉恩義,,,
B100535,decision,n,〈C〉(問題・疑義などの)決定,〈U〉決心,〈C〉(法廷での)判決,判定,〈U〉決断力,
B100536,declaration,n,〈U〉(～の)宣言,〈C〉申告書,〈C〉供述,,
B100537,declare,v,を宣言する,を強調する,(課税品・所得額)を申告する,を明らかにする,《～に反対
B100538,decline,n,下落,衰弱,,,
B100539,decrease,n,〈U〉〈C〉《～の》減少 《in ～》,,,,
B100540,decrease,v,を減らす,減る,,,
B100541,dedicate,v,《～に》を奉納する,をささげる《to》,に専念する,,
B100542,deed,n,〈C〉《文》行為,《法》(正式の)捺印証書 ,,,
B100543,defeat,v,を負かす,を打ち破る,,,
B100544,defend,v,(～から)～を守る,(言論などで)～を擁護する,(法廷で)〈被告〉を弁護する,防御する,
B100545,defender,n,防御する人,選手権保持者,弁護士,,
B100546,defense,n,〈U〉《～に対する》防御,〈C〉《～に対する》防御物,〈U〉(スポーツで)守備,〈C〉《米で単数扱い,英で単数・複数扱い》守備側のチーム,〈U〉(被告側の)弁護,
B100547,deficiency,n,〈U〉〈C〉《～の》不足,〈C〉不足分,(精神・肉体などの)欠陥,
B100548,define,v,を定義する、定義付ける,,,,
B100549,definite,adj,明確な,正確な,一定の,限定的な,明確に限定された
B100550,definite article,n,定冠詞(the),,,,
B100551,definitely,adv,明確に,《話》確かに,,,
B100552,definition,n,〈C〉定義,〈C〉(本質・特徴を)明確にすること《+of+名》,〈U〉(映像・音声などの)鮮明度,,
B100553,delay,v,～を延期する,〈事故などが〉～を遅らせる,ぐずぐずする,,
B100554,delete,v,(～から)〈語など〉を削除する,消す《+名+from+名》,,,
B100555,delicate,adj,繊細な,柔らかい,壊れやすい,か弱い,扱いの難しい
B100556,delight,n,〈U〉大喜び,〈C〉楽しみ,,,
B100557,delighted,adj,うれしい,喜んだ,,,
B100558,delightful,adj,(物・事が)喜びを与える,(人が)愉快な,,,
B100559,deliver,v,《～に》〈手紙・荷物など〉を配達する《to ～》,《～に》〈打撃・攻撃など〉を加える《to ～》,〈意見など〉を述べる,《～から》〈人〉を救い出す《from ～》,
B100560,delivery,n,〈U〉〈C〉《～への》配達《for ～》,話しぶり,出産,〈U〉《文》《～からの》釈放,
B100561,demand,n,〈C〉要求,〈U〉《～の》需要《for ～》,,,
B100562,demand,v,(人が)～を求める,(物事が)～を必要とする,,,
B100563,democracy,n,〈U〉民主政治,〈C〉民主主義国,,,
B100564,democratic,adj,民主主義の,(人・態度などが)民主的な,,,
B100565,demonstrate,v,(真理・学説など)を論証する,(実例・実験などによって)～を説明して見せる,,,
B100566,demonstration,n,〈U〉〈C〉論証,実物説明,《感情の》表示,示威運動
B100567,deny,v,～を否定する,《deny+名+名=deny+名+to+名》〈人・自分〉‘に'～を与えない(許さない),,,
B100568,depart,v,《文》《～から》(遠くへ)立ち走る,《通常のことから》はずれる,,,
B100569,department,n,〈C〉(政府・会社・学校などの組織の)部門,仕事などの)(専門)領域,《英》(官庁の)局,(フランスなどの)県,
B100570,departure,n,～から)(遠くへ)立ち去ること,(通常のことから)はずれること,(方針・考えなどの)新機軸,,
B100571,dependent,adj,頼っている,依存している,従属している,,
B100572,deposit,n,〈C〉(銀行への)預金,担保,(自然の作用による)堆積物,,
B100573,depressed,adj,元気のない,(力・価値などの)低下した,不景気の,押し下げられた,抑圧された,
B100574,depressing,adj,意気消沈させる,重苦しい,(天候などが)憂鬱な,,
B100575,depression,n,うつ病、憂鬱、不景気、低気圧,,,,
B100576,deprive,v,《Aを》～から奪う《～ of A》,,,,
B100577,depth,n,〈U〉〈C〉〈U〉《通例単数形で》深さ,〈U〉(知識・知性などの)深遠さ,(声・音などの調子の)低さ,〈C〉《複数形で》奥まった場所,
B100578,derive,v,《～から》を引き出す,《～から》派生する,《～に》由来する,,
B100579,deserve,v,(賞罰・評価など)に値する,《～を》受けるに足る 《of ～》,,,
B100580,design,v,〈構造など〉を設計する,～‘の'下絵を描く,～を計画する,～を予定する,
B100581,designer,n,設計者,デザイナー,,,
B100582,desire,n,願望,《通例単数形で》望みのもの,〈C〉〈U〉(～に対する)性的欲望《+for+名》,,
B100583,despair,n,〈U〉絶望,〈C〉絶望のもと,見放されたもの,,,
B100584,desperate,adj,自暴自棄の,《補語にのみ用いて》切望している,(回復・改善などの)見込みがない,耐えられない,死にもの狂いの
B100585,despite,prep,〜にもかかわらず,,,,
B100586,destination,n,〈C〉(旅行・航海などの)目的地,(物の)送付先,,,
B100587,destruction,n,破壊[行為],破壊された状態,破壊手段,,
B100588,destructive,adj,破壊的な,破壊力のある,壊滅的な,,
B100589,detective,n,刑事,探偵,,,
B100590,determination,n,〈U〉決心,《～の》決定 《of ～》,〈C〉《～の》判決,〈U〉《～の》測定 《of ～》,
B100591,determine,v,を特定する,を決定する,を決心する,《～することを》～に決心させる《 to do 》,を左右する
B100592,devastate,v,《通例be ~ed》を荒廃させる,(突然の知らせなどで)〈人など〉を打ちのめす,,,
B100593,devastating,adj,(戦争・あらしなどが)荒廃させる,《話》人を打ちひしぐような,辛らつな,,,
B100594,development,n,〈U〉〈C〉発達,〈U〉(写真の)現像,〈C〉発達(発展)の結果できたもの,〈C〉開発した土地(地区),(特に)住宅団地(housing development,〈C〉(最近の)でき事
B100595,device,n,工夫,《しばしば複数形で》策略,《～の》考案物,装置,(紋章などの)図案,文学的効果を上げるための)工夫された表現
B100596,devotion,n,,〈U〉《～への》深い愛情《to》,《～に労力・時間などを》ささげること,《～への》帰依(きえ),《複数形で》宗教的儀式,
B100597,diagram,n,〈C〉図,図表,予定表,グラフ,
B100598,dial,n,時計の)文字盤,(各種計器類の)目盛り盤,(ラジオ・テレビの)ダイヤル,(電話の)ダイヤル,日時計(sundial),
B100599,dial,v,〈ラジオ・テレビ〉‘の'ダイヤルを回す,〈番組・波長〉‘に'ダイヤルを合わせる,〈電話・番号〉‘の'ダイヤルを回す,〈人〉‘に'電話をかける,(電話の)ダイヤルを回す,,
B100600,dialog,n,〈U〉対話,〈C〉対話体の作品,,,
B100601,diameter,n,直径,(レンズなどの)倍率,,,
B100602,diaper,n,〈C〉《米》おしめ,〈U〉菱形模様,菱形地紋の麻布(タオル・ナプキン用),,
B100603,differ,v,違う,意見を異にする,,,
B100604,dig,v,(～を)小突くこと《+in+名》,(～に対する)当てこすり《+at+名》,考古学上の発掘地,《複数形で》《英話》下宿,
B100605,digital,adj,指の,数字の,計数型の,,,
B100606,diligence,n,〈U〉勤勉さ,不断の努力,,,
B100607,diligent,adj,勤勉な,念入りの,,,
B100608,dioxide,n,二酸化物,,,,
B100609,direct,v,を指揮する,に命令する,に道を教える,を向ける,
B100610,directly,adv,まっすぐに,直接に,まさに,すぐに,
B100611,dirt,n,不潔な物,土(soil),無価値なもの,わい談,《話》卑わいな言葉,(特に)卑わいな悪口
B100612,disability,n,〈U〉無能,〈C〉障害,〈U〉《米》障害者年金,(法律で)無能力,
B100613,disable,v,《しばしば受動態で》～を役に立たなくする,《文》(～から)～を失格させる,,,
B100614,disabled,adj,身体障害の不具の,無能力になった,,,
B100615,disagreement,n,〈U〉不一致、不調和,,,,
B100616,disappoint,v,《人を》を失望させる,〈約束・期待〉を破る,〈希望・計画など〉をだめにする,,,
B100617,disappointment,n,〈U〉失望,〈C〉失望させる物(事),,,
B100618,disaster,n,(突然の大きな)災害,災難・不幸,,,
B100619,disastrous,adj,災害の,《～に》壊滅的な,,,
B100620,disc jockey,n,=disk jockey,,,,
B100621,discomfort,n,〈U〉不安(uneasiness),〈U〉不快,〈C〉不安(不快)なもの,,
B100622,discount,n,(手形・商品の)割引[額],,,,
B100623,discourage,v,を落胆させる,《～することを》〈人〉に思いとどまらせる,をさせないようにする,,
B100624,discovery,n,〈U〉発見〈C〉発見したもの,,,,
B100625,discrimination,n,区別(識別)すること,(～に対する)差別待遇《+against+名》,識別力,,
B100626,disease,n,〈U〉(体の)病気,(精神・道徳などの)病気,,,
B100627,disgusting,adj,むかつくような,実にいやな,,,
B100628,dishwasher,n,(食堂の)皿洗い[人],[自動]皿洗い機,,,
B100629,disk,n,円盤,円盤の表面,植物,数学で)円板(円によって囲まれた範囲),レコード,
B100630,dislike,v,を嫌う,,,,
B100631,display,v,〈物〉を展示する,〈感情など〉を表に出す,〈能力など〉を発揮する,～を見せびらかす,
B100632,dissolve,v,を溶かす,を解消する,を分解する,溶ける,消散する,,,
B100633,distance,n,〈U〉(二つの物・場所の間の)距離,遠方,,,
B100634,distant,adj,(距離が)遠い,(時間的に)離れた,,,
B100635,distinction,n,〈U〉〈C〉《～の間の》区別,〈U〉(区別となる)特徴,,,
B100636,distinctly,adv,はっきりと,確かに,,,
B100637,distinguish,v,～を区別する,〈物事が〉～の特徴である,《通例canと共に》～をはっきり見る,〈自分〉を目立たせる,
B100638,distribute,v,,《～に》～を分配する 《to》,,《ある区域・場所に》～を散らばらせる 《over》,,,
B100639,distribution,n,〈U〉《～への》配分,〈C〉配分されたもの,〈U〉(商品の)流通組織,,
B100640,district,n,(特別な目的のために区分された州・都市などの)地区,(ある特色・機能をもつ)地域,,,
B100641,disturbance,n,〈U〉乱す(騒がす),〈C〉騒ぎ,乱す(騒がす),,
B100642,dive,n,飛び込み,飛行機の)急降下,(潜水艦・潜水夫などの)急潜航,《話》怪しげなナイトクラブ,,
B100643,dive,v,～から水中などに)頭から飛び込む《+from(off)+名+into(in)+名》,(～を取ろうと)潜る,(～へ向かって)急降下する,(～に)駆け込む,～に)手を突っ込む《+in(into)+名》
B100644,diver,n,水に飛び込む人,海女(あま),水に潜る鳥(loon),,
B100645,diverse,adj,別種の,いろいろの,,,
B100646,divide,n,分割,見解の相違,,,
B100647,divine,adj,神の,神のような,神が与える,神にささげる,神聖な,《話》すばらしい
B100648,diving,n,潜水,ダイビング,,,
B100649,divorced,adj,切り離された,離婚した,,,
B100650,DJ,n,ディー・ジェイ,=disc jockey,,,
B100651,doc,n,医者([doctor],〈コンピューター〉ドキュメント([document],,,
B100652,document,n,(証書・記録・資料などの)文書,書類,,,
B100653,documentary,n,(映画・テレビなどの)記録もの,実録,ドキュメンタリー,,
B100654,dolphin,n,イルカ,シイラ(温帯水域に産する大型の細長い魚),,,
B100655,dot,n,点,ペンで書いたような)小点,終止符(period),(通信の)短点,,
B100656,downstairs,adj,階下の(にある),特に)1階の(にある),,,
B100657,downward,adj,下方への,下向きの,,,
B100658,doze,n,うたた寝,居眠り,,,
B100659,dozen,det,ダースの,12個の(《略》doz.),dz.,,
B100660,dozen,n,ダース,12個(《略》doz.),dz.,,
B100661,drag,v,〈重い物〉を引きずる(haul),《副詞[句]を判って》～を引っ張ってゆく,網などで)(～を捜して)〈川・湖など〉‘の'底をさらう《+名+for+名》,,～をだらだらと引き延ばす《+out+名》,地面に)引きずる《+along》
B100662,dramatic,adj,劇の,劇的な,芝居がかりの,,
B100663,drown,v,～を溺死(できし)させる,(～で)～を水浸しにする,,〈大きな音が〉〈ほかの音〉をかき消す《+out+名》,(仕事・研究などに)〈自分〉を熱中させる,溺死(できし)する
B100664,drunk,adj,drinkの過去分詞,酒に酔って,(感動・喜びなどに)酔いしれて,酔っぱらい,
B100665,dude,n,やつ,めかし屋,,,
B100666,dull,adj,鈍い,つまらない,暗い,,
B100667,dump,n,〈C〉ごみの山,弾薬・軍需品などの)臨時集積場,,,
B100668,dump,v,重い荷物など)をどさっと落とす,を投げ売りする,〈恋人など〉を捨てる,,
B100669,dustbin,n,=[garbage can],=[ash can],,,
B100670,dusty,adj,ほこりっぽい,ほこりのような色の,ほこりのような,,
B100671,duty,n,義務,仕事,関税,従順さ,
B100672,duty-free,adj,関税のかからない,免税の,,,
B100673,duvet,n,羽根ぶとん,,,,
B100674,dynasty,n,(歴代)王朝,(数世代にわたっての)特権階級に属する人々,,,
B100675,eager,adj,《補語にのみ用いて》熱望している,熱心な,,,
B100676,eagerness,n,熱心,,,,
B100677,earache,n,耳痛,,,,
B100678,earnest,adj,まじめな,重大な,本気,,
B100679,eastern,adj,東の,東へ向かう,(風が)東からの,《しばしばEastern》東洋の(Oriental),《しばしばEastern》《米》東部地方の,《Eastern》東欧の,
B100680,easygoing,adj,のんきな,こせこせしたところのない,,,
B100681,eco,n,〈C〉生態,生態系,自然環境([ecology]),,
B100682,ecological,adj,生態学の,,,,
B100683,ecology,n,生態学(生物と生活環境との関連を研究する学問),,,,
B100684,economic,adj,経済の,経済学の,,,
B100685,economics,n,《単数扱い》経済学,《複数扱い》(国・人の)経済状態,,,
B100686,economy,n,〈U〉〈C〉節約,〈U〉(国家・社会などの)経済,,,
B100687,ecosystem,n,生態系,,,,
B100688,ecstasy,n,有頂天,無我夢中,恍惚(こうこつ),,
B100689,edge,n,〈C〉縁,〈C〉(刃物の)刃,〈U〉(刃の)鋭利さ,〈U〉(欲望などの)強さ,,
B100690,edition,n,刊行物の)版,(同じ版で同時に刷った)全発行部数,(同じ版の)1冊(部,《修飾語[句]を伴って》(装丁などから見た)～版,,,
B100691,educate,v,を教育する,を教え込む,,,
B100692,effective,adj,効果的な,(法律などが)有効な,印象深い,実際に役立つ,
B100693,efficiency,n,〈U〉能率,(機械の)効率,,,
B100694,efficient,adj,能率的な,有能な,,,
B100695,either,det,(二つのうちの)どちらかの,どちらでも,,,
B100696,either,pron,(2者のうちの)どちらか一方,どちらでも,,,
B100697,elbow,n,ひじ,ひじ形(L字形)のもの,ひじ形の屈曲,(管の)ひじ形継ぎ手,(いすの)ひじ掛け,,,
B100698,election,n,選挙,当選,,,
B100699,electrical,adj,電気の,電気を扱う,電撃的な,,
B100700,electricity,n,〈U〉電気,電気学,極度の緊張(興奮),,
B100701,electron,n,電子,エレクトロン,,,
B100702,electronic,adj,電子の,エレクトロンの,,,
B100703,element,n,〈C〉(基本的な)要素,(物質を構成する)元素,,,
B100704,eliminate,v,《～から》を排除する、取り除く《from》,を考慮に入れない,,,
B100705,embarrass,v,に恥ずかしい思いをさせる,を困惑させる,を邪魔をする,(人・会社など)を財政困難にする,
B100706,embarrassed,adj,恥ずかしい,ばつの悪い,きまり悪い,,
B100707,embarrassment,n,〈U〉困惑,きまりの悪さ,〈U〉〈C〉財政困難,〈C〉じゃま者
B100708,emerge,v,(水中・暗やみなどから)出てくる,(問題・事実などが)出てくる,《逆境などから》浮かび上がる《from ～》,,
B100709,emotion,n,強い感情,(喜怒哀楽などの)感情,,,
B100710,emotional,adj,感情の,感情的な,(またemotive)感情に訴える,,
B100711,emotionally,adv,感情的に,感情に訴えて,,,
B100712,emperor,n,皇帝,(日本の)天皇,,,
B100713,emphasis,n,〈U〉《～に対する》強調,〈U〉〈C〉(音節・語・句などに置く)強勢,,,
B100714,emphasize,v,～を強調する,重要視する,,,
B100715,empire,n,〈C〉帝国,〈U〉帝権,〈C〉(強大な社会・経済組織としての)～帝国,《帝国》ナポレオンの帝政期(1804‐15),
B100716,employment,n,〈U〉(人の)雇用,〈U〉(物・能力・時間の)使用《+of+名》,〈U〉〈C〉職,,
B100717,enable,v,《 ~ A to do》《Aが～することを》可能にする,《かたく》を可能にする,,,
B100718,enclose,v,を同封する,を囲む,,,
B100719,encounter,n,偶然の,遭遇戦,,,
B100720,encouragement,n,〈U〉激励,〈C〉励みになるもの,,,
B100721,encouraging,adj,元気付ける,励ましとなる,奨励する,,
B100722,encyclopedia,n,百科事典,,,,
B100723,endanger,v,〈生命・富・健康・計画など〉を危うくする,危険にさらす,,,
B100724,endless,adj,無限の,絶え間のない,(端と端がつながって)輪になっている,,
B100725,endure,v,～‘に'耐える,《しばしば否定文で》～をがまんする,《文》持ちこたえる,耐え忍ぶ,
B100726,enemy,n,敵,《the~》《集合的に,《米》では単数扱い,(～を)害するもの,,
B100727,engage,v,取り組む,従事する,婚約する,引きつける,
B100728,engaged,adj,,《補語にのみ用いて》《～に》忙しい《in》,《英》(電話などが)話し中の,約束済みの,婚約中の,交戦中の
B100729,engine,n,エンジン,機関車(locomotive),消防ポンプ(fire engine),《古》(一般に)機械装置,
B100730,engineering,n,工学,土木工事,,,
B100731,Englishman,n,イギリス人,英国人,イングランド人,,
B100732,enjoyable,adj,おもしろい,愉快な,楽しめる,,
B100733,enjoyment,n,〈U〉楽しむこと,〈C〉楽しみ,〈U〉享有,,
B100734,enrich,v,(～で)〈社会・人など〉を裕福にする,(～で)〈生活・心・文化など〉を豊かにする,ある成分・要素などを加えて)～‘の'質を向上させる《+名+by+名(doing)》,,
B100735,ensure,v,〈物事が〉〈成功など〉を保証する,《～から》〈人〉を守る,,,
B100736,entertain,v,〈人〉を楽しませる,をもてなす,客を呼ぶ,,
B100737,entertainer,n,もてなす人,歌(漫談),,,
B100738,enthusiasm,n,〈U〉《～に対する》熱中,熱狂,,熱意 《for》,about ～》,
B100739,enthusiast,n,～狂,(～に)熱中している人《+about+名》,,,
B100740,enthusiastic,adj,熱心な、熱狂的な,,,,
B100741,entire,adj,《名詞の前にのみ用いて》全体の,壊れていない,《名詞の前にのみ用いて》無条件の,,
B100742,entirely,adv,全く,完全に,全部で,,
B100743,entry,n,〈C〉〈U〉入ること,〈C〉記載事項,《～の》記入 《of ～》,参加者
B100744,environmental,adj,環境の,自然環境の,,,
B100745,environmentalist,n,環境保護論者,,,,
B100746,equal,adj,等しい,平等の,互角の,《～する》力量がある《to ～》,
B100747,equality,n,(数量・程度・価値・大きさなどで)等しいこと,特に,,,
B100748,equally,adv,平等に,《文を修飾して》同時に,,,
B100749,equipment,n,〈U〉《～のための》備品,《～を》装備すること 《with ～》,《～に》必要な知識,,
B100750,era,n,(重要な出来事や人物により特徴づけられる)時代,(歴史上の)～時代,紀元,,
B100751,escape,v,《Aから》逃げ出す,《Aから》免れる《from A(doing)》,《Aから》流出する,未然に)をうまくかわす,を免れる
B100752,essence,n,〈U〉(～の)本質,〈U〉〈C〉(植物・薬物などから抽出された)精,〈U〉香水(perfume),〈U〉本質,
B100753,essential,adj,絶対必要な,本質の,,,
B100754,establishment,n,〈U〉《～の》設立《of ～》,(確立された)制度,《the E-》体制,,
B100755,estimate,v,を見積る,を評価する,,,
B100756,eternal,adj,永遠の,《話》絶え間のない,,,
B100757,eternity,n,〈U〉永遠,〈U〉来世,《an~》際限なく思われる長い時間,,
B100758,even,adj,平らな,同じ高さの,同じの,偶数の,
B100759,evenly,adv,等しく,平らに,落ち着いて,,
B100760,eventually,adv,結局,最後には,,,
B100761,evident,adj,証拠に基づいて)明白な,はっきりした,明らかな,,
B100762,exact,adj,(数量など)正確な,(人が)厳密な,,,
B100763,examination,n,〈C〉(～の)試験《+in(on)+名ofを用いない》,〈U〉〈C〉(～の)調査,〈C〉〈U〉診察,〈C〉詩験問題[用紙],詩験答案[用紙],
B100764,examine,v,を調べる,を診察する,,に《～の》試験をする《ln》,を尋問する,
B100765,examiner,n,試験官,検査官,尋問者,,
B100766,excellence,n,(～における)優秀さ,卓越《+in(at)+名》,(～として)優れていること《+as+名》,,
B100767,excess,n,〈U〉超過,不節制〈C〉度を超えた行為,暴食,,
B100768,exchange,v,《～と》～を取り替える《for ～》,《人と》～を取り交わす《with ～》,,,
B100769,exchange rate,n,為替相場,,,,
B100770,excitedly,adv,ワクワクして,興奮して,意気込んで,,
B100771,excitement,n,〈U〉興奮,〈C〉興奮させるもの(事),,,
B100772,exclusive,adj,除外する,入会に制限のある,《名詞の前にのみ用いて》独占的な,完全な,《話》(商品・ホテルなどが)高級な
B100773,excuse,v,を許す,を免除する,の言い訳をする,の弁明となる,
B100774,exhausted,adj,疲れ果てた,使い尽くされた,,,
B100775,existence,n,〈U〉《～の》存在,生存,〈C〉生活,,
B100776,exit,n,〈C〉出口,《かたく》退出,,,
B100777,exit,v,退去する,立ち去る,(台本のト書きで)退場する,,
B100778,expand,v,《～にまで》拡大する,膨張する,広がる 《into ～》,～を拡大する,を拡大して《～に》する 《into ～》,,
B100779,expense,n,〈U〉支出,犠牲,〈C〉出費の原因,,
B100780,experience,v,～を経験する,～を体験する,,,
B100781,experienced,adj,《～の》経験を積んだ,経験豊富な《in ～》,,,
B100782,experiment,n,〈C〉《～の》実験,,試み《in》,on,with ～》,
B100783,exploration,n,(未知・未調査の場所の)探検,(問題の)探索,,,
B100784,explosion,n,(火薬などの)爆発,爆発音,《an~》(怒り・笑いなどの)爆発《+of+名》,急激な増加,
B100785,expose,v,《風雨・危険・攻撃などに》～をさらす《to ～》,〈秘密など〉を暴露する,,,
B100786,express,v,(思想・感情など)を表現する,を示す,,,
B100787,extend,v,《～まで》〈距離・期間など〉を延ばす《to ～》,を伸ばす,【動,自】《～まで》広がる,
B100788,extensively,adv,幅広く,広範囲に,縦横に,大々的に,大規模に
B100789,extent,n,〈U〉《～の》広がり,《～の》範囲,,,
B100790,extinct,adj,生物・民族などが)絶滅した,(貫習などが)滅びてしまった,(火山などが)活動をやめた,(火が)消えた,,
B100791,extinction,n,消滅(絶滅)すること,～を)消滅(絶滅)させること,,,
B100792,extra,n,〈C〉付属するもの,割増し料金,,,
B100793,extraordinary,adj,並はずれた,異常な,《名詞の前にのみ用いて》特別の,,
B100794,extreme,adj,《名詞の前にのみ用いて》極度の,いちばん端の,極端な,月並みでない,
B100795,extreme sports,n,エクストリーム(極限の)スポーツ,,,,
B100796,eyesight,n,視力,,,,
B100797,face-to-face,adv,(～に)面と向かって,直面して《+with+名》,,,
B100798,face-to-face,adj,面と向かっての,差し向かいの,,,
B100799,facility,n,施設,設備,機能,,
B100800,fade,v,衰える,〈植物が〉しぼむ,しだいに消えてゆく《away》,～を衰えさせる,
B100801,failure,n,〈U〉《～における》失敗,《～の》衰弱,〈C〉失敗者,失敗した企て,〈U
B100802,faint,adj,(音・色・考えなどが)かすかな,(努力・行動などが)弱々しい,《補語にのみ用いて》(で)気が遠くなって目が回りそうで《+with(from)+名》,,
B100803,fair,n,〈C〉《米》(農産物・家畜などの)品評会,(一般に)博覧会,《英》定期市,慈善市,
B100804,faithful,adj,忠実な,貞節な,正確な,,
B100805,fake,adj,にせの,偽造(模造)の,,,
B100806,fall,n,〈C〉〈U〉秋,〈C〉《～から》落ちること《from ～》,,,
B100807,fallen,adj,fallの過去分詞,(高い所から)落ちた,堕落した,(国・町などが)滅びた,特に戦闘で)死んだ
B100808,fancy,n,空想(力),夢,気まぐれ,(気まぐれで一時的な)好み,"判断力"""
B100809,fancy,v,(～を)心に描く,～を好む,心に描く,,
B100810,fantasy,n,〈U〉想像,〈C〉(実在しない),〈C〉空想的作品,幻想曲,,
B100811,faraway,adj,(距離・時間などが)遠い,(顔つき・目つきなどが)ぼんやりした,,,
B100812,farewell,n,〈U〉《～との》別れ《to》〈C〉別れの言葉,,,,
B100813,farming,n,農業,,,,
B100814,farmland,n,農地,耕地,,,
B100815,farther,adv,(距離的に)さらに遠く,(程度が)さらに,,,
B100816,farthest,adv,(距離的に)最も遠く,(程度が)最大限に,最も遠い,最大限の,
B100817,fascinate,v,を魅了する,(恐怖などで)～を動けなくする,,,
B100818,fashionable,adj,流行の,上流[社会]の,,,
B100819,fasten,v,《～に》を留める,を締める,,《～に》を集中する《to 》,《～に》を押しつける《on ～》,締める
B100820,favorable,adj,好意的な,有利な,,,
B100821,fax,n,〈U〉ファックス,ファックス文書,,,
B100822,fax,v,をファックスで送る,,,,
B100823,feast,n,(宗教的な)祝祭,祝宴,(～の)目や耳を楽しませるもの,,
B100824,feed,v,〈人・動物〉‘に'食物を与える,《米》(人・動物に)〈食物〉を与える《+名+to+名》,〈食物ず〉～‘の'食事となる,(必要なものを)～‘に'供給する《+名+with+名》,～に)〈必要なもの〉を供給する
B100825,fellow,n,〈C〉《話》男,《話》(一般に)人,仲間,(学会などの)会員,
B100826,ferry,n,渡し船,渡し場,,,
B100827,festive,adj,祭りの,陽気な,,,
B100828,fetch,v,(行って)〈物〉を取って来る,〈人〉を連れて来る、迎えに行く,〈返事・笑い・涙など〉を引き出す,〈観客など〉を引きつける,《話》〈商品が〉〈ある値〉‘で'売れる,〈ため測・うめき声など〉を漏らす,品物を)行って用る,〈猟犬が〉獲物を取って来る
B100829,feverishly,adv,発熱して,熱狂(興奮)して,大慌てで,,
B100830,few,pron,《aをつけて背定的に》(～の)少数の人(物)《+of+名〈複数〉》,《aをつけないで否定的に》(～の)少数の人(物)[しかない]《+of+名〈複数形〉》,《the~》少数の人たち,,
B100831,fifth,n,《the~》第5,〈C〉5分の1,〈C〉《米》5分の1ガロン[びん],,
B100832,fight,v,〈両者・数人が〉戦う,～と戦う,〈戦い〉を交える,～を制圧しようとする,〈犬など〉を戦わせる
B100833,filling,n,(歯の)詰め物,詰め物をした食物(パイ),,,
B100834,film,v,～を薄膜でおおう,～をフイルムに写す,〈小説など〉を映画化する,(ほこり・氷などで)うっすらとおおわれる《+over with+名》,映画化される
B100835,film-maker,n,映画製作者(会社),映像作家,,,
B100836,filter,n,〈C〉ろ過器,(写真の)フィルター,,,
B100837,finance,v,〈人・計画など〉‘に'資金を出す,融資する,,,
B100838,financial,adj,財政上の,財界の,金融上の:,,
B100839,finding,n,〈U〉〈C〉発見すること,〈C〉発見物,《しばしば複数形で》拾得物,〈C〉(裁判官による)判決,《複数形で》,調査・研究などの)結果
B100840,fine,n,〈C〉罰金,,,,
B100841,finger,n,(手の)指,指の形をしたもの,(手袋の)指,(メーターなどの)指針,指幅(びん入りの酒の量を測るときなど),,
B100842,fire station,n,消防署,,,,
B100843,firefighter,n,〈C〉消防隊員,消防士([fireman],,,
B100844,firework,n,花火,花火大会,(怒りなどの)爆発,,,
B100845,firm,adj,しっかりした,,,,
B100846,firm,n,〈C〉商会,(一般に)会社,(商社名としての)～商会,《英》通信販売店,
B100847,firmly,adv,堅く,しっかりと,確固として,,
B100848,first floor,n,建物の)1階(《英》ground floor),《英》2階,,,
B100849,first lady,n,大統領夫人,州知事夫人,,,
B100850,first-floor,adj,1階の,,,,
B100851,fish,v,〈魚〉をとる,釣りをする,,,
B100852,fit,v,意図・目的など)～に合う,,《～に》～を合わせる 《to》,適する,,
B100853,fitness,n,(～を)適性,体調の良いこと,,,
B100854,fix,v,固定する,直す,,,
B100855,flash,adj,急で短い,《英話》(現代ふうで)気のきいた,,,
B100856,flat,adj,平らな,あからさまな,(料金・価格などが)均一の,気の抜けた,
B100857,flavor,n,(独特の)風味,味つけするもの,特質,,
B100858,float,v,(液体・気体に)浮く,《副詞[句]を伴って》漂うように移動する,ふわふわと動く,(眼前・心に)浮かぶ,〈うわさなどが〉広まる,〈為替相場が〉変動する,《副詞[句]を伴って》(水中・空中に)～を浮かせる
B100859,flock,n,〈C〉群れ,群衆,全キリスト教徒,キリスト教会,教会員,,
B100860,flood,v,をあふれさせる,〈人・物が〉～に殺到する,,,
B100861,flow,n,流れ,勢い,流動,,
B100862,flow,v,流れる,《～で》満ちあふれる《with ～》,《～から》生じる《from ～》,,
B100863,flu,n,インフルエンザ,流感,,,
B100864,fluent,adj,人が)流ちょうにしゃべれる,流ちょうに話された,言葉が)流ちょうな,,
B100865,fluently,adv,流暢に,ペラペラと,,,
B100866,flunk,v,〈試験など〉をしくじる,〈先生が〉〈学生など〉に落第点をつける,(試験などに)落第する《in ～》,,
B100867,flute,n,フルート,(柱の)浅くて丸みを帯びた縦溝,,,
B100868,fold,n,〈C〉折り目,ひだ,(土地の)くぼみ,,
B100869,fold,v,〈紙など〉を折る,〈両手など〉を組む,,,
B100870,folk,n,〈C〉《米・しばしば複数形で》人々,《話》《one's ~》家族,《古》民族,《話》《呼び掛けに用いて》皆さん,
B100871,fond,adj,《～を》好んで,《名詞の前にのみ用いて》優しい,優しすぎる,,
B100872,fondness,n,〈U〉〈C〉(～に対する)愛好,〈U〉ばかにかわいがること,,,
B100873,fool,v,〈他〉をだます,《~ A into doing》Aを騙して～させる〈自〉冗談を言う,ばかなまねをする,,
B100874,foolish,adj,愚かな,こっけいな,無意味な,,
B100875,foot,n,〈C〉(人間・動物の)足(くるぶしから先の部分),(生物体の)足状の部分,〈C〉《通例the~》(高い物・長い物の)足部,〈C〉《通例the foot》(階級・地位などの)最下位《+of+名》,〈U〉〈C〉歩み,〈C〉フィート(長さの単位で12インチ)
B100876,forbidden,adj,forbidの過去分詞,禁じられた,,,
B100877,forecast,n,〈C〉予想,(天気の)予報,,,
B100878,forehead,n,額(ひたい),前額部,,,
B100879,forgive,v,〈人・罪など〉を許す,〈義務など〉を免除する,許す,,
B100880,form,v,形成する,作る,形作る,,
B100881,formal,adj,正式の,形式ばった,改まった,形式的な,,
B100882,formally,adv,正式(公式)に,礼儀正しく,堅苦しく,,
B100883,format,n,(書籍の)体裁,(ラジオ・テレビ番組などの)構成,,,
B100884,format,v,書式や体裁を整える,(記録媒体を)フォーマットする,,,
B100885,former,adj,《名詞の前にのみ用いて》かつての,《the ~》(二つのうちの)前者(の,,,
B100886,formula,n,〈C〉決まった言い方,《～の》解決策,決まった方法《for》,《～の》製法,《～の》公式《for》
B100887,forth,adv,(空間的に)前へ,外へ,(時間的に)先,,
B100888,fortnight,n,2週間,14日,,,
B100889,fortunate,adj,幸運な,さい先よい,,,
B100890,foundation,n,〈U〉《～を》設立すること,〈U〉〈C〉《～の》土台,《～の》根拠 《of ～》,〈C〉施設,
B100891,fountain,n,泉(spring),水源,噴水,噴水池:,=drinking fountain,(～の)源,
B100892,fragment,n,〈C〉《～の》破片,断片《of ～》,,,
B100893,freely,adv,自由に,かってに,惜しげなく,率直に,無遠虜に,自分から進んで,
B100894,freezer,n,冷凍器,フリーザー,冷凍室,冷凍庫,
B100895,freezing,adj,凍るように寒い,冷凍する,冷淡な,《副詞的に》凍るように,
B100896,frequency,n,〈U〉しばしば起こること,〈C〉頻度数,〈C〉振動数,周波数,,
B100897,frequent,adj,しばしば起こる,常習的な,,,
B100898,frequently,adv,しばしば,たびたび,頻繁に,,
B100899,freshman,n,(高校・大学の)新入生,1年生,,,
B100900,friendliness,n,友人らしさ,優しさ,親善,,
B100901,fright,n,〈U〉〈C〉(突然の激しい)恐怖,〈C〉《話》ぞっとするほど醜い(異様な)人(物,,,
B100902,frost,n,〈U〉〈C〉霜,霜が降りること,〈U〉例の降りる寒さ,《英》氷点以下の温度,〈C〉《話》《軽べつして》《催しなどの》失敗,,
B100903,frozen,adj,freezeの過去分詞,凍った,(態度などの)冷たい,(資産などが)凍結された,
B100904,frustrated,adj,(努力や希望が)くじかれた,言動などが)失望(いら立ち)を表す,(人が)失望した,,
B100905,frustration,n,〈U〉(努力・計画などの)失敗,〈U〉(心理学で)欲求不満,,,
B100906,fry,v,を油で揚げる,揚げ物になる,《話》(日光浴などして)焼く,,
B100907,frying pan,n,フライパン,,,,
B100908,fuel,n,燃料,,,,
B100909,full stop,n,〈英〉終止符,終わり,ピリオド([period]),,
B100910,full-time,adj,全時間働く,全時間学ぶ,専任の,常勤の,
B100911,full-time,adv,専任で,常勤で,終日,一日中,
B100912,function,n,〈C〉(人・物の果たすべき)働き,《しばしば複数形で》職務,(公式の)儀式 ,(数学で)関数,
B100913,fund,n,〈C〉《特定の目的のための》資金,《a ~》(すぐに役立つ知職などの)蓄え,,,
B100914,fund,v,〈事業・研究など〉に資金を提供する,〈負債〉を長期公債にする,,,
B100915,funeral,n,葬式,(死者を送る)葬列,,,
B100916,fur,n,〈U〉(ウサギ・ミンク・キツネなどの柔らかな)毛皮,《集合的に》柔らかな毛をした動物,〈C〉《しばしば複数形で》(外とう・えり巻きなどの)毛皮製品,(服装用の)毛皮,〈U〉(舌にできる)舌ごけ,〈U〉(やかんなどにつく)湯あか
B100917,furnish,v,〈家・部屋など〉‘に'家具を備え付ける,(家具を)〈家・部屋など〉‘に'備え付ける《+名+with+名》,《文》〈必要なもの〉を供給する,,,
B100918,further,adv,さらに遠く,もっと進んで,そのうえ,,
B100919,furthermore,adv,なお,さらに,そのうえに,,
B100920,furthest,adv,(farの最上級)=farthest,,,,
B100921,fuss,n,〈C〉〈U〉騒ぎたてること,,やきもきすること《about》,over》,言い合い《about》,ぶつぶつ文句を言うこと
B100922,future,adj,未来の,(文法で)未来の,,,
B100923,gain,n,増加,得ること,,,
B100924,gain,v,手に入れる,増す,,,
B100925,gall,n,《古》(特に牛の)胆汁(たんじゅう,(経験などの)苦さ,《英話》(～する)厚かましさ,,
B100926,gallon,n,ガロン(液量の単位),《米》3.7853リットル,《英》4.546リットル,,
B100927,gap,n,〈C〉《壁・へいなどの》割れ目,《連続するものの》途切れ《in ～》,《意見・性格などの》大きなずれ《between ～》,,
B100928,gardening,n,造園,園芸,,,
B100929,garment,n,〈C〉《かたく》衣服,衣類,,,
B100930,gay,adj,陽気な,同性愛の,,,
B100931,gee,interj,ちぇっ,おやまあ,へえー,驚いた[Jesusの短縮形],
B100932,gene,n,遺伝子,,,,
B100933,general,adj,全体的な,世間一般の,一般的な,大体の,
B100934,general,n,〈C〉陸軍大将,将軍,,,
B100935,generally,adv,普通は(usually),大部分は,概して,,
B100936,generate,v,〈電気・熱〉を発生させる,《文》(一般的に)～を起こす,,,
B100937,generous,adj,気前のよい,心が大きい,大きい,豊富な,,,
B100938,genetic,adj,遺伝学の,遺伝子の,起源の,,
B100939,genetically,adv,遺伝(子)的に,遺伝学的に,,,
B100940,genetics,n,遺伝学,,,,
B100941,gentleman,n,〈C〉紳士(名誉を重んじ),〈C〉上流階級の男性,〈C〉(manの敬称として)男の方,《複数形で》(複数の男性へ呼びかけて)諸君,
B100942,geographical,adj,地理の,地理学[上]の,,,
B100943,geography,n,〈U〉地理,〈C〉地勢,〈C〉地理学書,,
B100944,geology,n,〈U〉地質学,〈C〉(ある地方の)地質,〈C〉地質学書,,
B100945,gesture,n,〈U〉〈C〉(気持ちや考えを表現するときの)身ぶり,〈C〉《修飾語[句]を伴って》(うわべにせよ),,,
B100946,giant,adj,巨大な,ものすごく大きい,,,
B100947,gifted,adj,天分のある,才能豊かな,,,
B100948,giggle,n,(女の子の)くすくす笑い,忍び笑い,,,
B100949,ginger,n,ショウガ(ショウガ科の多年生植物),しょうが色,《話》元気,,
B100950,giraffe,n,ジラフ,キリン,,,
B100951,glance,n,〈C〉《～を》ちらりと見ること《at ～》,,,,
B100952,glance,v,《～を》ちらっと見る《at ～》,,,,
B100953,glide,n,滑り,グライド(ダンスの滑るようなステップ),(音声で)わたり音,,
B100954,glimpse,n,(～を)ちらりと見ること,～に)ちらっと感づくこと(気づくこと)《+of+名》,,,
B100955,glint,n,きらめき,きらりとした光,,,
B100956,global,adj,世界的な,全地球的な,,,
B100957,glorious,adj,光栄ある,壮麗な,《話》とても楽しい,(天気などが)大変すばらしい,《英話》ひどい,
B100958,glory,n,〈U〉光栄,〈U〉壮観,〈U〉(神の)賛美,〈U〉繁栄,〈C〉《しばしば複数形で》誇りとなるもの
B100959,go,n,進むこと,〈ゲームなどの〉順番,〈行為の〉１回,始まり,
B100960,goalkeeper,n,(ホッケー・サッカーなどの)ゴールキーパー,,,,
B100961,goddess,n,女神,絶世の美人,,,
B100962,golfer,n,ゴルフをする人,ゴルフ選手,,,
B100963,goodness,interj,《godの婉曲表現》神,,,,
B100964,goods,n,(不動産以外の)財産,商品,《米》反物,《英》(鉄道で運ばれる)貨物,
B100965,gorgeous,adj,豪華な,《話》とても美しい,,,
B100966,gorilla,n,ゴリラ,,,,
B100967,gossip,n,(特に他人の私事についての)うわさ話,〈U〉(新聞などの)ゴシップ,〈C〉うわさ話の好きな人,,
B100968,govern,v,(国・国民)を治める,(学校など)を管理する,(行動など)を左右する,治める,
B100969,governor,n,〈C〉(米国の州の)知事,(植民地・属領などの)総督,(協会・銀行などの)総裁,,
B100970,gown,n,ガウン(特に夜会・公式の席などで着用する婦人用の長いドレス),(裁判官・教授などの職業・身分などを表す)正服,ガウン,,
B100971,grab,v,～をぎゅっとつかむ,～を)ひっつかむ《+at+名》,(～に)さっと手を伸ばす《+for+名》,不意につかむ,取り込む,横取りする
B100972,graceful,adj,(姿・態度などが)優雅な,上品な,しとやかな,,
B100973,graduate,n,卒業生,,,,
B100974,graduation,n,〈U〉卒業(《英》では大学の卒業に限る),〈C〉《米》卒業式,〈C〉(計器などの)目盛リ,,
B100975,grant,n,〈C〉《～への》補助金,〈U〉《～の》授与,,,
B100976,grant,v,〈願いなど〉をかなえる,《文》(特に正式に)〈許可など〉を与える,〈事柄など〉を認める,,
B100977,graph,n,グラフ,図表,,,
B100978,graphic,adj,生々しい,画像の,,,
B100979,graphics,n,《単数扱い》製図法,《複数扱い》=graphic arts,,,
B100980,gratitude,n,(,～に対する)感謝[の気持ち]《+to+名〈人〉》,+for+名〈事〉》,,,
B100981,grave,n,〈C〉墓穴,(一般に)埋葬所,《しばしばthe ~》死,,
B100982,gravy,n,グレービー(肉を焼くときに出る肉汁),《俗》楽に手に入った金,,,
B100983,greenhouse,n,温室,,,,
B100984,greeting,n,〈C〉(会ったときの)あいさつ,《複数形で》(手紙などの)あいさつの言葉,(～から～への)よろしくとのあいさつ《+from+名+to+名》,,,
B100985,grill,n,〈C〉(肉・魚などの)焼き網,焼き肉,,,
B100986,grill,v,〈肉・魚など〉を焼き網で焼く,〈容疑者など〉を厳しく尋問する,(火で)焼ける,,
B100987,groom,n,新郎 =bridegroom,馬丁,,,
B100988,ground floor,n,(建物の)一階,,,,
B100989,group,v,～を一群に集める,(系統的に)～を分類する,集まる,,
B100990,grouping,n,グループに分けること,分類法,(集まった物の)配置,,,
B100991,growth,n,〈U〉成長,〈C〉生長物,腫瘍,,
B100992,guarantee,n,〈C〉(商品に対する品質・修理・期間などの)保証,保証書,,,
B100993,guess,n,〈C〉《～についての》推測,,推量《at》,about,as to ～,wh-節》
B100994,guidance,n,指導,案内,指揮,(児童・生徒の)指導,(宇宙船・ミサイルなどの)誘導[装置],,
B100995,guide,n,〈C〉指導者,指標,旅行案内,《～の》手引き,
B100996,guide,v,〈人〉を案内する,《～のことで》〈人〉に助言する《in ～》,〈仕事・行動など〉を監督する,,
B100997,guilt,n,有罪,罪,犯罪[行為],罪の意識,,,
B100998,guilty,adj,罪を犯した,有罪の宣告を受けた,やましい,,
B100999,guitarist,n,ギタリスト,,,,
B101000,gym,n,〈C〉=gymnasium l,〈U〉(学科目の)体操(gymnastics,,,
B101001,gymnastics,n,体操,体育学[科],,,
B101002,habitat,n,(動・植物の)産地,生息地,,,
B101003,hairdresser,n,美容院,理髪師,美容師,,
B101004,hairdryer,n,ヘアドライヤー,,,,
B101005,half,adv,半時間だけ,不完全に,かなり,,
B101006,hammer,n,金づち,ハンマーに似た物,(ハンマー投げの)ハンマー,耳の中の)槌骨(ついこつ),
B101007,handball,n,〈U〉ハンドボール,〈C〉ハンドボール用のボール,,,
B101008,hand held,adj,手に持てる大きさの,携帯用の,,,
B101009,handkerchief,n,ハンカチ,《古》ネッカチーフ,,,
B101010,handle,v,に手で触れる,を扱う,(自動車などが)操縦できる,,
B101011,handshake,n,握手,,,,
B101012,handwriting,n,〈U〉肉筆,〈C〉〈U〉筆跡,,,
B101013,handy,adj,取り扱いに便利な,《話》すぐ手元の,(人が)器用な,,
B101014,hang,v,《通例副詞[句]を伴って》(～に)～を掛ける,(ちょうつがいなどで)〈ドアなど〉を取り付ける《+名+on+名》,～を絞殺する,(犯罪で)～を絞首刑にする,,《話》《damnの遠回しな語として》,〈頭など〉を垂れる
B101015,hanging,adj,絞首刑に値する,掛かっている,,,
B101016,harbor,n,〈U〉港,避難所,,,
B101017,hardship,n,〈U〉辛苦,〈C〉難事,,,
B101018,hardworking,adj,勤勉な,働き者の,,,
B101019,harness,n,馬具,引き具,,,
B101020,hasty,adj,急ぎの,早まった,,,
B101021,hatch,n,(上下に仕切ったドアの)半戸,またhatchway)(船・飛行機の)昇降口,(壁に取りつけた)配膳窓,,
B101022,hate,n,憎しみ,憎悪(hatred),,,
B101023,hatred,n,(～に対する)憎しみ,憎悪,《話》大嫌い《+of(for)+名》,,
B101024,haunt,n,〈C〉人がよく行く場所,人の集まる所,,,
B101025,haven,n,安全な所,《まれ》港,,,
B101026,hazard,n,〈C〉危険,《～にとっての》危険物 《to ～》,障害物,,
B101027,headline,n,(新聞などの)見出し,《複数形で》(ニュース放送の)おもな項目,,,
B101028,heal,v,〈傷など〉を直す,〈悩み・不和など〉をいやす,〈傷などが〉直る《+up(over)》,,
B101029,healing,adj,《医》治療の,《医》回復中の,癒しの,,
B101030,hearing,n,〈U〉聴力,〈U〉〈C〉(～を)聞くこと,〈C〉聞いてもらう機会,聴取,聴聞会
B101031,heart attack,n,心臓発作,心臓まひ,,,
B101032,hearted,adj,～の心を持った」「心が～の」の意を表す,,,,
B101033,hearty,adj,心のこもった,元気な,(食事が)たくさんの,栄養のある,,
B101034,heat,v,を熱する,を興奮させる,熱くなる,,
B101035,heater,n,(ストーブ・スチームなどの)暖房装置,ヒーター,,,
B101036,heaven,n,〈C〉《通例複数形で》天,〈U〉(神・天使などが住む)天国,〈U〉《H-》神(God),〈C〉〈U〉《話》天国のような場所,非常な幸せ,
B101037,heavenly,adj,《名詞の前にのみ用いて》天の,《名詞の前にのみ用いて》天国の[ような],《話》楽しい,美しい,,
B101038,heel,n,(人間の足の)かかと,人間以外の脊椎(せきつい)動物の)かかと,(手首に近い)手のひらの縁の肉の盛り上がった部分,(靴・靴下などの)かかとを包む部分,靴の裏の)かかと
B101039,height,n,〈U〉(物の)高さ《+of+名》,〈U〉《時にa~》(一定の平面からの)高さ,〈U〉〈C〉身長,〈C〉《しばしば複数形で単数扱い》高い所,〈C〉《the~》絶頂
B101040,helmet,n,軍人やアメリカンフットボール,(中世の武士が用いた)かぶと,(フェンシングの)面,,
B101041,helpless,adj,(病人・赤ん坊などが)自分の始末ができない,(人・努力などが)役に立たない,人が)救い(助け),(表情などが)当惑した,
B101042,herd,n,(動物の)群れ《+of+名》,《軽べつして》[the ～] 民衆，下層民《a herdとして》大ぜい(の～)《+of+名》,,,
B101043,hesitate,v,ためらう,口ごもる,,,
B101044,hidden,adj,隠された,隠れた,秘密の,,
B101045,highlight,v,を最も明るくする,を強調する,,,
B101046,highly,adv,高度に,高い位に,高価に,,
B101047,hip,n,〈C〉腰,背骨,ヒップ,,
B101048,hire,v,を雇う,を借りる,,,
B101049,historian,n,〈C〉歴史家,歴史学者,,,
B101050,historic,adj,歴史に残る,記録のある,,,
B101051,historical,adj,歴史の,史実の基づく,,,
B101052,hit,n,〈C〉打撃,,,,
B101053,HIV,n,ヒト免疫不全ウイルス,エイズ・ウイルス,,,
B101054,holy,adj,神聖な,信仰のある,《俗》ひどい,,
B101055,homeless,adj,家のない,,,,
B101056,honest,adj,正直な,信頼できる,誠実さのある,本物の,
B101057,honestly,adv,正直に,,,,
B101058,honesty,n,正直,実直,誠実,,
B101059,honeymoon,n,新婚旅行(休暇),蜜月,幸福な期間,,,
B101060,hop,n,ぴょんぴょんと跳ぶこと,《話》(飛行機の)飛行,一航程,《話》ダンス,《話》(ボールの)バウンド,ホップ
B101061,hope,v,を望む,《I ~ that節》〈私は〉～だと思う,《～を》望む,,
B101062,hopeful,adj,希望に満ちた,有望な,,,
B101063,hopefully,adv,願わくば,希望を持って,,,
B101064,hopeless,adj,希望を失った,物事が)望み(見込み)のない,《話》どうしようもない,,
B101065,horizon,n,地平線,(知識・関心・経験などの)限界,,,
B101066,horn,n,〈C〉(牛・羊・ヤギ・シカなどの)角,(カタツムリの)触角,(ミミズクの)耳,〈U〉(細工の材料としての)角,〈C〉角製の物,〈C〉警笛,〈C〉ホルン(金管楽器で)
B101067,horrible,adj,恐ろしい,《話》ひどくいやな,ひどい,,,
B101068,horrify,v,～をぞっとさせる,《階》～をあきれさせる,,,
B101069,hostel,n,(学生などのための)宿泊施設,=youth hostel,,,
B101070,household,n,家庭,世帯,家族,,
B101071,housework,n,家事(洗たく・アイロンかけ・掃除・料理など),,,,
B101072,huge,adj,巨大な,莫大な,,,
B101073,human,n,〈C〉《複数形》(動物に怠して)人間(human being,〈U〉《the human》人類,,,
B101074,humanity,n,〈U〉人間性,《集合的に》《単数・複数扱い》人類,〈U〉人道,《the humanities》(ギリシア・ローマの)古典文学,一般教養,
B101075,humid,adj,(空気・天候などが)湿気のある,湿っぽい(damp),,,
B101076,humor,n,〈U〉ユーモア,〈C〉《～の》気分《for ～》,,,
B101077,humorous,adj,こっけいな(funny),ユーモアのある,,,
B101078,hunger,n,〈U〉飢え,〈C〉《単数形で》(～に対する)渇望,,,
B101079,hunt,n,狩り,狩猟隊(会),(～の)捜索,追求《+for+名》,,
B101080,hunt,v,〈野生の鳥・動物〉を狩る,〈物・仕事など〉を捜す,(～を求めて)〈場所〉をくまなく捜す《+名+for+名》,,～から)～を迫いやる《+名+away(+away+名)+from(off》,狩りをする
B101081,hurriedly,adv,急遽,慌しく,,,
B101082,hurt,adj,けがをした,,,,
B101083,hut,n,(丸太などで造った)小屋,仮小屋,ヒュッテ,,
B101084,ice hockey,n,アイスホッケー,,,,
B101085,ice skating,n,アイススケート,,,,
B101086,identity,n,〈U〉同一であること,〈C〉〈U〉(人・物の)身元,〈C〉独自性,,
B101087,identity card,n,身分証明書,,,,
B101088,idiom,n,〈C〉慣用語法,〈U〉(ある言語の)語法,(ある民族・地方の)方言,,,
B101089,idol,n,偶像,アイドル,,,
B101090,ignore,v,～を無視する,顧みない,,,
B101091,illegally,adv,違法に、不法に、不正に,,,,
B101092,illness,n,(心身の)病気,不健康,,,
B101093,illuminate,v,～を照らす,～を照明で飾る,～を明らかにする,〈ページ・写本など〉を色模様(飾り字)で飾る,
B101094,imaginary,adj,想像[上]の,仮空の,実在しない,,
B101095,imitate,v,～を見習う,～‘の'まねをする,～を模写(模造)する,,
B101096,immediate,adj,即座の,当面の,(時間・空間的に)すぐ近くの,直接の,
B101097,immediately,adv,ただちに,直接に,～するや否や,,
B101098,immigrate,v,(外国から～へ)移住する,入植する《+to(into)+名+from+名》,,,
B101099,immigration,n,〈U〉移住,,,,
B101100,impair,v,(健康・視力など)を損なう,(判断力など)を弱める,,,
B101101,impression,n,〈C〉〈U〉(～に与える)印象,〈C〉〈U〉(人・物についての)感じ《+of+名》,〈U〉(漠然とした)感じ,〈C〉(圧力などでできた)(～の)跡,〈C〉(～の)まね《+of+名》
B101102,impressive,adj,印象的な,強い印象を与える,,,
B101103,improper,adj,ふさわしくない,無作法な(indecent),下品な,,,
B101104,improvement,n,〈C〉《～の》改良,〈C〉改良点,,,
B101105,incident,n,〈C〉出来事,事件,騒ぎ,,
B101106,including,prep,～を含んで,入れて,,,
B101107,income,n,〈U〉(一定の)収入,所得,,,
B101108,inconvenient,adj,不便な,不自由な,迷惑な,都合の悪い,
B101109,incorrect,adj,不正確な,誤った,適切でない,,
B101110,increase,n,(～の)増加,〈C〉増加量(,額)《+of(in》,,,
B101111,increasingly,adv,ますます,だんだん,,,
B101112,incredible,adj,信じられない,途方もない,,,
B101113,incredibly,adv,信じられないほどに,《くだけて》ものすごく,,,
B101114,indefinite article,n,不定冠詞(a),an,,,
B101115,independent,adj,(他に)頼らない,独立したほかの支配(影響)を受けない,関係(関連)がない,(収入・資産が)働かなくても暮らせるだけの,
B101116,indirect,adj,(道などが)真っすぐでない,(話し方が)遠回しの,(結果などが)間接的な,,
B101117,indirectly,adv,間接に,遠回しに,,,
B101118,individual,adj,《名詞の前にのみ用いて》個々の,《名詞の前にのみ用いて》個人的な,独特の,,
B101119,indoors,adv,室内に(で),屋内に(で),,,
B101120,industrial,adj,産業(工業)の,高度に発達した産業(工業)を持つ,産業(工業)用の,,
B101121,industry,n,〈U〉(一般に)産業,〈C〉(特定分野の)事業,〈U〉勤勉,,
B101122,inevitable,adj,必然的な,免れられない,,,
B101123,infection,n,〈U〉伝染,感染〈C〉伝染病,,,
B101124,infinitive,n,不定詞(動詞形の一つで人称・数・時制によって変化しないもの),,,,
B101125,inform,v,《～を》〈人〉に知らせる《of ～》,《～の》情報を提供する,,,
B101126,informative,adj,有益な,知識(情報)を与える,,,
B101127,ingredient,n,〈C〉成分,原料,構成要素,,
B101128,inhabitant,n,住人,居住者,生息するもの,,
B101129,inhale,v,〈空気など〉を吸い込む,息(たばこの煙)を吸い込む,,,
B101130,initial,n,(語の)最初の文字,《複数形で》(姓名の)かしら文字,,,
B101131,initially,adv,当初,初めは,,,
B101132,inject,v,注射する、注入する,,,,
B101133,injury,n,負傷,(名誉などを)傷つけること,,,
B101134,ink,n,(筆記用・印刷用)のインク,,,,
B101135,innermost,adj,いちばん奥の,最も深い,心の奥底の,,
B101136,innocent,adj,(人が)無罪の,(心の)純潔な,,,
B101137,innovator,n,革新者,,,,
B101138,inquiry,n,〈C〉《～についての》質問,《～の》調査,〈U〉照会,,
B101139,insane,adj,狂気の,精神異常者のための,気違いじみた,,
B101140,inscribe,v,(物・心などに)〈言葉・文字など〉を記す,(言葉・文字などを)〈物・心など〉‘に'記す,人に)〈著作・写真など〉を署名して贈る(献呈する)《+名+to(for)+名〈人〉》,,
B101141,inscription,n,〈U〉記す(刻む)こと,〈C〉銘,〈C〉(寄贈図書などの)献呈の辞,,
B101142,insight,n,〈C〉洞察,《～を》見通す力《into ～》,,,
B101143,insist,v,～と強く要求する,～と主張する,強く要求する,《～を》主張する 《on ～》,
B101144,inspection,n,調査,検査,,,
B101145,inspire,v,引き起こす,を鼓舞する,《～に》(考え・感情)を呼び起こす《in ～》,《～を》に呼び起こす《with ～》,空気を吸う
B101146,install,v,〈装置など〉を取り付ける,〈人〉を就任させる,～を席につかせる,,
B101147,instance,n,〈C〉例,場合,,,
B101148,instead of,prep,～の代わりに,～ではなくて,～どころか,,
B101149,institute,n,〈C〉機関,協会,大学,,
B101150,instruction,n,〈U〉《～の》指導,教育 《in ～》,命令,,,
B101151,instructor,n,教師,《米》(大学の)専任講師(assistant professorの下位の職,,,
B101152,insurance,n,〈U〉保険,保険金,〈C〉予防手段,,
B101153,intend,v,～を意図する,のつもりである,,,
B101154,intense,adj,(感情・性質などが)激しい,強烈な,熱心な,,
B101155,intensive,adj,集中的な,,,,
B101156,intention,n,〈U〉〈C〉意図,〈C〉意図したもの,,,
B101157,intentionally,adv,故意に,意図的に,,,
B101158,interact,v,《～と》相互に作用する,影響し合う,交流する《with ～》,,
B101159,interaction,n,相互作用,,,,
B101160,interest,v,《～に》〈人〉に興味を持たせる《in ～》,,,,
B101161,intermediate,adj,中級の,中間の,,,
B101162,intermission,n,(でき事・活動などの)合い間,《おもに米》(演劇・映画・音楽会などの)休憩時間,中断,,
B101163,internal,adj,内側の,国内の(domestic),内からとる,,
B101164,internationally,adv,国際的に,国際間で,国際上,,
B101165,interrupt,v,中断する,割り込む,遮る,,
B101166,interval,n,(事と事の)間の時間,《英》=intermission,音程,,
B101167,interview,v,(～について)〈人〉‘に'面接する,〈人〉を訪問して対談する,,,
B101168,interviewee,n,インタビューされる人,面接を受ける人,,,
B101169,introduction,n,〈U〉〈C〉(～に人を)紹介すること《+of+名〈人〉+to+名》,〈U〉(～に物・事を)紹介すること,〈C〉(本論・主題に入る前の)序論,〈C〉(～への)入門[書]《+to+名》,
B101170,invasion,n,(敵軍の)侵入,人・物の)殺到,(災害などの)襲来《+of+名》,(権利などの)侵害《+of+名》,,
B101171,invest,v,(～に)〈金など〉を投資する《+名+in+名》,～に)〈時間・努力など〉をつぎ込む《+名+in+名(doing)》,《しばしば受動態で》(権力などを)〈人〉‘に'付与する《+名+with+名》,〈人〉を就任させる,性質・特質などを)〈人・物〉‘に'帯びさせる《+名+with+名》,(人・物に)〈性質・特質など〉を付与する《+名+in+名》
B101172,investigation,n,〈C〉〈U〉《～の》調査,取り調べ,,研究《of》,into ～》,
B101173,invitation,n,〈U〉〈C〉招待,〈C〉(～への)招待状《+to+名》,〈C〉(～を)勧誘(誘惑)するもの《+to+名》,,
B101174,involuntarily,adv,いやいやながら,無意識に,,,
B101175,involve,v,～を伴う,《～に》〈人〉を巻き込む,,《Aに》を夢中にさせる《be ~ in》,,
B101176,involved,adj,(思想・議論などが)複雑な,関係がある,(～と)かかわり合いがある,,,
B101177,iron,n,〈U〉鉄,鉄のようなこと〈C〉鉄製の器具,アイロン,手かせ,
B101178,iron,v,アイロンをかける,にアイロンをかける,,,
B101179,ironing,n,アイロンかけ,アイロンかけをした(をする)衣類,,,
B101180,irregular,adj,不規則な,不定期の,でこぼこな,,
B101181,irritate,v,を怒らせる,を刺激する,に炎症を起こす,いらいらする,
B101182,isle,n,《詩》島(island),,,,
B101183,isolation,n,孤立,隔離,,,
B101184,ivory,n,〈U〉象牙(ぞうげ),〈C〉《しばしば複数形で》象牙製の物,〈U〉象牙色,,
B101185,jade,n,玉(ぎょく),ひすい色,やせ馬,《軽べつして,
B101186,jail,n,〈C〉刑務所,〈U〉入獄,,,
B101187,jar,n,(広口の)つぼ,一つぼ(びん)(の～)《+of+名》,,,
B101188,jazz,n,〈U〉《音楽》ジャズ,《俗》大ぼら,,,
B101189,jealous,adj,(人・言動などが)嫉妬深い,嫉妬による,《補語にのみ用いて》(～を)ねたんで,用心深い,《まれ》(神が)他の神を信ずることを許さない,
B101190,jewel,n,宝石(gem),(宝石・貴金属などを使った)装身具,貴重な人(物),(時計などの軸受けに用いる)石,
B101191,jog,v,～を軽く揺り動かす,～をちょっと押す(突く),〈記憶など〉を呼び起こす,(特に健康法として)ゆっくり走る,とぼとぼと歩き続ける《+on(along)》,
B101192,jogging,n,ジョギング(健康法としての軽いランニング),,,,
B101193,joint,adj,共同の,,,,
B101194,joke,v,冗談を言う,冗談で言う,,,
B101195,journal,n,〈C〉日誌,議事録,専門誌  (学会・専門職業などの)定期刊行物,新聞,
B101196,journalist,n,ジャーナリスト、記者,,,,
B101197,judge,n,〈C〉裁判官,審査員,《～の》鑑定家《of ～》,,
B101198,judgement,n,〈U〉判断力,〈U〉〈C〉(～についての)判断,〈C〉〈U〉判決,(判決による)債務,,
B101199,jug,n,〈C〉(コルク栓の付いた取っ手付きの細口の)水入れ,《英》(取っ手付きの広口の)水差し,水差し一杯《の～》《of ～》,《the ~》《俗》刑務所,
B101200,juicy,adj,(果物などが)汁の多い,《話》(スキャンダルなどが)興味しんしんの,,,
B101201,jumper,n,ジャンパー(水夫・工員などの作業衣),《英》ポタン・ファスナーがなく頭からかぶるようにして着る上着,ジャンパードレス,《複数形で》子供の遊び着(rompers),
B101202,jungle,n,《the~》(特に熱帯地方の)密林[地帯],〈C〉(物の)ごたごたした集まり,〈C〉非情な競争の場,,
B101203,justice,n,〈U〉正義,〈U〉正当性,〈U〉司法,〈C〉裁判官([judge]),
B101204,kettle,n,やかん,湯沸し,,,
B101205,keyboard,n,ピアノ・タイプライターなどの)鍵盤(けんばん),,,,
B101206,kid,v,《話》〈人〉をからかう,〈人〉をだます,人をからかう,,
B101207,killing,n,殺害,屠殺(とさつ),《話》(特に商売での)大もうけ,,,
B101208,kindly,adv,親切に,心から(heartily),どうぞ,,
B101209,kindness,n,〈U〉親切,〈C〉(～に対する)親切な行い《+to+名》,,,
B101210,kiss,v,～‘に'口づけする,～‘に'軽く触れる,口づけする,《俗》(前の車に)追突する,
B101211,kitten,n,子猫,,,,
B101212,knit,v,〈織物・服など〉を編む,,～をしっかりと組み合わせる《+名+together》,〈まゆ〉を寄せる,編物をする,しっかりと組み合わさる
B101213,knock,v,(音がするくらい強く)～をたたく,～に)〈体・体の一部〉をぶつける《+名+against(on)+名》,《副詞[句]を伴って》～を打って(ある状態などに)する,〈穴など〉を打ってあける,《俗》～をけなす
B101214,lab,n,実験室(laboratory),,,,
B101215,laboratory,n,実験室,(薬品などの)製造所,,,
B101216,ladder,n,はしご,(立身出世の)手段,《英》(靴下・編み物などの)伝線,,
B101217,lamb,n,〈C〉子羊,〈U〉子羊の肉,〈U〉=lambskin,《the L-》神の子,〈C〉気だてのやさしい(柔和な)人
B101218,land,n,〈U〉(海・川・湖に対して)陸,〈U〉(性質・用途から見た)土地,〈C〉国,〈C〉(特定の)地域の住民,《the lands》(特定の)地域
B101219,landlord,n,〈C〉(男性の)家主,(旅館・下宿などの)主人,,,
B101220,largely,adv,主として,多量に,,,
B101221,last,adv,最後に,この前に,,,
B101222,last,v,(時間的に)続く,物が)使用に耐える,～の間をもちこたえる,,
B101223,lasting,adj,永続する,長持ちする,,,
B101224,latecomer,n,遅れて来た人,最近来た人(物),,,
B101225,lately,adv,近頃,最近,,,
B101226,laugh,n,笑い,笑い声,笑い方,《話》笑いの種,,,
B101227,laughter,n,〈U〉笑い,笑い声,,,
B101228,launch,v,〈船〉を進水させる,〈計画・事業など〉を始める,《～に》〈ロケットなど〉を打ち上げる 《into ～》,〈船が〉進水する,〈航空機などが〉発進する
B101229,lawful,adj,合法の,(法律上)正当な,法律を適用できる,,
B101230,lay,v,【他動詞】を置く,をきちんと並べる,を用意する,《～に》(重荷・責任など)を負わせる 《on ～》,特によくない状態に)～を置く
B101231,layer,n,《複合語を作って》(物を)積む人(物),卵を産む鶏・層,(ペンキなどの)一塗り,一皮,(園芸で)取り木,,
B101232,lead,adj,主な,先頭の,鉛製の,,
B101233,lead,v,を導く,の先頭になる,を率いる,人が)案内する,《～に》(道などが)通じている 《to ～》
B101234,leadership,n,指導者の地位(任務),指導,指導力,《言合的に》指導者たち,
B101235,leading,adj,先導する,主要な,指導する,,
B101236,league,n,〈C〉(国家・人々・組織などの)連盟,競技連盟,,,
B101237,lean,adj,(人・動物が)やせた,(肉などが)脂肪が少ない,乏しい,(土地などが)やせた,
B101238,leap,v,《しばしば副詞[句]を伴って》ぴょんと飛ぶ,《副詞[句]を伴って》(飛ぶように)急に(す早く)動く,〈人・動物などが〉～を飛び越える,～を)〈動物など〉‘に'飛び越えさせる《+名+over(across)+名》,
B101239,least,adv,最も小さい,最も少ない,,,
B101240,leave,n,〈U〉許可,(官庁・学校などで正式に許可される)休暇,〈C〉休暇の期間,〈U〉別れ,
B101241,lecture,n,(～についての)講義,～についての)(長い)説教,,,
B101242,legal,adj,法律の,法で定められた,合法の,,
B101243,legally,adv,法律上,合法的に,,,
B101244,length,n,〈U〉〈C〉(空間・時間の)長さ,〈U〉〈C〉長いこと,〈C〉単位となる長さ,(競馬・競艇の)1馬身,〈C〉ある長さの物(部分),
B101245,lessen,v,～を少なくする,少なくなる,,,
B101246,lettuce,n,レタス,チシャ,,,
B101247,level,adj,(土地などが)平らな,同じ高さ(程度)の,,,
B101248,liar,n,うそつき,,,,
B101249,liberate,v,(～から)～を自由にする,(～から)〈ガス〉を遊離させる《+from+名》,,,
B101250,liberation,n,解放,(ガスの)遊離,,,
B101251,librarian,n,司書,図書館員,図書係,,
B101252,lie,n,〈C〉うそ,〈C〉《the ~》(置かれている)位置,,,
B101253,lifeguard,n,(海水浴場などの)看視人,見張り人,,,
B101254,lifelong,adj,終生の,生涯の,,,
B101255,lift,n,持ち上げる(持ち上がる)こと,物が)持ち上げられる距離(高さ),持ち上げる重量(分量,(自動車などに)乗せること,《通例単数形で》手助け,《話》《a~》精神の高揚
B101256,lift,v,(上の位置まで)～を持ち上げる,,～を上に向ける《+up+名》,(上の程度・段階まで)～を高める,〈禁止令・税金など〉を徹廃する,〈封鎖・妨害など〉を解除する,《話》(～から)～を失敬する《+名+from+名》
B101257,light,v,～に火をつける《up》,～に明かりをつける,〈人〉を明かりをつけて案内する,〈表情など〉を明るくする《up》,〈物が〉火がつく
B101258,lighter,n,〈C〉(たばこの)ライター,(一般に)点火器,火をつける人,,
B101259,lightly,adv,(重さ・力について)軽く,(程度については)少しばかり,軽快に,軽率に,陽気に
B101260,lightning,n,いなずま,雷光,,,
B101261,like,conj,～であるかのように,～のように,,,
B101262,likeness,n,〈U〉(～と)似ていること,〈C〉(～との)類似点《+to+名》,〈C〉《古》肖像画,〈U〉外観,,
B101263,limit,n,〈C〉限界,境界,許容量,,
B101264,limit,v,を制限する,,,,
B101265,limitation,n,〈C〉〈U〉制限するもの,〈U〉制限すること(されること,,
B101266,limited,adj,限られた,《米》(鉄道・バスなどが)特別の,《英》(会社が)有限の(《米》incorporated,特急列車(バスなど),
B101267,limp,v,びっこを引く,〈物事が〉ちぐはぐになる,,,
B101268,link,n,〈C〉(鎖の)輪,《～と》つなぐもの,,,
B101269,link,v,,《～と》～をつなぎ合わせる《with》,,《～と》結合する《up》,,,
B101270,liquid,adj,液体の,(空気・水などが)澄んだ,(音・調子などが)なめらかな,資産・証券・紙幣などが)流動性の(現金化しやすいこと),
B101271,liquid,n,液体,流体,,,
B101272,literary,adj,文学の,文学に通じた,文語の,,
B101273,literature,n,〈U〉文学,文献,文筆業,《話》〈特に広告,
B101274,little,det,ほんの少ししかない,ほとんどない,,,
B101275,little,pron,わずか,わずかしかないこと,,,
B101276,live,adj,《名詞の前にのみ用いて》生きている,活気のある,(問題などが)当面の,燃えている,弾丸などが)まだ爆発してない
B101277,liver,n,(ある態度で)生活する人,居住者,,,
B101278,loaf,n,〈C〉(一定の形に固めた)パンの一塊,ある形にした食品の,砂糖の円すい形の塊,,
B101279,locate,v,の位置を突き止める,(ある位置・場所に)～を置く,,,
B101280,location,n,〈U〉(～の)位置(場所)を捜し出すこと《+of+名》,〈C〉位置,〈C〉(映画などの)野外撮影地,〈U〉ロケーション,,
B101281,lock,v,〈戸など〉に錠をおろす,(錠をかけたように)〈指・腕など〉を締めつける,拘束する,錠がかかる,かみ合う
B101282,lodge,n,〈C〉(登山などで用いる)小屋,(共済組合などの)支部,,,
B101283,log,n,①〈C〉丸太,航海日誌,,,
B101284,logic,n,論理学,論理,《話》いやおうを言わせぬ力,《話》もっともな考え,
B101285,logo,n,ロゴ,シンボルマーク,,,
B101286,lorry,n,貨物自動車,(特に大型の)トラック)《米》truck,,,
B101287,loss,n,〈U〉(～を)失うこと,〈C〉(～の)損害,〈U〉〈C〉(～に)負けること,〈U〉(状態・程度の)減少,《複数形で》(戦場における)(人の)損害
B101288,lottery,n,富くじ,福引き,宝くじ・運,巡り合わせ,
B101289,loud,adj,(音・声が)大きい,騒々しい,,,
B101290,loud,adv,大声で,声高に,,,
B101291,loudspeaker,n,拡声器,ラウドスピーカー,,,
B101292,lovingly,adv,愛情を込めて,優しく,,,
B101293,loyal,adj,忠実な,忠誠な,,,
B101294,loyalty,n,〈U〉(～に対する)忠義,〈C〉《複数形で》忠実な行為,忠節関係,,,
B101295,luggage,n,〈C〉手荷物,小荷物,,,
B101296,lung,n,〈C〉《しばしば複数形で》肺,肺臓,,,
B101297,luxury,n,〈U〉ぜいたく,〈C〉ぜいたく品,〈C〉楽しさ,,
B101298,magical,adj,魔法の,魔法による,魔法のような,,,
B101299,magician,n,魔法使い,手品師,,,
B101300,magnificent,adj,壮大な,すばらしい,,,
B101301,mail,v,《～に》〈手紙など〉を郵送する 《to ～》,,,,
B101302,mailbox,n,郵便箱,私宅の郵便受け箱(《英》letter box),,,
B101303,main,adj,《名詞の前にのみ用いて》おもな,主要な,,,
B101304,maintain,v,〈ある状催・動作〉を維持する,を主張する,〈家族など〉を扶養する,,
B101305,maintenance,n,〈U〉《～の》維持,《～の》維持された状態《of ～》,維持費,,
B101306,majority,n,大多数,過半数,,,
B101307,male,adj,男性の、(動物の)雄の,,,,
B101308,management,n,〈U〉《～の》管理,〈U〉《人の》上手な取り扱い,〈U〉〈C〉《the~》《集合的に》経営者側,,
B101309,mankind,n,《集合的に》人類(human race),《まれ》《集合的に》男性,,,
B101310,maple,n,カエデ,〈U〉カエデ材(堅くて木目が美しく),,,
B101311,marble,n,〈U〉大理石,《複数形で,単数扱い》おはじき遊戯,〈C〉おはじきの石,,
B101312,march,n,〈U〉行進,〈U〉《the march》(事件などの)進展,〈U〉(兵隊の)行進歩調,〈C〉マーチ,
B101313,march,v,(歩調をそろえて)行進する,〈人が〉堂々と歩く,〈事件などが〉進展する,～を行進させる,〈人〉を急いで連れて行く
B101314,marine,adj,海の,海事の,航海[用]の,船舶[用]の,,,
B101315,marked,adj,印(記号)のついた,(物・行為などが)著しい,(嫌疑などの対象として)目星をつけられている,,
B101316,market,v,市場で売買する,〈食糧・物産など〉を市場に出す,(市場で)〈商品〉を売る,,,
B101317,marriage,n,〈U〉〈C〉結婚,〈U〉結婚[している状態],〈C〉結婚式,〈U〉〈C〉(～の)結合,
B101318,mash,v,(調理などで)～をすりつぶす,,,,
B101319,mass,adj,大衆の,大規模な,,,
B101320,massive,adj,大きくて重い,大規模な,,,
B101321,match,v,《～で》～に匹敵する,《～と》～を対抗させる,〈物が〉～と調和する,〈人が〉《～と》～を組み合わせる,〈自〉《～と》調和がとれている
B101322,mathematician,n,数学者,,,,
B101323,mathematics,n,〈U〉数学,《複数扱い》数学的処理,,,
B101324,maximum,adj,最大の,最高の,,,
B101325,maximum,n,《数詞のあとで》最大で,,,,
B101326,mayor,n,〈C〉市長,町長,,,
B101327,meaningful,adj,《～にとって》有意義な,for》,《人に》理解しやすい《to》,,,
B101328,meanwhile,adv,その間に,一方では,,,
B101329,measure,n,《複数形で》手段,〈C〉(インチ・グラムの)度量の単位,〈C〉計量器具(物差し),〈C〉法案,〈U〉(測って得た)寸法
B101330,measure,v,計る,測る,評価する,,
B101331,measurement,n,〈U〉測定〈C〉寸法〈U〉測定法,,,,
B101332,mechanic,n,機械工,職工,,,
B101333,mechanical,adj,機械の,機械仕掛けの,機械向きの,機械的な,
B101334,meditate,v,(～を)慎重に考える,特に宗教的な意味で)瞑想(めいそう)する,～をもくろむ,,
B101335,meditation,n,〈U〉深く考えにふけること,〈C〉《しばしば複数形で》(ある題目についての)深い論究,,,
B101336,Mediterranean,n,=Mediterranean Sea,地中海地方,,,
B101337,medium,adj,中間の,並みの,,,
B101338,medium,n,〈C〉中間,媒体,《複数形mediaで》マスコミ機関,手段,
B101339,melt,v,〈自〉(熱・水などによって)溶ける,〈気持ちなどが〉しだいに和らぐ,〈他〉(熱・水などによって)《～に》〈物〉を溶かす《in ～》,,
B101340,membership,n,〈U〉(団体の)一員(成員,〈C〉《単数形で》(団体・組織の)全会員,《単数形で》(団体・組織の)構成員の数,,
B101341,memorable,adj,忘れられない,注目すべき,,,
B101342,memorize,v,〈言葉・番号など〉を記憶する,を暗記する,を覚える,,
B101343,mend,v,～を直す,〈行い・誤りなど〉を改める,(繕って)元通りになる,〈病人・けがなどが〉快方に向かう,
B101344,mental,adj,精神の,頭脳の,《名詞の前にのみ用いて》精神病の,《名詞の前にのみ用いて》頭の中で行う,《英話》《補語にのみ用いて》頭のおかしい
B101345,mentally,adv,精神的に,頭の中で,,,
B101346,mention,v,〈他〉を簡単に述べる,の名を挙げる,,,
B101347,merchant,n,(比較的大規模に商品を扱う)商人,貿易商,小売商人(storekeeper),,,
B101348,mere,adj,ほんの,単なる,,,
B101349,merely,adv,単に,,,,
B101350,mess,n,〈U〉雑然としていること,〈C〉ごちゃごちゃになった物,,,
B101351,message board,n,掲示板,,,,
B101352,messy,adj,(場所・部屋などが)乱雑な,やっかいな,,,
B101353,middle-aged,adj,中年の,中年特有の,,,
B101354,mild,adj,(態度などが)柔和な,(程度などが)適度な,,,
B101355,mile,n,〈C〉マイル(長さの単位,1609メートル),《the ~》1マイル競走(mile race),〈C〉《複数形で》《話》長い距離,多量,,
B101356,mineral,n,(動植物に対して)無機物,鉱物,《複数形で》《英》炭酸水,,
B101357,minimize,v,～を最小限にする,～を過小評価する,,,
B101358,minimum,adj,《名詞の前にのみ用いて》最小限の,最小量の,,,
B101359,minimum,n,《通例単数形で》最小限,(数学で)極小,,,
B101360,minor,adj,小さいほうの,(階級・地位・重要性などが)劣ったほうの,重大ではない,未成年の,音楽で)短調の
B101361,minority,n,〈C〉《単数形で》(ある集団または全体を構成する),またminority group)〈C〉(人種・宗教・政治の点で)少数派,〈U〉未成年,未成年期,,
B101362,minus,prep,～を引くと,《話》～なしで,,,
B101363,miracle,n,奇跡,驚嘆すべきこと,(～の)驚異《+of+名》,,,
B101364,mischief,n,〈U〉いたずら,いたずら心,(人・動物による)害,〈C〉《話》いたずらっ子,
B101365,miserable,adj,(人が)みじめな,(物事が)人の気をめいらせるような,《名詞の前にのみ用いて》貧弱な,,
B101366,misery,n,〈U〉《しばしば複数形》みじめさ,〈C〉(～にとっての)不運(苦痛)のたね《+to+名》,〈U〉貧困,,
B101367,mislead,v,〈他〉(人)を誤って道案内する,人)を誤らせる,,,
B101368,mission,n,《～への》使節団,(派遺される人または団体の)任務,,,
B101369,misty,adj,霧の深い,(目が涙などで)かすんだ,輪郭などが)ぼんやりした,(記憶・考えなどが)おぼろげな,,
B101370,misunderstanding,n,(～を)誤解すること《+of+名》,,,,
B101371,mixing bowl,n,(調理用)ボウル,ミキシングボウル,,,
B101372,modal auxiliary,n,法助動詞(can),could,may,might,shall
B101373,model,adj,模型の,模範的な,,,
B101374,model,v,〈他〉～の模型を作る,,,,
B101375,modem,n,〈C〉《コンピューター》モデム,変復調装機,,,
B101376,moderate,adj,中程度の,穏やかな,,,
B101377,modify,v,〈他〉(部分的に)を修正する,(条件など)を緩和する,(語・句・節が)を修飾する,〈自〉修正される,
B101378,moisture,n,湿り気,空気中,,,
B101379,molecule,n,分子《略》mol,一般に)(～の)微量《+of+名》,,,
B101380,monitor,n,〈C〉(人の行為についての)監視役,学級委員,監視装置,モニター(新聞・ラジオに感想・批評を提供する人),
B101381,monitor,v,〈他〉を監視する,,,,
B101382,monk,n,(一般に)修道僧,(キリスト教の)修道士,,,
B101383,monster,n,(想像・伝説上の)怪物,《a ~》(～の)巨大な(怪異な)物,(動・植物の)奇形,極悪非道の人,
B101384,monthly,adj,月1回の,1か月間の,,,
B101385,monthly,adv,月1回,毎月,,,
B101386,monument,n,〈C〉(人物・事件などの)記念碑,(故人への)墓碑,遺物,《～の》後世に残る偉業,
B101387,moral,n,(物語・でき事などに含まれた)教訓,《複数形で》(社会の)モラル,,,
B101388,more,adv,《～より》さらに多く,《形容詞・副詞の比較級を作って》《～より》もっと,その上さらに,《more～than 〜》〜よりはむしろ～,
B101389,moreover,adv,その上,さらに,おまけに,,
B101390,mosquito,n,カ(蚊),,,,
B101391,moss,n,コケ(苔),,,,
B101392,motherland,n,母国,故国,,,
B101393,motionless,adj,動かない,静止している,,,
B101394,motivate,v,〈他〉(物事)の動機となる,人)に動機を与える,,,
B101395,motivation,n,動機を与えること,動機づけ,,,
B101396,motive,n,〈C〉《～の》動機,誘因,,目的《for》,of ～》,
B101397,motor,n,(電気の)モーター,エンジン,《英》自動車(motorcar),,
B101398,motorcycle,n,〈C〉オートバイ,,,,
B101399,motto,n,モットー,(器物・貨幣・記念碑などにしるす)題句,,,
B101400,mount,n,〈C〉《文》山,《M-》《固有名詞の前に付けて》～ 山,,,
B101401,mountaintop,n,山頂,,,,
B101402,mourn,v,(～を)悲しむ,〈死んだ人,,,
B101403,movement,n,〈U〉《～の》運動,〈C〉動作,〈C〉《複数形で》行動,〈C〉《～に向かう》(事態の)成り行き,〈C〉(政治などの)運動
B101404,mud,n,泥,ぬかるみ,,,
B101405,mule,n,つっかけ(たいてい複数形で：かかとが覆われていない室内ばき),,,,
B101406,murder,v,(殺意をもって)〈人〉を殺す,(力不足のために)〈作品など〉をだめにする,殺人を犯す,,
B101407,murderer,n,殺人者,人殺し,謀殺犯,,
B101408,muscle,n,〈U〉(動物体の組織としての)筋肉,〈U〉力,,,
B101409,mustard,n,カラシ(アブラナ属の植物の総称),マスタード,,,
B101410,mutual,adj,相互の,共通の,,,
B101411,myth,n,〈C〉(個々の)神話,〈C〉神話的な人(物・事),〈C〉作り話,,
B101412,nail,n,手の)つめ(fingernail),《まれ》(足の)つめ(toe-nail),(鳥獣の)つめ(claw,くぎ,,,
B101413,naked,adj,体の全部,はぎ取られた,(目が)肉眼の,《名詞の前にのみ用いて》(事が)赤裸裸の,
B101414,name,v,〈他〉～に名前をつける,～の名前を言う,,,
B101415,nap,n,〈C〉(特に日中の)ひと眠り,昼寝,,,
B101416,narrate,v,～‘の'話をする,(ドラマなどで)語り手になる,,,
B101417,narrative,adj,物語,話,,,
B101418,narrow,adj,(幅の)狭い,範囲(種類)が限られた,厳密な,やっとの,
B101419,nasty,adj,意地悪な,不快な,みだらな,厄介な,
B101420,nationalist,n,国家(国粋)主義者,民族独立主義者,,,
B101421,naturally,adv,気どらずに,《しばしば文全体を修飾いて》当然,生まれつき(by nature),自然の力で,
B101422,navy-blue,adj,濃紺[色]の,,,,
B101423,near,adj,(空間的・時間的に)近い,(関係などが)身近な,きわどい,,
B101424,near,adv,(空間的・時間的に)《～の》近くに,《しばしば複合語を作って》ほとんど,,,
B101425,nearby,adj,近くの,,,,
B101426,nearby,adv,近くに,,,,
B101427,necklace,n,首飾り,ネックレス,,,
B101428,nectar,n,ネクター(ギリシア神話で不老不死になるという神々の酒),(一般に)甘美な飲み物,(花の)みつ,,
B101429,needle,n,針,レコードプレーヤーの)針,(磁石・らしん盤など各種計器の)針,外科用の針(縫合針など),注射針,針状のもの,小尖塔(しょうせんとう),とがった山頂,マツ・モミなどの)針葉
B101430,negotiate,v,(人と)〈物事〉を取り決める,〈小切手・手形・証券など〉を売却する,《話》〈障害・困難〉をうまく乗り越える,(人と物事について)取り決める,
B101431,negotiation,n,〈U〉〈C〉《しばしば複数形で》(物事についての人との)取り決め,〈U〉(手形などの)換金,〈U〉《話》(障害・困難などの)克服,,
B101432,neighborhood,n,〈C〉近所,街区,近隣社会,,
B101433,nephew,n,甥(自分や配偶者の兄弟姉妹のむすこ),,,,
B101434,nervousness,n,神経質なこと,おく病,,,
B101435,ness,n,《古》岬(みさき),,,,
B101436,net,n,〈C〉網,ネット,,,
B101437,network,n,〈U〉〈C〉網,〈C〉網状のもの,〈C〉(ラジオ・テレビの)放送網,,
B101438,neutral,adj,中立の,中立国の,公平な,人・物が)特色のはっきりしない,(色が)はっきりしない,(酸性でもアルカリ性でもない)中性の,電気が)中性の
B101439,nevertheless,adv,それでもやはり,それにもかかわらず,,,
B101440,newborn,adj,生まれたばかりの,生まれ変わった,,,
B101441,newcomer,n,〈C〉《～に》新しく来た人,新たに出現したもの,,,
B101442,newly,adv,最近,新たに,再び,,
B101443,next door,adv,～～の隣に,,,,
B101444,next-door,adj,隣に住む,,,,
B101445,nickname,n,(～に対する)あだ名,通り名,(～の)愛称,略称》+for+名》,
B101446,niece,n,姪(めい、自分や配偶者の兄弟姉妹の娘,,,,
B101447,nightlife,n,(観劇・ナイトクラブなどでの)夜の楽しみ,夜遊び,,,
B101448,nod,n,《同意・承諾・あいさつ・命令など,(眠気による)こっくり,,,
B101449,noisily,adv,やかましく,騒がしく,,,
B101450,none,pron,《~ of ～》～のどれも～でない,少しも～ない,《文》《主語として単独で用いて》だれも～ない,,
B101451,nonetheless,adv,それにもかかわらず,それでもなお,,,
B101452,nonsense,n,無意味な言葉(行為),くだらないこと(もの)(trifles,,,
B101453,nor,conj,《neither～nor,《not,《肯定文の後,,
B101454,normally,adv,正常に,標準的に,,,
B101455,northeast,adj,北東へ向かう,(風が)北東からの,,,
B101456,northeast,n,《the~》北東(《略》NE),《the~》北東地域,,,
B101457,northeastern,adj,北東の,北東へ向かう,北東からの,北東部得典の,,
B101458,northern,adj,北の,,,,
B101459,northwest,adj,北西へ向かう,(風が)北西からの,,,
B101460,northwest,n,〈U〉《the~》北西(《略》NW),《the~》北西地域,,,
B101461,northwestern,adj,北西の,北西へ向かう,北西からの,北西部特有の,,
B101462,notice,v,【動】気づく,注意する,知らせる  (気づく、目にするという意味で、瞬間的に視覚的な刺激を認識することを指す,,
B101463,noticeable,adj,人目を引く,注目に値する,,,
B101464,notice board,n,掲示板([bulletin board],,,,
B101465,notion,n,〈C〉心に思うこと,〈C〉意図,〈C〉概念,《複数形で》《米》小間物(針),
B101466,notorious,adj,名高い,(特に)悪名高い,札付きの,,
B101467,novelist,n,小説家,,,,
B101468,nowhere,adv,どこにも～ない,どこでも～ない,,,
B101469,nuclear,adj,核の,[原子]核の,,,
B101470,nucleus,n,中心,(生物の)細胞核,原子核,,
B101471,numerous,adj,非常に多い,多数から成る(を含む),,,
B101472,nurse,v,を看護する,〈幼児〉‘に'授乳する,〈病気・けが〉を治そうと努める,《話》～を注意して扱う,～を大事に育てる
B101473,nutrient,n,〈C〉栄養物,栄養剤,,,
B101474,nutrition,n,(生物の)栄養摂取,栄養分,,,
B101475,nutritious,adj,栄養に富む,,,,
B101476,object,n,〈C〉物体,対象,,,
B101477,objection,n,(～に対する)反対,(～に対する)嫌悪,～に)反対する理由(,根拠)《+to(against)+名(doing》,,
B101478,objective,n,〈C〉目標,目的格,,,
B101479,observation,n,〈U〉〈C〉(～を)観察(注意)すること,(～の)(特に,〈U〉観察力,《複数形で》(～について)観察されたもの,〈C〉(観察に基づく)発言,
B101480,observe,v,観察する,監視する,守る,順守する,
B101481,obstacle,n,〈C〉《～に対する》障害,邪魔《to ～》,,,
B101482,obtain,v,〈他〉(努力して)～を得る,《～に》～をもたらす,〈自〉《文》〈習慣・制度などが〉存続する,,
B101483,obvious,adj,(一見して)明白な,見えすいた,,,
B101484,obviously,adv,当然ながら,明らかに,,,
B101485,occasion,n,〈C〉(事が起こる),出来事,〈U〉〈C〉機会,理由,
B101486,occasion,v,〈他〉を引き起こす,,,,
B101487,occasional,adj,【形】時折の、予備の,,,,
B101488,occasionally,adv,たまに,ときどき,時折に,,
B101489,occupy,v,〈他〉〈場所・空間〉を占める,,,,
B101490,occur,v,(異状な事が)起こる,(考えが)浮かぶ,在存する,,
B101491,ocean,n,〈U〉海,〈U〉海洋,～洋,膨大な量(広がり),
B101492,off,prep,から離れて,から離れたところで,,,
B101493,offensive,adj,不愉快にする,(感覚的に)いやな,攻撃の,,
B101494,officially,adv,公式に,形式的には,,,
B101495,oily,adj,油の,油のような,油をひいた,(話し方・態度などが)いやに巧みな,,
B101496,old-fashioned,adj,旧式の,昔風の,オールドファッションド(カクテルの一種),,
B101497,oneself,pron,《強意用法》《主語のoneと同格に用いて》自分自身が(で),《再帰用法》《動詞・前置詞の目的語として》自分自身を(に),,,
B101498,onstage,adj,舞台の上で(に),舞台上の,,,
B101499,onto,prep,～の上へ,《米話》～に気づいて,,,
B101500,opening,n,〈C〉(森・垣根・壁などの)空いている所,空き地,すき間,〈C〉(物語・会議などの)始め,〈C〉(～の地位の)空き,〈C〉(劇などの)初演,〈U〉(～が)開くこと
B101501,operation,n,〈U〉作用,動かすこと,動いている状態〈C〉手術,営業,
B101502,opposite,adv,～の向かい側に,,,,
B101503,opposite,n,～の)正反対の人(物),相入れないもの《+of+名》,,,
B101504,opposition,n,〈U〉〈C〉反対すること,《the》野党,,
B101505,oppress,v,〈人や権力などが〉〈人〉を虐げる,《しばしば受動態で》〈心配などが〉〈人〉‘に'重くのしかかる,,,
B101506,oppression,n,〈U〉〈C〉(～を)虐げること,〈C〉(～の)苦難,〈U〉重苦しい気分,,
B101507,option,n,選択(肢),選択権,売買選択権,付加的機能,付属品
B101508,oral,n,《話》口述(口頭)試験,,,,
B101509,orbit,n,〈U〉〈C〉(天体・人工衛星の)軌道,軌道の1周,(活動・影響・知識の)範囲,,
B101510,orchestra,n,オーケストラ,オーケストラの楽器一式,またorchestra pit)(劇場の)オーケストラ席(舞台と客席の間に一段低く設けられている,《米》(劇場の1階前方の)上等席,1階[席],
B101511,orderly,adj,整頓された,行儀のよい,,,
B101512,ordinary,adj,いつもの,普通の,,,
B101513,organ,n,オルガン,(動植物の)器官,(政党・会社などの)機関誌,《しばしば複数形で》(行動・実施などの)組織,
B101514,organic,adj,有機体の,(動植物の)器官の,有機肥料を用いる,有機的な,
B101515,organism,n,有機体,(国家・社会などの)有機的組織体,,,
B101516,organization,n,〈U〉組織化,(ある集合体の)組織,〈C〉(ある目的・仕事のために組織された)団体,,
B101517,origin,n,〈U〉〈C〉《～の》起源,〈U〉生まれ,〈U〉〈C〉(数学で),,
B101518,otherwise,adv,ほかの点では,そうでなければ,別の方法で,,
B101519,ought to,modal auxiliary,～するべきである,～のはずである,～するのは当然である,,
B101520,outdoor,adj,戸外の,野外の,,,
B101521,outdoors,adv,戸外で(へ),野外で(へ),,,
B101522,outer,adj,外に,中心から遠い,,,
B101523,outlaw,n,常習犯,無頼漢,(昔罰として)法律の保護を奪われた人,,,
B101524,outline,v,〈他〉の輪郭を描く,の概要を述べる,,,
B101525,out-of-date,adj,流行遅れの,旧式の(outmoded),,,
B101526,outstanding,adj,傑出した,未払いの,未解決の,,
B101527,outward,adj,外見上,外へ向かう,外側の,,
B101528,outweigh,v,～より重要である,～より価値がある,～より重い,,
B101529,overcome,v,(試合・戦闘などで)～‘に'打ち勝つ,〈困難・障害・恐怖心など〉‘に'打ち勝つ,《通例受動態で》〈人〉を参らせる,,
B101530,overjoyed,adj,,～で)大喜びの《+at(by)》,(with)+名》,,,
B101531,overnight,adj,夜間の,夜通しの,小旅行用の,,,
B101532,overnight,adv,一晩じゅう,一夜のうちに,にわかに,一晩(一夜),,
B101533,overwhelm,v,苦しめる,悩ませる,圧倒する,,
B101534,overwhelming,adj,圧倒的な,抗しきれない,,,
B101535,overwork,n,〈U〉働き過ぎ,過労,,,
B101536,owe,v,〈他〉を借りている,のおかげをこうむっている,を与える義務がある,〈自〉《～に対して》借りがある 《for ～》,
B101537,owing,adj,(～に)未払いの,支払うべき(due)《+to+名》,～のせいで,,
B101538,own,v,〈他〉を所有する,を認める,,,
B101539,oxygen,n,〈U〉酸素 (化学記号はO),,,,
B101540,pace,n,〈C〉1歩,〈U〉〈C〉歩調,,,
B101541,package,n,(あまり大きくない)包み,箱・ケースなど,,,
B101542,packing,n,荷造り,(荷造りの)詰め物,,,
B101543,paddle,n,パドル(カヌーなどをこぐ短く幅の広いかい),(ピンポンなどの)ラケット,(かき混ぜたり打ったりする)へら状の道具,(アヒルの)水かき,水たまり
B101544,paid,adj,payの過去・過去分詞,有給の,有料の,,
B101545,pain,n,〈C〉〈U〉(肉体のある部分の)苦痛,〈U〉(精神的な)苦痛,《複数形で》骨折り,〈C〉不快感,
B101546,painful,adj,(肉体的・精神的に)痛い,人を苦しめる,,,
B101547,pale,adj,(顔が)青白い,(色が)薄い,,,
B101548,palm,n,〈C〉(人動物の)手のひら,(手袋の)手のひらの部分,パーム(手のひらの幅を基準にした長さ`),,
B101549,parachute,n,パラシュート,落下傘,,,
B101550,paradise,n,〈C〉〈U〉《通例P-》天国,〈C〉《話》(一般に)楽園,,,
B101551,paralyze,v,～を麻痺させる,～を無力にする,,,
B101552,parcel,n,〈C〉《～の》包み,小包《of ～》,,,
B101553,pardon,v,〈罪・過失など〉を許す,〈刑罰〉を免除する,,,
B101554,parental,adj,親の,親のような,,,
B101555,parking,n,駐車,(臨時の)駐車場,空地,,,
B101556,parrot,n,オウム,《軽べつして》(訳が分からずに)まねをする人,,,
B101557,partial,adj,一部分の,不完全な,不公平な,《Aが》特に好きで《be ~ to A》,
B101558,participant,n,参加者,,,,
B101559,participate,v,〈自〉《～に》参加する,,加わる 《in》,with ～》,,
B101560,participle,n,(文法で)分詞,,,,
B101561,particularly,adv,特に,詳細に,個々に,,
B101562,part-time,adj,パートタイムの,非常勤の,,,
B101563,part-time,adv,パートタイムで,,,,
B101564,passion,n,〈U〉〈C〉激しい感情,〈U〉《しばしばa passion》(～に対する)熱中,〈C〉熱中の対象,〈U〉(,に対する)恋愛感情,〈U〉《しばしばa~》突然の激しい怒り
B101565,passive,adj,受動的な,服従的な,(文法で)受動態の,,
B101566,passport,n,〈C〉旅券,《単数形で》《～への》手段《to ～》,,,
B101567,password,n,敵味方を識別する)合い言葉(watchword),,,,
B101568,past,adj,過ぎ去った,《名詞の前にのみ用いて》過去に起こった,《期間を表す語の前後で完了形の文で用いて》(～の期間を)過ぎた,《名詞の前にのみ用いて》前任の,文法で)過去の
B101569,patience,n,〈U〉(苦しみに耐える)忍耐,忍耐力,,,
B101570,patient,adj,辛抱強い,,,,
B101571,patrol,n,〈区域・場所など〉を巡回する,巡回する,,,
B101572,pattern,n,〈C〉(壁紙・織物などの)模様,模範,原型,(行動・性資の)型,
B101573,pause,n,〈C〉小休止,中断,,,
B101574,pause,v,〈自〉《～のために》ちょっと休止する,《～の所で》躊躇する,,,
B101575,peanut,n,落花生,(1年草の)落花生,ピーナッツのさや,《複数形で》《米俗》つまらない絹(物),ごく少額の金,,
B101576,peculiar,adj,変な,独特な,《話》(気分・体が)おかしい,,
B101577,penniless,adj,一文なしの,,,,
B101578,penny,n,(米国・カナダの)1セント銅貨,ペニー(《英》の貨幣単位およびその銅貨で),100ポンド,12シリング=1,240ポンド
B101579,per,prep,～につき,《文》～によって,,,
B101580,percent,n,パーセント,～パーセントだけ,,,
B101581,performer,n,《修飾語を伴って》実行する人,演奏者,,,
B101582,permanent,adj,永久の,常設の,,,
B101583,permanently,adv,永久に,不変に,,,
B101584,permit,v,〈人が〉～を許可する,〈物事が〉～‘の'機会を与える,〈事が〉許す,,
B101585,personally,adv,自分自身で,《文頭に置いて》自分としては,一個の人間として,自分に向けられたものとして,
B101586,persuade,v,〈他〉〈人〉を説得する,〈人〉に信じさせる,,,
B101587,persuasive,adj,説得できる,説得力のある,,,
B101588,phantom,adj,幽霊,(心に浮かぶ)幻影,,,
B101589,pharmacy,n,〈U〉薬学,調剤術,=drugstore,,,
B101590,phenomenon,n,現象,,,,
B101591,philosopher,n,哲学者,賢人,困難にも冷静(沈着)な人,,,
B101592,philosophy,n,〈U〉哲学,〈C〉哲学体系,〈U〉(学問・知識などの)原理,〈U〉〈C〉人生哲学,〈U〉冷静
B101593,phoenix,n,不死鳥,500年ごとに自ら焼け死んで生まれかわるという,,,
B101594,photocopy,n,〈C〉(書類など)写真複製,,,,
B101595,phrasal verb,n,動詞句(副詞や前置詞を伴って慣用的な意味を持つ動詞),,,,
B101596,phrase,n,〈C〉(文法で)句(2語以上の語の集まりで,〈C〉成句,〈C〉〈U〉言葉づかい,〈C〉簡潔な言葉,名言,〈C〉(メロディーの一単位を構成する)楽句
B101597,physics,n,〈U〉物理学,,,,
B101598,pick,n,選択,選んだ人,,,
B101599,pie,n,〈C〉パイ,〈U〉《米》《the ~》(分配する前の利益などの)総額,《米・俗語》簡単な仕事,,
B101600,piety,n,〈U〉敬虔なこと,〈U〉(両親・母国・理想などに対する)忠誠,〈C〉敬虔な行為(信仰),,
B101601,pillow,n,まくら,,,,
B101602,pin,v,～に)～をピンで留める《+名+to(on)+名》,(人・物事に)〈望み・信頼など〉をかける《+名+on+名》,,～に)～を動けなくする《+名+against(to)》,《話》〈罪・過失など〉を(人の)せいだとする《+名+on+名〈人〉》,
B101603,pineapple,n,〈C〉〈U〉パイナップル,〈C〉パイナップルの木,,,
B101604,pipe,n,〈C〉管,パイプ,,,
B101605,pit,n,〈C〉地面の穴,《the ~》立て坑,,,
B101606,place,v,〈他〉を置く,,,,
B101607,plain,adj,はっきり見える,はっきり理解できる,質素な,,
B101608,plan,v,～を計画する,～の設計図をかく,計画を立てる,,
B101609,plant,v,〈苗など〉を植える,(植物を)‘に'植える《+名+with+名》,(～に)〈思想など〉を植えつける《+名+in+名》,《場所の副詞[句]を伴って》(ある場所)～をしっかりと置く(すえる,〈工場・生産設備など〉を建設する
B101610,plastic,n,〈U〉プラスチック,〈C〉プラスチック製品,,,
B101611,platform,n,台,壇 (話者や演技者などが立つ)演壇,演台,舞台 (特に政党の)政策,綱領
B101612,pleasantly,adv,心地よく,楽しく,愛想よく,,
B101613,please,v,〈他〉を喜ばせる,を満足させる〈自〉喜ばれる,好む,,
B101614,plenty,pron,十分な量,たくさん,,,
B101615,plug,n,(穴・すきまなどをふさぐ)栓,(電気の)差し込み,《話》=spark plug,消火栓(fireplug),一口分に切った)かみたばこ
B101616,plus,conj,その上,さらに,,,
B101617,pocket money,n,(またspending money)小遣い銭,《英》子供に与える一週間のこづかい = a weekly allowance,,,
B101618,poet,n,詩人,詩的才能のある人,,,
B101619,poetry,n,〖集合的に〗詩,(ジャンルとしての)詩,韻文,詩的な美しさ,
B101620,poison,n,毒薬,《～に》害になるもの,《俗》酒,,
B101621,poisonous,adj,有毒な,有害な,(精神的に)人を害する,悪意のある,不快な,
B101622,pole,n,〈C〉(木製・金属性などの)棒,柱,(牛車・馬車の)ながえ,,
B101623,policy,n,〈C〉(政府・政党・企業などの)方針,〈U〉処世上の知恵,,,
B101624,politely,adv,丁寧に,丁重に,礼儀正しく,上品に,
B101625,politician,n,〈C〉政治家,(利権をあさる)政略家,,,
B101626,politics,n,〈U〉政治,政治学,,,
B101627,pollutant,n,汚染物質(特に産業廃棄物など),,,,
B101628,pond,n,池,,,,
B101629,popcorn,n,ポップコーン(とうもろこしの一種をいったもの),,,,
B101630,pork,n,豚肉,,,,
B101631,port,n,〈C〉〈U〉港,〈C〉港町,,,
B101632,positive,adj,肯定した,実際的な,《補語にのみ用いて》確信のある,(事が)疑問の余地がない,《名詞の前にのみ用いて》《話》全くの
B101633,positively,adv,積極的に,《話》全く,《米》(質問に答えて)そのとおり,,
B101634,possess,v,〈他〉(財産として)～を所有する,(性質・特性として)～を備えている,悪霊・悪い考えなどが)(人)にとりつく,,
B101635,possession,n,〈U〉所有,〈C〉所有物,〈U〉取り憑かれること,,
B101636,possessive,adj,所有の,所有(独占)欲の強い,(～を)独占する《+about(with)+名》,所有格の,,
B101637,possibility,n,〈C〉可能性,実現可能な事柄,勝利・指名などの)見込みのある人,将来性,
B101638,postcard,n,郵便はがき,(また《文》picture postcard)絵はがき,,,
B101639,postman,n,郵便集配人(《米》mailman),,,,
B101640,pot,n,〈C〉つぼ,(つぼ・なべなどの)1杯分,,,
B101641,potential,n,〈U〉可能性,電位,,,
B101642,pottery,n,〈U〉製陶術,〈U〉《集合的に》陶器類,〈C〉陶器製造所,,
B101643,pound,n,〈C〉ポンド(重量の単位, 16オンス,ポンド(英国・アイルランドなどの貨幣の単位,トロイポンド(金・銀の重量単位,12オンス),,
B101644,poverty,n,〈U〉貧困,不足,,,
B101645,powder,n,〈U〉〈C〉粉,〈U〉おしろい,〈U〉〈C〉粉薬,〈U〉火薬,〈U〉粉雪
B101646,practical,adj,実用的な,,,,
B101647,praise,n,〈U〉《～を》ほめること,《～の》称賛した《of ～》,,,
B101648,prayer,n,祈る人,,,,
B101649,precious,adj,貴重な,いとしい,気取った,,
B101650,preference,n,〈U〉〈C〉好み,好みの物を選ぶ権利,〈C〉好みのもの,〈U〉〈C〉選好,
B101651,prefix,n,接頭辞,人名の前につける敬称(Mr.),,,
B101652,pregnant,adj,(比較変化なし)妊娠している,《名詞の前にのみ用いて》含みのある,《補語にのみ用いて》(～を)いっぱいに含んだ,《文》想像(工夫)に富んだ,
B101653,prejudice,n,〈U〉〈C〉《～に対する不当な》先入観,〈U〉不利益,,,
B101654,preparation,n,〈U〉《a ~》《～の》用意 《of ～》,〈C〉《複数形で》《～のための》準備《for ～》,〈U〉準備されている状態,,
B101655,prepared,adj,用意のできた,《補語にのみ用いて》《be prepared to do》喜んで～する,,,
B101656,preposition,n,前置詞(《略》perp.),,,,
B101657,preschool,adj,《名詞の前にのみ用いて》小学校入学前の,学齢未満の・幼稚園より手前の児童の通う幼稚園予科のような施設(保育園=day-care centerとは異なります,,,
B101658,prescription,n,〈U〉指示すること,〈C〉規定,薬などの)処方,〈U〉時効,
B101659,presence,n,〈U〉居ること,出席,,,
B101660,present,adj,《～に》出席している,《～に》ある《in ～》,現在の,,
B101661,presentation,n,〈U〉〈C〉(～の)贈呈,〈U〉〈C〉(公式の)紹介,(一般に)発表,提出,,
B101662,preservation,n,(～の)保護,(食料などの)貯蔵》+of+名》,,,
B101663,preserve,v,〈他〉《文》《～から》～を守る,を維持する,(食物)を保存する,,
B101664,president,n,《しばしばPresident》米国大統領,(一般に共和国の)大統領,《時にPresident》(組織体の)会長,《時にPresident》《米》社長,《しばしばPresident》(大学の)学長,《米》議長
B101665,press,n,〈C〉押すこと,〈U〉《the~》(新聞・雑誌・ラジオ・テレビなどの)報道機関,,,
B101666,press,v,〈他〉を押す,〈自〉《～を》押す,,,
B101667,previous,adj,《名詞の前にのみ用いて》前の,《補語にのみ用いて》《話》早まった,,,
B101668,priest,n,(一般に)聖職者,(カトリック教会・英国国教会の)司祭,,,
B101669,primarily,adv,第一に,最初に,,,
B101670,primary school,n,〈C〉《英》小学校(2年の幼児学校(infant school)と4年の下級学校(junior school)を合わせたもの,〈U〉《米》elementary schoolの最初の4年間,〈U〉児童の教育,初級教育,,
B101671,primitive,adj,原始の,原始的な,,,
B101672,principle,n,〈C〉原理,主義,,,
B101673,print,n,〈U〉印刷,〈C〉《しばしば複合語で》(押した)跡,〈U〉プリント模様,プリント生地,〈C〉プリント地の衣服,〈C〉(写真の)印画,〈C〉版画
B101674,prison,n,〈C〉〈U〉刑務所,〈C〉〈U〉(一般に)閉じ込めておく場所,〈U〉監禁,,
B101675,prisoner,n,服役中の)囚人,(未決の)拘置人,=prisoner of war,自由を奪われた人,補虜,
B101676,privacy,n,他人から干渉されない状態(権利),秘密,,,
B101677,prize,n,〈C〉賞,(努力して手に入れる)価値あるもの,,,
B101678,probability,n,〈U〉ありそうなこと,〈C〉起こりそうな事件,〈U〉(数学で)確率,(哲学で)蓋然性,
B101679,proceed,v,取りかかる,(一度やめてまた)《～を》続ける《with》,(一度止まってまた)《～へ》進む《to ～》,(事が)進行する,
B101680,process,n,〈U〉〈C〉(自然の)作用,(物事の)手順,,,
B101681,proclaim,v,を宣言する,をはっきりと知らせる,,,
B101682,procrastination,n,遅延,引き延ばし,,,
B101683,producer,n,生産者,産出地,(劇・映画などの)製作者,,,
B101684,productive,adj,生産的な,実りのある,利益をもたらす,,
B101685,profession,n,〈C〉専門職,(一般に)職業,《the~》《集合的に》同業者たち,〈U〉〈C〉《～を》公言すること《of ～》,
B101686,professor,n,(大学の)教授,(一般に)教師,,,
B101687,program,v,～を計画に加える(含める),(～するように)～‘の'計画を立てる《+**名**+**to**do》,(コンピューターで)～‘の'プログラムを作る,〈コンピューター〉‘に'プログラムを入れる,,,
B101688,progress,n,前進,進歩,,,
B101689,prohibition,n,〈U〉(法律・権威により～を)禁止すること,〈C〉(～の)禁止令《+against(on)+名(doing)》,〈U〉《米》酒類の製造販売禁止,《P-》《米》禁酒法施行期間(1920‐1933),,
B101690,prominent,adj,突き出た,目立った,著名な,卓越した,
B101691,promise,v,〈他〉〈物事〉を約束する,～の見込みがある,,,
B101692,promote,v,～を助長する,(～に)～を昇進させる,〈議案など〉を通過するように努力する,〈会社・事業〉を発起する,〈興業〉を主催する,〈商品など〉‘の'販売促進をする
B101693,promotion,n,〈U〉〈C〉昇給,〈U〉《～を》押し進めること,〈C〉宣伝商品,,
B101694,pronoun,n,代名詞({略}pron.),,,,
B101695,proof,n,〈U〉証拠,〈C〉試験,,,
B101696,properly,adv,適切に,基準にかなって,厳密に,《英話》完全に,
B101697,property,n,〈U〉特性,所有物,不動産,〈C〉所有地,
B101698,proportion,n,〈C〉《～に対する～の》割合,〈U〉《～との》調和 《to ～》,,,
B101699,proposal,n,〈U〉提案すること,〈C〉提案されたこと,結婚の申し込み,,
B101700,propose,v,を提案する,を計画する,《～に》結婚を申し出る 《to ～》,,
B101701,prosperity,n,繁栄,成功,,,
B101702,prosperous,adj,繁栄している,成功している,裕福な,,
B101703,protect,v,(危険・損害などから)～を守る,〈国内産業〉を保護する,,,
B101704,protection,n,〈U〉(～から)保護すること,《単数形で》(～を)防いでくれる人(物),,,
B101705,protective,adj,保護の,(～を)保護する《+toward+名》,,,
B101706,protest,n,(～に対する)抗議,少し軽い意味で,,,
B101707,proud,adj,(人が)得意な,(人が)誇りを持った,(人が)高慢な,《名詞の前にのみ用いて》(物事が)誇るに足る,
B101708,prove,v,〈他〉を証明する,を試す,《~ to be ～》～と証明される,～であると判明する,
B101709,proverb,n,〈C〉ことわざ ,《複数形で》(旧約聖書の)箴言(しんげん)(ソロモン訳など賢者の金言の成集,,,
B101710,provided,conj,《~ that ～》もし～ならば,～という条件で,,,
B101711,psychological,adj,《名詞の前にのみ用いて》心理学の,精神的な,,,
B101712,pub,n,パブ(public house),,,,
B101713,public,adj,《名詞の前にのみ用いて》公の,公開の,《名詞の前にのみ用いて》公務の,一般に知れ渡っている,
B101714,public transport,n,公共輸送(交通)機関,,,,
B101715,publicly,adv,公に,公的に,,,
B101716,publisher,n,(書籍などの)出版業者,《米》新聞発行者,,,
B101717,pullover,n,プルオーバー(頭からかぶるセーターなど),,,,
B101718,pump,n,〈C〉ポンプ,,,,
B101719,punish,v,〈人〉を罰する,〈犯罪・違反・過ち〉を罰する,～を手荒く扱う,,
B101720,punishment,n,〈U〉罰を[を受けること],〈C〉処罰,〈U〉ひどい仕打ち,,
B101721,pupil,n,〈C〉生徒,(個人指導を受けている)生徒,瞳孔,,
B101722,puppy,n,子犬,,,,
B101723,pure,adj,(金など)混じりけのない,(水など)汚れていない,《名詞の前にのみ用いて》《話》全くの,《名詞の前にのみ用いて》(応用的に対して)理論的な,
B101724,purify,v,～を除いて)浄化する《+名+of+名》,(～から)～を除いてきれいにする《+名+from+名》,きれいになる,,,
B101725,purse,n,〈C〉《米》(婦人用)ハンドバッグ,財布,,,
B101726,push,n,〈C〉ひと押し,奮闘,,,
B101727,puzzle,n,〈C〉悩ませる物,パズル,,,
B101728,quake,n,揺れ,地震(earthquake),,,
B101729,qualified,adj,資格のある,制限された,,,
B101730,qualify,v,〈才能・技術などが〉〈人〉に資格を与える,《～の》資格を得る,,,
B101731,quality,adj,質の良い(高い),有能な,上流階級の,,
B101732,quantity,n,〈U〉量,〈C〉《～の》量,〈C〉多量,〈C〉(数学で)量,
B101733,question mark,n,疑問符(?),,,,
B101734,questionnaire,n,質問表,アンケート,,,
B101735,queue,n,〈C〉(順番を待っている人の)行列,順番を待つ人々,,,
B101736,race,n,①〈C〉《～を得るための》競争,競技会《for ～》,子孫,仲間〈U〉人種,民族
B101737,race,v,,〈自〉《～と》競争する《aginst》,《～のために》競争する《fo～》,〈他〉と競争する,《Aと》～を競走させる《～ against A》,速い速度で動く
B101738,racial,adj,人種[上]の,民族の,種族の,,
B101739,radiation,n,〈U〉(光・熱・放射能などの)発散,〈C〉放射物,放射線,輻射(ふくしゃ)熱,〈C〉(喜び・幸福感などの)発散《+of+名》,=radioactivity,
B101740,rage,n,〈U〉〈C〉激怒,〈U〉〈C〉《おもに文》(風・波などの)猛威,〈U〉〈C〉(感情・欲望などの)激しさ,〈C〉(～に対する)熱望,〈C〉《話》(一時的に)大流行しているもの
B101741,rail,n,〈C〉(柵などの)横棒,手すり,(鉄道の)レール,〈U〉鉄道,
B101742,railroad,n,鉄道,鉄道会社,鉄道施設,,,
B101743,railway,n,《英》=railroad,〈C〉《米》(一般に)線路,,,
B101744,rainfall,n,〈C〉降雨,〈U〉雨量,,,
B101745,rainforest,n,熱帯雨林,雨林、降雨林、多雨林,,,
B101746,rank,n,〈U〉〈C〉階級,(相対的な)順位,(人・物の)列,,
B101747,rap,v,～をコツン(トン)とたたく,,〈命令など〉をびしゃりと言う《+out+**名**》,,,
B101748,rapid,adj,速い,(坂などが)急な,,,
B101749,rapidly,adv,速く,すみやかに,,,
B101750,rare,adj,まれな,(空気などが)薄い,《話》すてきな,,
B101751,rarely,adv,《文を修飾する副詞として》めったに(まれにしか)～しない(seldom,《文》まれなほど,,,
B101752,raspberry,n,キイチゴ[の実],《俗》唇の間で舌を鳴らすあざけりの音,,,
B101753,ration,n,〈C〉(非常時などの物資の)配給量,(兵士などの)1日分の糧食,食料,,
B101754,rational,adj,(物事が)道理にかなった,(人が)理性的な,理性を備えた,(数が)有理の,
B101755,razor,n,かみそり,,,,
B101756,reach,n,〈U〉《～に》手を伸ばすこと《for ～》,,,,
B101757,react,v,(刺激などに)反応する《+to+名》,(～に)反対する,～に)影響を与える,(作用するものに)反作用する,(～と)化学反応を起こす《+with+名》,
B101758,realistic,adj,現実主義の,写実的な,実在論の,,
B101759,reality,n,〈U〉現実性,〈C〉(個々の)現実,,,
B101760,rearrange,v,(以前とは別の様式で)～を整理し直す,配列し直す,,,
B101761,reasonable,adj,合理的な,筋の通った,(価格が)手ごろな,,
B101762,rebuild,v,〈他〉を再建する,をたてなおす,,,
B101763,recall,v,呼び戻す,思い出す,回収する,取り消す,
B101764,reception,n,〈C〉《～を》受け取ること,待遇,歓迎会,〈U〉(ラジオ・テレビなどの)受信,
B101765,recite,v,(人の前で)～を暗唱する,～を詳しく話す,〈事実・名前など〉を列挙する,《米》(教室で生徒が)〈勉強した所〉を口頭で発表する,(教科書などを見ないで)〈質問〉‘に'答える,人の前で)暗唱する
B101766,reclaim,v,(～から)〈土地など〉を造成する《+名+from+名》,(廃物から)〈物〉を再生する《+名+from+名》,(悪などから)〈人〉を改心させる矯正する《+名〈人〉+from+名》、取り戻す、回収する,,
B101767,recognize,v,〈他〉(それに間違いないと)～を確かに認める,《～などで》～を見分ける,(すでに得ている経験・知識などによって)～を認める,,
B101768,recommend,v,〈他〉を推薦する,《～することを》〈人〉に勧める《to do》,〈事〉を勧める,,
B101769,record,n,〈C〉《～の》記録,《～を》記録すること《of》,経歴,最高記録,
B101770,recording,n,〈C〉録音したもの,レコード,〈U〉録音された音,,,
B101771,recover,v,〈他〉〈失ったもの〉を取り戻す,〈損失など〉を埋め合わせる,《～から》正常な状態に戻る,,
B101772,recovery,n,〈U〉《～を》取り戻すこと《of ～》,〈C〉《～からの》回復《from ～》,,,
B101773,recycled,adj,再生された,(デザインなどが)二番煎じの,,,
B101774,recycling,n,リサイクリング,再生利用,,,
B101775,reduce,v,〈他〉《～まで》〈数量など〉を減らす《to ～》,〈程度・地位など〉を下げる,《ある状態・形に》～をする,,
B101776,reduction,n,〈U〉〈C〉《～を》減らすこと,〈C〉減少した量,縮図,〈U〉換算約分,
B101777,reef,n,[暗]礁,岩礁,砂州(さす),,
B101778,referee,n,〈C〉(スポーツ競技の)審判員,仲裁人,,,
B101779,reflection,n,〈U〉(光・熱などの)反射,〈C〉(鏡・水面などに映った)映像,,〈U〉《～についての》熟考《on》,,
B101780,refreshment,n,〈U〉元気回復,〈C〉元気を回復させるもの,〈U〉(ばく然と)飲食物,《複数形で》軽い飲食物,
B101781,refund,n,〈C〉払い戻し金,〈U〉払い戻すこと,,,
B101782,refusal,n,〈U〉〈C〉拒否,〈U〉《しばしばthe~》(諾否を決める)優先権,,,
B101783,refuse,n,廃物,くず,ごみ,,
B101784,refuse,v,〈他〉を断る,〈自〉拒絶する,,,
B101785,regain,v,〈他〉(健康・記憶など)を取り戻す,(場所・状態など)に立ち帰る,,,
B101786,regard,v,〈他〉《～と》～をみなす 《as ～》,を注視する,を尊重する,を考慮に入れる,
B101787,regarding,prep,《おもに商用の文で》～に関して,～の点では(as regards),,,
B101788,region,n,(地理的な)地域,《複数形で》(宇宙などの)区分,(身体の)部分,(学問などの)分野,《複数形で》(都会から離れた)地方
B101789,regional,adj,地域の,地方に特有の,,,
B101790,register,n,〈C〉登録,登録簿,,,
B101791,register,v,〈他〉を登録する,を記録する,,,
B101792,registration,n,〈U〉《～に》登録すること,《～の》登録《of》,〈C〉登録証明書,,
B101793,regulation,n,〈C〉規則,〈U〉(～の)規制,,,
B101794,reject,v,〈他〉断る,不採用[不合格]にする,捨てる,受け入れない,
B101795,relate,v,～を物語る,,《～と》を関連させる《to》,,《～に》関係がある《to》,共感を覚える,
B101796,relation,n,関係,親戚(関係),話すこと,犯罪通報,
B101797,relationship,n,〈C〉関係,親密な関係,〈U〉親戚関係,,
B101798,relative,adj,比較上の,相対的で,関係のある,対応した,
B101799,relative,n,親戚,関係詞,,,
B101800,relatively,adv,比較的に,《～に》比べて,,,
B101801,relaxing,adj,(気候が)人を怠惰にさせる,怠けさせる,,,
B101802,release,v,解放する,公開する,,,
B101803,reliable,adj,信頼できる,あてになる,確実な,,
B101804,religion,n,〈U〉宗教,信仰,信仰生活,〈C〉宗旨,〈C〉信条,,
B101805,religious,adj,宗教の,,,,
B101806,rely,v,《～を》頼りにする,信頼する,あてにする 《on ～》,,
B101807,remainder,n,〈U〉《集合的に,複数扱い, the ~》残り,〈C〉(引き算の)残り,,,
B101808,remark,v,〈他〉～だと述べる,に気づく,,,
B101809,remarkable,adj,注目すべき,並々ならぬ,,,
B101810,remedy,n,(～の)治療薬,～を)矯正(救済)するもの,,,
B101811,remembrance,n,〈U〉(～の)思い出,〈U〉(～の)記億《+of+名》,記億力,〈C〉思い出となるもの,《複数形で》よろしくという伝言(regards),
B101812,remote control,n,遠隔操作,リモコン(リモートコントロール),,,
B101813,remove,v,取り去る,移す,解任する,,
B101814,renew,v,〈他〉～を新しくする,～を再び始める,を継続する,,
B101815,repay,v,を返す,《～に対して》〈人〉に報いる《for ～》,〈行為〉にお返しをする,,
B101816,repeatedly,adv,繰り返して,,,,
B101817,reply,v,〈自〉《～に》答える《to ～》,《～に》応じる《to ～》,〈他〉《～に》～と答える《to ～ that ～》,,
B101818,report,v,～を**報告する**,**報道する**,,,
B101819,representative,n,〈C〉《～の》代表人 《of ～》,見本,,,
B101820,reproduce,v,〈他〉を再現する,を複製する,を繁殖させる,〈自〉(動植物が)繁殖する,複製できる
B101821,republic,n,共和国,共和政体,《R-》(フランス革命から喚代までの),,,
B101822,reputation,n,〈C〉(人・物の)評判,名声,,,
B101823,request,v,〈他〉(物事)を頼む,(人)に頼む,,,
B101824,require,v,〈他〉(義務・条件として)～を必要とする,物事)を命じる,人)に命じる,,
B101825,requirement,n,〈C〉必要なもの,《～の》必要条件,,,
B101826,rescue,n,救助(救出)すること,〈C〉(個々の)救助,,,
B101827,rescue,v,(危険などから)～を救う,救助(救出)する《+名+from+名(doing)》,,,
B101828,researcher,n,研究者,調査員,,,
B101829,resemble,v,似ている、類似している,,,,
B101830,reservation,n,〈C〉《おもに米》(劇場の座席・ホテルなどの)予約,〈C〉《米》(インディアン・軍隊などの)指定保留地,〈C〉〈U〉(～についての)疑い,〈C〉〈U〉留保,
B101831,reserve,n,〈C〉《～のための》蓄え 《for ～》,〈U〉《～のために》取っておかれた状態 《for ～》,,,
B101832,reserve,v,〈他〉《～のために》～を別にしておく,《～のために》を残しておく 《for ～》,,,
B101833,resident,adj,居住している,住み込みの,,,
B101834,residential,adj,住居の,住居向きの,,,
B101835,resist,v,《通例否定文で》～をこらうる,～‘に'抵抗する,～‘の'作用に耐える,,
B101836,resolve,v,〈他〉を 決心する,問題・疑惑など)を 解決する,を 議決する,〈自〉《～を》決定する ,《～に》分解する 《into ～》
B101837,resort,n,〈C〉行楽地,頼みの綱,〈U〉《～に》訴えること《to ～》,,
B101838,resource,n,〈C〉《複数形で》資源,(まさかのときの)最後の手段,《～の》源泉 《of ～》,,
B101839,respect,n,〈U〉(～に対する)尊敬,〈U〉(～に対する)尊重,《pay one's respectsで》尊敬の表現,〈C〉(特定の)点,〈U〉(～との)関係
B101840,respect,v,～を尊敬する,～を尊敬する,,,
B101841,respectable,adj,(社会的に)ちゃんとした,(服装・外見などが)見苦しくない,かなりよい,(数・量などが)相当な,
B101842,respond,v,返事する,反応する,～であると答える,,
B101843,responsibility,n,〈U〉責任があること,〈C〉責任を負うべきこと,,,
B101844,responsible,adj,責任がある,《～の》原因である《for》,,,
B101845,rest,n,《～の》残り,〈U〉《the 》《複数扱い》そのほかの物(人),,,
B101846,rest,v,〈自〉《~ 補語》《ある状態の》ままである,,,,
B101847,restore,v,回復する,(元の状態に)～を復活させる,(元の形に)～を修復する,(盗品など)を返す,
B101848,restrict,v,を制限する,～が《～するのを》制限する 《from doing》,,,
B101849,result,v,〈自〉《～の》結果起こる,《～という》結果になる,,,
B101850,retail,n,小売り,,,,
B101851,retain,v,を持ち続ける,を記憶にとどめる,(報酬を払って)～を抱えておく,,
B101852,retell,v,～を再び語る,～を言い替える,,,
B101853,retrospect,n,回顧,回想,,,
B101854,reunification,n,再統一,,,,
B101855,reunify,v,(分割されたもの・国などを)再結合する,再統合,再統一する,,
B101856,revise,v,改訂する,,,,
B101857,revision,n,〈C〉(～の)改正(改訂)校閲《+of+名》,〈C〉改訂版,〈U〉《英》復習《米》review,,
B101858,reward,n,〈U〉〈C〉《～に対する》報酬,,〈C〉《～に対する》報奨金《for》,,,
B101859,rewrite,v,～を書き直す,《米》〈記者からの報告〉を新聞比事に書き直す,,,
B101860,rid,v,〈他〉《 AからBを》除去する,解放する《 A of B 》,,,
B101861,riddle,v,～‘の'なぞを解く,なぞをかける,なぞのようなことを言う,,,
B101862,ridiculous,adj,おかしな,ばかばかしい,,,
B101863,ripe,adj,(果物・穀物などが)熟した,(人・精神などが)円熟した,《補語にのみ用いて》《～の》用意ができている,老齢に達した,
B101864,rise,n,〈C〉《～の》上昇 《of ～》,,,,
B101865,rise,v,〈自〉立ち上がる《up》,起床する,(上から下へ)上がる,,
B101866,risk,n,危険,危害(損害)を受ける可能性《+of+名(doing)》,,,
B101867,roadside,n,路傍,道ばた,,,
B101868,robot,n,ロボット,機械的に働く人間,,,
B101869,rolling,adj,転がる,ぐるっと回る,よろめく,《名詞の前にのみ用いて》(波など)うねっている,(土地が)起伏している,横揺れする,
B101870,room,v,(～に)下宿する,,間借りする《+at+名〈場所〉》,+with+名〈人〉》,,
B101871,rotten,adj,腐敗した,砕けやすい,《俗》ひどく悪い,(道徳的に)腐敗した,
B101872,rough,adj,(表面が)粗い,でこぼこの,動きなどが)荒っぽい,(空・海などが)荒れた,(人・態度などが)粗野な,おおよその
B101873,round,adj,丸い,(タイヤ・輪のように)円形の,(断面の丸い)円筒形の,(肩・筆跡などが)丸みのある,《名詞の前にのみ用いて》(数量が)完全の
B101874,round,n,〈C〉丸いもの,回転,,,
B101875,routine,n,〈U〉いつもの手順,〈C〉(喜劇・踊りの)型どおりの演技,,,
B101876,rubber,n,〈U〉ゴム,〈C〉《英》ゴムの製品,こする物,,
B101877,rubbish,n,〈U〉くず,くだらない考え,,,
B101878,rudely,adv,無作法に,粗雑に,荒々しく,,
B101879,ruin,n,〈U〉《～の》破滅,〈C〉崩壊したもの,《複数形で》廃墟,,
B101880,runaway,n,逃亡者,逃げた馬,,,
B101881,runway,n,(飛行場の)滑走路,(劇場の)花道,,,
B101882,rush,v,〈自〉突進する,《～を》性急にする,into doing》,〈他〉を急いで送る,を性急にする
B101883,sacred,adj,神聖な,宗教の,功粛厳粛な,神聖にして犯すことができない,《補語にのみ用いて》(神に)ささげられた,
B101884,sadness,n,悲嘆(sorrow),,,,
B101885,safari,n,(狩猟・探険などアフリカでの)遠征旅行,サファリ,,,
B101886,safeguard,n,～に逐して)保護(予防)するもの(手段)《+from(against)+名》,,,,
B101887,safely,adv,安全に,大丈夫,,,
B101888,safety,n,〈U〉(～からの)安全,またsafety catch)〈U〉(銃などの)安全装置,〈C〉(アメリカンフットボールで)セーフティー(クォータバックなどのボールを持っている選手が自軍のエンド・ゾーン内にタックルされること。2得点。,,
B101889,salesman,n,(通例腕ききの)男子店員,セールスマン,,,
B101890,salmon,n,〈C〉(魚の)サケ,〈U〉サケの肉,〈U〉サケの肉の色,,,
B101891,sand,n,〈U〉砂,《複数形で》砂地,《複数形で》時刻,,
B101892,sandal,n,サンダル,靴,,,
B101893,satellite,n,衛星(主惑星を回転する天体物),人工衛星,衛星国家,従者,
B101894,satisfaction,n,〈U〉《～を》満足させること 《of ～》,,《～に》満足すること 《at》,〈C〉満足させるもの,,
B101895,satisfied,adj,(人が)満足した,(勘定などを)すっかり払った,(議論などで)納腐する,,
B101896,saucepan,n,(長い柄のついた)シチューなべ,,,,
B101897,saucer,n,(紅茶・コーヒー用の茶わんの)受け皿,台皿,,,
B101898,scan,n,じっと見ること,吟味,,,
B101899,scare,v,〈他〉をおびえさせる,〈自〉おびえる,,,
B101900,scared,adj,おびえた,怖がる,怖がって,,
B101901,scary,adj,恐ろしい,こわがりの,,,
B101902,scatter,v,をばらまく,をまきちらす,を追い散らす,,
B101903,scenic,adj,景色の,舞台装置(効果)の,,,
B101904,scholar,n,人文系の)学者,,,,
B101905,scholarship,n,〈C〉《時にS-》奨学金,〈U〉学識,,,
B101906,schoolmate,n,学友,同窓生,,,
B101907,schoolteacher,n,(小・中学校・高校の)先生,学校教師,,,
B101908,science fiction,n,空想科学小説(《略》SF),sf,,,
B101909,scold,v,〈人〉をしかる,しかる,(～に向かって)ののしる《+at+名(doing)》,,,
B101910,scope,n,〈U〉〈C〉(物事の及ぶ)範囲,(理解・行動する)能力の限界,《～の》余地,,
B101911,score,n,(ゲーム・競技の)スコア,(ゲーム・競技の)得点,(試験の)点数,《おもに文》20[の単位],《複数形で》多数(の～)《+of+名》
B101912,score,v,(ゲーム・競技で)〈点数〉を得点する,〈競技〉‘の'得点を記録する,〈得点〉を〈人〉‘に'与える《+名〈人〉+名〈得点〉=+名〈得点〉+to(for)+名〈人〉》,〈試験〉を採点する,(試験で)～‘の'点をとる,
B101913,scratch,n,かき傷,かすり傷,,,
B101914,scream,v,(恐怖・苦痛などで)〈人が〉悲鳴をあげる,〈鳥・気笛などが〉かん高い音を出す,どなる,～を金切り声で言う,
B101915,sculpture,n,〈U〉彫刻,〈C〉彫刻品,,,
B101916,search,v,〈他〉《～を求めて》(ある場所など)をくまなく捜す 《for ～》,を綿密に調査する,〈自〉《～を》綿密に調査する《into ～》,《～を求めて～を》くまなく捜す 《through ～ for ～》,
B101917,season,n,季,一年のうちの,(果物などの)出盛り,(一般に)時節,《～に》ふさわしい時
B101918,seawater,n,海水,,,,
B101919,seaweed,n,海草,海の藻,,,
B101920,second,adv,第二に,二番目に,,,
B101921,secondary school,n,中等学校(小学校と大学の間の学校),米国では7‐12年生の学校,,,
B101922,second-hand,adj,中古の,(情報・学説・知識など)また聞きの,《名詞の前にのみ用いて》(店・商売が)古物専門の,,
B101923,second-hand,adv,中古で,また聞きで,,,
B101924,secret,adj,秘密の,,,,
B101925,secretly,adv,内密に,こっそり(in secrecy),,,
B101926,secure,adj,安定した,安全な,,,
B101927,security,n,〈U〉安全,〈U〉安心,〈U〉(犯罪・被害などに対する)警備,〈U〉〈C〉(～に対する)担保,〈C〉》複数形で》株券
B101928,seize,v,(急に)～をぐいとつかむ,(力ずくで)～を奪い取る,を把握する,,
B101929,select,adj,えり抜きの,品質の良い,,,
B101930,selection,n,〈U〉選ぶこと,〈C〉《～から》選び抜かれた人(,もの)《from》,《単数形で》(商店などの)品揃え,〈U〉淘汰,
B101931,selfish,adj,(人・言動などが)利己的な,自分本位の,,,
B101932,selfservice,adj,(食堂・エレベーターなどでの)セルフサービス,セルフサービス[式]の = self-service,,,
B101933,sensation,n,〈U〉〈C〉(五感による)感覚,〈C〉(～の)感じ,〈C〉〈U〉大評判,,
B101934,separation,n,〈C〉〈U〉分離,〈C〉〈U〉(合意・判決に基づく)夫婦の別居,,,
B101935,sequence,n,〈U〉〈C〉(時間の上の),〈C〉《a ~》《～の》一連のもの 《of ～》,《～に対する》結果 《to ～》,〈U〉(起こる)順序
B101936,series,n,〈C〉(関連のあるもの・同種のものの)連続,(同種の貨幣・切手などの)一組,(テレビ番組などの)連続物,(電気の)直列,
B101937,serious,adj,まじめな,本気の,(物事が)重大な,,
B101938,server,n,奉仕者,サーバー,,,
B101939,service,n,〈U〉〈C〉奉仕,公共事業,〈U〉職員業務,サービス,役立つこと
B101940,service,v,〈他〉を修理点検する,にサービスを提供する,,,
B101941,session,n,〈C〉(議会・裁判所などの)会議,〈U〉(議会・法廷などの)開会,〈C〉会期,〈C〉《おもに米》(大学の)受業時間,学期,〈C〉《米》(一般にある目的・活動のための)集まり
B101942,setting,n,〈C〉(一般に)環境,機器の)設定,(劇・文学作品り)背景,〈U〉すえつけること,
B101943,settle,v,を決定する,を安定させる,〈神経・胃など〉を静める,《～に》定住する《in ～》,
B101944,settlement,n,〈U〉〈C〉《～の》解決《of》,定住,〈U〉入植〈C〉入植地,調停,
B101945,settler,n,移民,植民者,開拓者,,
B101946,severe,adj,"重度の,"," 厳格な""",(病気などが)重い,,
B101947,severely,adv,厳しく,ひどく,重く,,
B101948,sex,n,〈U〉〈C〉性,《the~》《形容詞を伴い集合的に》男性,〈U〉(男女(雌雄)間の)相違[の意識],〈U〉性に関する事柄(情報),〈U〉性交
B101949,shadow,v,～を影でおおう,～を尾行する,～‘に'暗い影を落とす,,
B101950,shadowy,adj,陰になった,影のような,,,
B101951,shake,v,(前後・上下・左右などに)～を振る,～から)～を振り落とす《+名+from(out of)+名》,〈地震・爆発などが〉～を震動される,〈基礎・信念など〉を動揺させる,〈人〉を動揺させる
B101952,shallow,adj,浅い,浅薄な,,,
B101953,shame,n,〈U〉恥ずかしさ,恥 ,〈C〉《単数形で》《話》恥になる人(物),《単数形で》残念なこと,
B101954,shameful,adj,恥ずべき,けしからぬ(disgraceful),,,
B101955,shape,v,〈他〉を形作る,,,,
B101956,sharp,adj,(刃・先端が)鋭い,(頂上などが)先がとがっている,(道路などが)急な,(言葉などが)厳しい,痛みが)鋭い
B101957,shave,v,〈他〉〈ひげなど〉をそる《off》,～を削り落とす,《話》～をかする,〈自〉ひげをそる,《～を》かすめる《past ～》
B101958,sheer,adj,(織物などが)透けるほど薄い,純然たる,垂直に近い,,
B101959,sheet,n,〈C〉敷布,《 紙など薄いものの》1枚 《of ～》,(火・水などの)一面の広がり,,
B101960,shelter,n,〈U〉(雨・風),《～からの》避難所《from ～》,,,
B101961,sheriff,n,州(county)または都市の)長官(行政のほか儀式的な仕事もする,《米》保安官(郡(county)で法の施行権限を持つ首席役人,,,
B101962,shift,v,〈他〉〈人・場所・位置など〉を移し替える,〈自〉《～へ》変わる 《to ～》,,,
B101963,shiny,adj,光る,(服が)着古して光る,,,
B101964,ship,v,～を船で送る,〈船が〉〈波〉をかぶる,〈船具〉を船に取り付ける,乗船する,船旅をする,～として)船で働く
B101965,shiver,v,〈自〉《寒さ・恐れなどで》震える,,おののく 《with》,from ～》,,
B101966,shocked,adj,ショックを受けた,驚愕した,びっくりした,,
B101967,shocking,adj,びっくりさせる,全くひどい(very bad),,,
B101968,shop,v,～で)買物をする《+in(at)+名》,《英俗》(人を)裏切る,,,
B101969,shopper,n,〈C〉買い物客,ちらし,,,
B101970,shortage,n,〈U〉〈C〉不足,〈C〉不足高,,,
B101971,shortly,adv,まもなく(in a short time),手短に,無愛相に,,
B101972,shout,v,〈自〉叫ぶ,〈他〉～を大声で言う,,,
B101973,shrimp,n,(食用の)小エビ,《俗》ちび,,,
B101974,shut,adj,(戸などが)閉まった,《be +》(工場や店が)閉まった,,,
B101975,sickness,n,〈U〉病気でいること,〈C〉(個々の)病気,〈U〉吐き気(nausea),,,
B101976,sidewalk,n,歩道,,,,
B101977,sigh,n,ため息,,,,
B101978,sign,v,〈手紙・書類・作品など〉‘に'署名する,～に)〈名前など〉を書く《+名+on(to)+名》,～を雇う契約に署名する,～‘を’合図する,署名する
B101979,signal,n,(警告・指示・情報などを伝える)信号,(～の)きっかけ,,,
B101980,signature,n,〈C〉署名,特徴,音楽記号,〈U〉署名すること,プログラミング)関数やメソッドの名前、引数の数やデータ型、返り値の型などの組み合わせ
B101981,significance,n,〈U〉重要性,《～の》意味,,,
B101982,signpost,n,道しるべ,看板柱,,,
B101983,silent,adj,音がしない,沈黙の,,,
B101984,silk,n,〈U〉生糸,絹織物,〈C〉《しばしば複数形で》絹の衣服,〈C〉《複数形で》《米》競馬の騎手が着るはでな色の服,〈U〉トウモロコシの盲
B101985,similarity,n,〈U〉類似,〈C〉類似点,,,
B101986,similarly,adv,類似して,《文修飾語に用いて》同様に,,,
B101987,simplify,v,単純化する,,,,
B101988,simultaneously,adv,同時に,,,,
B101989,since,conj,～以後ずっと,～なので,,,
B101990,single,n,(ホテルなどの)一人部屋,《俗》1ドル札,,,
B101991,sink,v,沈む,,,,
B101992,skate,v,〈自〉スケートをする,〈他〉をスケートですべる,,,
B101993,skeleton,n,(人間・動物の)骨格,(建物・船などの)骨組み,(文芸作品などの)骨子,必要最小限のもの,《話》(骨と皮ばかりに)やせこけた人(動物)
B101994,ski,v,スキーで滑走する,～をスキーで滑る,,,
B101995,skin,n,〈U〉〈C〉(人・動物の)皮膚,〈C〉〈U〉(動物からはいだ)皮,〈C〉(果物・野菜の)皮,〈U〉〈C〉(液体の表面にできる)薄い膜,〈C〉(枠組み・表面などを覆う)外皮
B101996,skyscraper,n,摩天楼,超高層ビル,,,
B101997,slavery,n,奴隷制度,奴隷の身分,(欲望・悪習などの)とりこになっていること《+to+名》,骨の折れる仕事,,
B101998,sleep,n,〈U〉眠り,〈C〉《a sleep》一眠り[の時間],〈U〉永眠,〈U〉(一時的な手足などの)無感覚,〈U〉目やに
B101999,sleeve,n,〈C〉袖,スリーブ(機械の棒軸などをはめ込む金具),,,
B102000,slight,n,(人を)軽んじること,悔辱,,,
B102001,slightly,adv,わずかに,人・体格などが)ほっそりと,(建物などが)もろく,,,
B102002,slip,n,〈C〉(木・紙の細長い)小片,(継ぎ木・さし木来の)切り枝,《a ( )of ～》きゃしゃ《な～》,,
B102003,slip,v,〈自〉滑る,〈他〉〈物〉を滑らせる,,,
B102004,slogan,n,スローガン,標語,,,
B102005,slope,n,〈C〉坂,〈U〉〈C〉勾配,,,
B102006,slot,n,細長いみぞ(くぼみ),(リスト・予定表・ある組合せなどの中で占める)場所,,,
B102007,slow,adv,遅く,ゆっくり(slowly),,,
B102008,slow,v,遅くなる,～を遅くする,,,
B102009,smell,v,(調べたりするために)～をかぐ,～をにおいで気づく,～‘に'感づく,〈物が〉においがする,〈人・動物が〉においがわかる,(～の)においをかぐ《+at+名》
B102010,smile,v,ほほえむ,〈好運・神などが〉(～に)好意を示す《+on(upon)+名》,《a+形容詞+smileを目的語にして》～‘な'笑い方をする,～をほほえんで示す,〈人〉‘に'ほほえみかけて(～)させる(させない)《+名〈人〉+into(out of)+名(doing)》
B102011,smoker,n,喫煙家,(またsmoking car)喫煙車,《まれ》男だけの楽しみの集まり,,
B102012,sneeze,n,くしゃみ,,,,
B102013,snowboard,n,スノーボード,,,,
B102014,snowstorm,n,吹雪,,,,
B102015,soap opera,n,(テレビ・ラジオの主婦向けの)連続ホームドラマ,メロドラマ[おもに石けん会社がスポンサーになったことから],,,
B102016,social networking,n,ソーシャルネットワーキング(特にインターネットを利用して、友人や知人の輪を広げていくこと),,,,
B102017,socially,adv,社会的に,社交上,親しく,,
B102018,soil,v,〈他〉〈衣服など〉を汚す,《比喩(ひゆ)的に》〈名声など〉をけがす,〈自〉〈衣服などが〉汚れる,,
B102019,solid,adj,固体の,うつろでない,(物質の)密度が高い,《名詞の前にのみ用いて》混じりもののない,構造的に)堅固な
B102020,somehow,adv,どうにかして,《おもに話》どういうわけか,,,
B102021,someplace,adv,《米話》どこかへ,どこかで(somewhere),,,
B102022,sometime,adv,(未来の)いつか,《未来の時を表す語句の前で》( ～の)あたりで,(過去の)あるとき,,
B102023,sometimes,adv,ときどき,ときには(～なことがある,,,
B102024,soothe,v,〈人・神経など〉をなだめる,〈痛みなど〉を和らげる,,,
B102025,sophomore,n,(4年制大学・4年制高校の)2年生,(3年生高校の)1年生,,,
B102026,sore,adj,(傷・患部が)痛い,人が)(けが・打ち身などで)痛みを感じる,《古》つらい,《名詞の前にのみ用いて》(精神的に)痛い,
B102027,sorrow,n,〈U〉悲しみ,〈U〉後悔,〈C〉悲しみ(後悔)の原因,,
B102028,sort,n,〈C〉種類,性格,《おもに英話》《単数形で》(ある)種類の人,《コンピューター》整列,
B102029,soul,n,〈C〉〈U〉魂,〈U〉情,〈U〉(物事の)生命,〈C〉人,〈C〉(～の)権化
B102030,sour,adj,(酢・レモンのように)すっぱい,発酵してすっぱい,(においなどが)不快な,よくない,気難しい
B102031,southeast,adj,南東の,南東へ向かう,(風が)南東からの,,
B102032,southeast,n,〈U〉《the ~》南東(《略》SE),《the ~》南東地域,,,
B102033,southern,adj,南の,(風が)南からの,《しばしばS-》南部特有の,,
B102034,southwest,adj,南西へ向かう,(風が)南西からの,,,
B102035,southwest,n,〈U〉《the~》南西(《略》SW),《the~》南西地域,,,
B102036,souvenir,n,(人・場所・でき事などを思い出させる)記念品,土産,形見,,
B102037,sparkle,n,火花,閃光,(～の)きらめき《+of+名》,(才気などの)ひらめき,あわ立ち,,
B102038,specialist,n,専門家,専門医,,,
B102039,specialize,v,〈自〉《～を》専門にする《in ～》,〈生物が〉(特別な環境に適応するように)特殊化する,,,
B102040,specially,adv,特に,特別に,並外れて,,
B102041,spectacular,adj,見せ物的な,壮観の,めざましい,素晴らしい,
B102042,spectator,n,〈C〉観客,見物人,傍観者,,
B102043,speed,v,急ぐ,《通例現在分詞形で》制限速度以上で運転する,〈仕事・車など〉‘の'速度を上げる,,
B102044,spelling,n,〈U〉語のつづり方,〈C〉語のつづり,,,
B102045,sphere,n,球,(惑星・星などの)天体,天球,《詞》天,(知識・活動・影響などの)範囲,(社会的)地位,
B102046,spice,n,〈C〉(こしょうなど),〈U〉ぴりっとするもの,《a ~》(～)気味,,
B102047,spicy,adj,(料理などが)薬味のきいた,批評など)ぴりっとした,(言葉など)きわどい,,,
B102048,spider,n,クモ,《米》フライパン,,,
B102049,spinach,n,ホウレンソウ,ホウレンソウの葉,,,
B102050,spiral,adj,らせん状の,,,,
B102051,spirit,n,〈U〉精神,〈C〉(超自然の)霊魂,〈C〉《形容詞を伴って》(ある気資・性格をもった)人,〈U〉元気,〈U〉《時にa ~》気立て
B102052,spiritual,adj,精神的な,超自然の,宗教上の,,
B102053,split,n,～の)割れ(裂け)目,ひび《+**in**+**名**》,仲間割れ,分け前,,
B102054,spoil,v,〈物事〉をだいなしにする,〈子供など〉を甘やかしてだめにする,《古》(～を)～‘から'奪う《+名+of+名》,〈物が〉だいなしになる,
B102055,sponge,n,〈C〉海綿動物,〈C〉〈U〉海綿,〈C〉《比喩(ひゆ)的に》(海綿のように)何かをふんだんに吸収する人(物,〈C〉《話》いそうろう,〈C〉〈U〉(外科手術用の)ガーゼ帯
B102056,sponsor,n,(～の)保証人《+for+名》,(提案などの)主唱者,教父,(商業放送の)スポンサー,
B102057,sports,adj,=sport{名},,,,
B102058,sportsmanship,n,スポーツマンシップ(精神),,,,
B102059,stable,adj,安定した,(人・意見などが)着実な,(物理的に)安定な,(化学的に)安定した,
B102060,stall,n,〈C〉売店,商品陳列台,(家畜などの)一仕切りの部屋,(車・飛行機などの)失速,
B102061,standard,n,〈C〉〈U〉標準,〈C〉(度量衡の)基本単位,〈U〉〈C〉(貨幣制度の)本位,〈C〉旗,〈C〉支桂
B102062,star,v,～を星(星形の物)で飾る,～‘に'星印をつける,(～を)～‘に'のようにちりばめる《+**名**+**with**+**名**》,,
B102063,stare,v,,〈自〉《～を》じっと見つめる《at》,〈他〉をじっと見つめる,,,
B102064,status,n,〈C〉〈U〉地位,"〈U〉高い地位,",〈C〉状態,,
B102065,stay,n,〈C〉《単数形で》滞在,〈C〉〈U〉停止,〈C〉〈U〉(執行などの)猶予,,
B102066,steadily,adv,着実に,しっかりと,たゆまずに,,
B102067,steady,adj,むらのない,ぐらつかない,変わらない,,
B102068,steam,n,蒸気,蒸気の力,《話》力,,
B102069,steel,n,〈U〉鋼鉄,〈C〉鋼鉄製品,,,
B102070,steep,adj,傾斜の急な,《話》極端な,,,
B102071,stem,v,〈他〉～の茎(軸)を取り去る、～に茎［軸］を取り付ける、〔～の流れをダムなどで〕せき［食い］止める,〈自〉《～に》由来する,＜名＞茎、ワイングラスの柄、,,
B102072,stick,v,〈他〉《～で》～を刺す,,《～に》を突き刺す 《in》,《AでBに》～を刺して留める 《~ ～ on B with A》,《のりなどで》《～に》～をはる,～を動けなくする
B102073,sticker,n,ステッカー,《米》いが,とげ,《話》粘り強い人,,
B102074,sticky,adj,ねばねばした,接着剤のついた,(天候が)蒸し暑い,《話》(物が)扱いにくい,
B102075,stir,v,〈他〉をかき混ぜる,〈物事〉をかき立てる,〈自〉(特に),,
B102076,storage,n,〈U〉(倉庫などに)貯蔵すること,貯蔵所,保管料,,
B102077,stormy,adj,あらしの,(感情・言動が)激しい,,,
B102078,storyteller,n,物語をする人,特に子供の)うそつき(liar),,,
B102079,strain,n,緊張,負担,ストレート,血統,ひきつけ
B102080,strangely,adv,奇妙に,《通例文頭に用いて》奇妙なことに,,,
B102081,strategic,adj,(比較変化なし)戦略の,戦略上重要な,,,
B102082,straw,n,〈U〉《集合的に》麦わら,〈C〉(1本の)わら,〈C〉(飲み物を飲むときに使う)ストロー,〈U〉《しばしばa~》《否定文で用いて》つまらない物,ごくわずか,
B102083,strawberry,n,〈C〉イチゴ(イチゴ属の草の総称),〈C〉イチゴの実,〈U〉イチゴ色,,
B102084,stream,n,〈C〉小川,《気体・液体の》流れ 《of ～》,,,
B102085,stream,v,〈自〉流れる,,,,
B102086,strengthen,v,〈他〉を強くする,〈自〉強くなる,,,
B102087,stress,n,〈U〉〈C〉(精神的・感情的な)緊張,強勢,〈U〉《～に対する》強調《on ～》,(一般に)圧迫,
B102088,stressed,adj,(金属などの構造体が)圧力を加えられた,(精神的または肉体的な)ストレスに苦しんでいる,,,
B102089,stressful,adj,(仕事・環境・状況などが)緊張の多い,緊張を引き起こす,ストレスの多い,精神的に疲れる,
B102090,stretch,v,〈手足・翼など〉をいっぱいに伸ばす(,広げる)《+out+名》,,〈手など〉を差し出す《+out+名》,(一方から一方へ)〈なわなど)を張る〉〈〈神経など〉を極度に緊張させる,〈意味・法律など〉を拡大解釈する
B102091,stricken,adj,strikeの過去分詞,(悲しみ・病気・不幸などに)襲われた,傷ついた,,
B102092,strike,v,〈他〉〈人〉をなぐる,〈物〉をたたく,,〈人が〉《～に》～をぶつける《on》,〈時計が〉〈時刻〉を打つ,〈人の心〉を打つ
B102093,strip,n,〈C〉《布・板・土地などの》細長い一片 《of ～》,(飛行機の)滑走路,,,
B102094,stripe,n,筋,《複数形で》(軍服のそでにつける)記章,むち打ち,,
B102095,struggle,n,《a~》非常な努力,戦い,,,
B102096,stubborn,adj,(人が)がん固な,(意志・行動などが)断固とした,(物が)取り扱いにくい,,
B102097,stuck,adj,stick の過去・過去分詞,動かない,動けない,stuck on 何々」で「何々に夢中になっている・惚れ込んでいる,
B102098,studio,n,(画家・写真家などの)仕事場,(音楽・ダンス・演技などの)練習場,《しばしば複数形で》映画撮影所,(ラジオ・テレビの)放送室,
B102099,stuffed,adj,詰まった,剥製の,疲れきった,,
B102100,stumble,v,(～に)つまずく,《副詞[句]を伴って》よろめきながら歩くよろよろする,どもる,《文》まちがいをする,(～を)偶然見つける《+on(upon)》
B102101,stun,v,(殴打などで)～を気絶させる,(驚き・時に喜びなどで)〈人〉‘の'肝をつぶさせる,,,
B102102,stunning,adj,気絶させるような,すごく素敵な,,,
B102103,stupid,adj,(人が)馬鹿な,(言葉などが)馬鹿な,(物事が)面白くない,,
B102104,stylish,adj,流行の,粋な,,,
B102105,subconscious,adj,潜在意識の,ぼんやり意識している,,,
B102106,submarine,n,(また《話》sub)潜水艦,=hero sandwich,,,
B102107,substantial,adj,かなりの,実在する,実質上の,大きな,重要な
B102108,substitute,n,〈C〉《～の》代わりをするもの,代用品《for ～》,,,
B102109,suddenly,adv,突然に,だしぬけに,,,
B102110,suffer,v,(～に)苦しむ,〈物事が〉(～のために)損害を受ける,《suffer from+名》〈人が〉(一時的な病気に)罹る,〈苦痛・悲しみなど〉を受ける,《suffer+名+to do》《古》(～することを)〈人〉‘に'許す
B102111,sufficient,adj,十分な,,,,
B102112,suffix,n,接尾辞(kindness の ‐ness),interpreter の ‐er など,,,
B102113,suicide,n,〈U〉自殺,〈C〉自殺的行為,〈C〉自殺者,自殺行為,,
B102114,summarize,v,～を要約する,手短に述べる,,,
B102115,summit,n,〈C〉《山などの》頂上 《of ～》,〈U〉《the》《～の》絶頂,《the》(政府などの)首脳,〈C〉首脳会談,
B102116,sunbathe,v,日光浴をする,,,,
B102117,sundial,n,日時計,,,,
B102118,sunrise,n,日の出,日の出の時刻,,,
B102119,sunset,n,日没,日没の時刻,末期,斜陽,
B102120,superior,adj,(程度・質が)《～より》優れた,(地位・階級などが)上位の,,,
B102121,superstition,n,迷信,〈C〉迷信的習慣(行為),,,
B102122,supply,n,〈U〉《～の》供給 《of ～》,〈C〉《単数形で》《～の》供給量,,,
B102123,support,v,～を支える,〈家族など〉を養う,〈人・主義など〉を支持する,精神的に)〈人〉を力づける,(金銭的に)〈人〉を援助する,〈見解など〉を立証する
B102124,supporter,n,支持者,扶養する人,(運動選手が使う)サポーター,,
B102125,supportive,adj,支える,扶養する,,,
B102126,suppose,v,(議論のために)～と仮定する,～と思う,(物事が)～を前提にする,思う,
B102127,supposedly,adv,たぶん,《文修飾》想定するところでは,,,
B102128,surely,adv,確かに,《否定文で用いて》まさか,《強意に用いて》きっと,《おもに米》(返答で)いいとも,
B102129,surface,n,(物の)表面,《比喩的に》うわべ,,,
B102130,surgeon,n,外科医,軍医,,,
B102131,surgery,n,〈U〉外科,〈U〉手術,〈C〉《英》診察室,〈C〉〈U〉診察時間,,
B102132,surprise,v,《しばしば受動態で》～を驚かす,～を不意をつく,～を急襲する,,
B102133,surprisingly,adv,驚くほどに,,,,
B102134,surround,v,〈他〉を囲む,《～で》に囲いをする《with ～》,,,
B102135,surrounding,adj,囲む,周囲の,付近の,,
B102136,survival,n,〈U〉(～が)生き残ること,〈C〉生存者,,,
B102137,survivor,n,生存者,遺族,,,
B102138,suspect,n,〈C〉容疑者,,,,
B102139,suspicion,n,〈U〉〈C〉(～の)疑い,〈C〉(～という)漠然とした感じ《that節》,〈U〉《しばしば a~》(～の)ほんの少し,,
B102140,swarm,n,大きな一団となって飛んで(動いて)いる昆虫などの)群れ《+of+名》,(人・動物・物の)群れ,,,
B102141,swear,v,(,神などにかけて)誓う《to》,《～を》証言する《to》,罰当たりな言葉を使う,～を誓う,～だと断言する《that》
B102142,sweat,n,〈U〉汗,〈U〉(一般に),〈U〉《しばしばa ~》発汗[状態],〈C〉発汗作用,〈U〉《しばしばa ~》《話》心配(いらだち),〈U〉《しばしばa ~》骨折り
B102143,sweatshirt,n,(特に運動選手が着る)綿ジャージーの長袖のTシャツ,,,,
B102144,swell,v,〈物が〉大きくなる,〈帆などが〉張り出る《out》,〈程度・力などが〉増大する,をふくらませる,〈帆など〉を張り出させる《out ～》
B102145,swimmer,n,泳ぐ人,水泳者,,,
B102146,switch,n,特にむち打ち用の)しなやかな小枝(棒),(しなやかな小枝・棒などで)むち打つこと,(～における)変更,(電気の)スイッチ,電話の)交換台
B102147,switch,v,〈人・動物〉をむちで打つ,〈むちなど〉を振る,(～に)～を転換する,～を交換する(exchange),〈線路のポイント〉を転換する
B102148,swollen,adj,swell の過去分詞,膨れた,《名詞の前にのみ用いて》誇大な,,
B102149,sword,n,刀,《the ~》武力,,,
B102150,sympathy,n,〈U〉共感,〈U〉《時に複数形で》(～に対する)同情,〈U〉《時に複数形で》(～に対する)弔慰,〈U〉《時に複数形で》(～に対する)共鳴,
B102151,symptom,n,〈C〉(病気の)症状,《～の》きざし,,,
B102152,syndrome,n,(疾患の徴候となる一群の)症徴候,(事件・社会的状態などのパターンを示す)徴候形態,,,
B102153,systematic,adj,系統的,体系的な,組織化する,,
B102154,tablet,n,〈C〉錠剤,(菓子・石けんなどの)板状小片,銘板,(はぎ取り式の)メモ帳,
B102155,take,n,取ること,売上,,,
B102156,takeaway,n,お持ち帰り用の料理,覚えておくべき)要点，大事な点,,,
B102157,takeoff,n,〈C〉〈U〉(飛行機・宇宙船などの)離陸,〈C〉(跳躍の)踏み切り点,〈C〉《話》おどけた物まね,,
B102158,tale,n,(事実・伝説・架空の)話,作り話,《複数形で》告げ口,,
B102159,talented,adj,才能のある(gifted),,,,
B102160,talk,n,〈C〉話,〈C〉《～についての》(形式ばらない)演説,〈U〉うわさ,〈U〉空論,〈U〉話しぶり
B102161,talkative,adj,おしゃべりな,,,,
B102162,tank,n,(液体・ガスなどを入れる)タンク,戦車,,,
B102163,tape,v,～をテープをくくる,=tape-record,～を巻き尺で測る,《しばしば受動態で》《米》～‘に'包帯をする(《英》strap),
B102164,taste,n,〈U〉〈C〉味覚,《～の》味,《～の》好み,,
B102165,taste,v,〈他〉を味わう,～の味を感じる,〈自〉《～の》味がする《~ 形容詞》,,
B102166,tasteless,adj,味のない,趣味の悪い,,,
B102167,tasty,adj,(特に塩味)おいしい,《話》(特に情報が)おもしろい,,,
B102168,tax,n,〈C〉〈U〉(～に対する)税,〈C〉《単数形で》(～にとっての)重荷,,,
B102169,teaching,n,〈U〉教えること,〈C〉〈U〉《おもに複数形で》教え,,,
B102170,teammate,n,チーム仲間,,,,
B102171,teamwork,n,協同作業,チームワーク,,,
B102172,tear,v,〈他〉を裂く,を破って作る,を引き剥がす〈自〉裂ける,大急ぎで動く,
B102173,tease,n,〈C〉いじめる人,からかい,,,
B102174,technique,n,〈U〉(科学・芸術などの)技巧,〈C〉(技術・技巧を示す)手法,,,
B102175,technological,adj,科学技術の(に関する),,,,
B102176,teen,n,=teenage,=teenager,,,
B102177,telecommunications,n,電信・ラジオ・テレビによる遠距離通信,,,,
B102178,telegram,n,電報,電文,,,
B102179,teller,n,〈C〉話し手,《おもに米》(銀行の)現金出納係,(議会の)投票集計係,,
B102180,temper,n,〈U〉〈C〉立腹,〈C〉気質,気分,〈U〉(心の)落ち着き,鉄・金属などの)硬度
B102181,temporary,adj,一時的な,つかの間の,はかない,仮の,
B102182,tempt,v,〈他〉(無分別・悪事などに)〈人〉を誘惑する,～をそそる,,,
B102183,tend,v,傾向がある,,,,
B102184,tendency,n,,〈C〉《～する》,性癖,,,
B102185,tense,adj,(筋肉:繊維などが)ぴんと張った,(精神的に)緊張した,,,
B102186,tense,n,〈U〉〈C〉(文法で)時制,,,,
B102187,tension,n,〈U〉ピンと張ること,(精神的な)緊張,〈C〉緊張状態,,
B102188,tent,n,テント,テント状のもの,,,
B102189,term,n,用語,期間 関係、間柄,,,
B102190,terminal,n,〈C〉末端,(バスなどの)発着場,(鉄道・バスの)終点,,
B102191,terribly,adv,恐ろしく,《話》ひどく,,,
B102192,terrific,adj,(大きさ・程度が)ものすごい,恐ろしい,《話》とびきり良い,,
B102193,terrified,adj,恐怖に襲われた,怯えた,,,
B102194,terror,n,〈U〉〈C〉(身に迫る)恐怖,〈C〉恐ろしい人(物・事),《話》やっかいな人,〈U〉テロ
B102195,terrorism,n,(政治的な)行為,恐怖政治,,,
B102196,terrorist,n,暴力政治の,暴力主義者の,,,
B102197,thankful,adj,(人が)感謝している,(心・言動が)感謝に満ちた,,,
B102198,theft,n,〈U〉盗み,〈C〉《～を》盗むこと《of ～》,,,
B102199,theory,n,〈C〉(～の)(学問的な)理論,〈C〉〈U〉(～の実地に対する)理論《+of+名》,〈C〉(～という)推測,,
B102200,thirst,v,,〈自〉《～を》渇望する《for》,after ～》,,,
B102201,thorough,adj,完全な,仕事などが)徹底的な,,,
B102202,threat,n,〈U〉〈C〉脅し,〈C〉《～の》(悪い)きざし,《～にとっての》危険なもの《to》,,
B102203,threatening,adj,脅す,(空模様などが)険悪な,,,
B102204,thriller,n,スリルを与えるもの,スリラー映画(小説),,,
B102205,through,adv,全く,終わって,《米》(通話が)済んで,《英》(電話が)《～と》つながって《to ～》,
B102206,throughout,prep,《期間》～中[ずっと],《場所》～の至る所に,,,
B102207,thumb,n,親指,(手袋などの)親指の部分,,,
B102208,thump,v,(人を)ゴツンとたたく,〈こぶし・頭など〉をゴツンとぶつける,《～を》ゴツン(,ドン)とたたく《on》,〈心臓などが〉どきどきする,
B102209,thunder,n,〈U〉雷鳴,〈C〉〈U〉《しばしば複数形で》(～の)雷のような大きな音,とどろき《+of+名》,,
B102210,thunderous,adj,雷の,雷鳴のようにとどろく,,,
B102211,thus,adv,このように,したがって,,,
B102212,tick,n,〈C〉(時計の)カチカチという音,《くだけて》瞬間,照合(点検)済みの印,,
B102213,tick,v,<時計などが>カチカチ音がする《+away》,,,,
B102214,tide,n,〈U〉〈C〉潮[の干満],〈C〉(世論などの)風潮,〈C〉潮(のように押し寄せてくる～)《+of+名》,〈U〉《古》時,
B102215,tie,v,(縄・ひも・包帯などで～に)～を縛る,〈ひも・ネクタイ・リボンなど〉を結ぶ,〈衣類など〉‘の'ひもを結ぶ,〈結び目・ちょう結びなど〉を結んで作る,(仕事・時間・場所などに)〈人〉を縛り付けたようにする,競技などで)〈相手・相手の得点・記録〉‘と'同じになる
B102216,tighten,v,,～をきつく締める《+名+up》,締まる,,,
B102217,tightly,adv,しっかりと,きつく,,,
B102218,tile,n,(床・壁用の)タイル,屋根がわら,《集合的に》タイル,(ドミノなどゲームの)こま,(下水・煙突などの)土管,,
B102219,till,conj,《肯定の主節とともに》～まで(ずっと,《結果》～してついに,《否定の主節に続けて》～までは(～しない,,
B102220,timely,adj,時宜を得た,,,,
B102221,tin,n,〈U〉錫(金属元素,化学記号はSn),〈U〉ブリキ(tin plate),《英》=can,,
B102222,tiny,adj,とても小さい,ちっぽけな,,,
B102223,tire,v,〈他〉〈人など〉を疲れさせる,〈人など〉を飽きさせる,〈自〉疲れる,《～に》飽きる《of ～》,
B102224,tiring,adj,(仕事などが)骨の折れる,疲れさせる,しんどい,うんざりするような,かったるい
B102225,tissue,n,〈U〉〈C〉(生物体の)組織,〈U〉〈C〉薄織物,〈U〉〈C〉水を吸収する柔らかな薄紙,〈C〉カーボンコピー用薄紙,〈C〉《a ~》(～を)織り交ぜて作ったもの《+of+名》
B102226,tobacco,n,〈C〉タバコの木,〈U〉〈C〉タバコの葉,〈C〉(2を加工して製品にした)たばこ(紙巻きたばこ(cigarettes),〈U〉喫煙,
B102227,tongue,n,〈C〉舌,言葉,言葉遣い,,
B102228,toothpaste,n,練り歯磨き,歯磨き粉,,,
B102229,top,adj,最も高い,最上位の,,,
B102230,tornado,n,(特に米国中部に発生する)竜巻,大旋風,,,
B102231,toss,v,～を軽く投げ上げる,,～を上下に揺さぶる《+名+about》,〈体の一部〉をひょいと上げる(動かす),～と,表・裏で物事を決めるため)〈コイン〉をはじき上げる《+名+up
B102232,total,adj,総計の,全くの,,,
B102233,total,n,総計,,,,
B102234,totally,adv,全く,完全に,,,
B102235,touch,v,〈他〉〈人が〉(手・指などで)～をさわる,～を感動させる,《文》〈事が〉～に影響する,,
B102236,tour,v,〈自〉〈他〉旅行する,遠征に行く,,,
B102237,tourism,n,観光旅行,観光事業,,,
B102238,tournament,n,トーナメント,(やりなどを用いた騎士の)馬上試合,,,
B102239,trace,n,〈U〉〈C〉跡,形跡,,,
B102240,tracksuit,n,トラックスーツ(運動選手用の保温着),,,,
B102241,traditionally,adv,伝説的に,伝統的に,,,
B102242,traffic jam,n,交通渋滞,,,,
B102243,tragedy,n,〈C〉(人生の不幸を題材とした)悲劇,〈U〉(演劇部門としての)悲劇,〈U〉〈C〉(人生・文学などの)悲劇的要素,悲惨なでき事,,
B102244,tragic,adj,悲劇の,悲劇的な,,,
B102245,trail,n,〈C〉後に残したもの,小道,,,
B102246,transfer,v,(～から～へ)〈人・物〉を移す,(～から～へ)〈権利・財産など〉を譲り渡す,〈絵画・デザインなど〉を写す,〈人が〉(ある人・場所から他の人・場所などへ)移る,～から～へ)列車(バスなど)を乗り換える《+from+名+to+名》
B102247,transform,v,〈他〉〈自〉変形する,変換する,,,
B102248,transformation,n,〈U〉変形,変身,変換,,
B102249,transitional,adj,移り変わりの,過渡期の,,,
B102250,translate,v,(ある言語から他の言語へ)〈話・文章〉を翻訳する《+名+from+名+into+名》,～を他の言葉で説明する,(～に)～を言い換える《+名+into+名》,《文》(～に)～‘の'性質(状態など)を変える,翻訳する,〈文章などが〉(～に)翻訳できる《+into+名》
B102251,transport,n,〈U〉輸送,〈C〉(軍隊や軍需品を運ぶ)輸送船,,,
B102252,transportation,n,《おもに米》輸送,《米》運送料,運賃,(昔の罪人の)追放刑,,
B102253,trash,n,〈U〉価値のないもの,《米》廃品,くだらない話,,
B102254,travel agent,n,旅行案内(代理)業者,,,,
B102255,treat,n,〈C〉(めったにない)楽しみ,《one's ~》おごること,,,
B102256,treatment,n,〈U〉《～の》取り扱い,治療,〈C〉《～に対する》治療法《for ～》,,
B102257,tremble,v,恐怖・興奮・寒さなどで)〈身体・声などか〉震える《+with(at)+名》,〈地面・木の葉・旗などが〉震動する,心配する,,
B102258,tremendous,adj,(大きさ・量・強度などで)ものすごい,恐ろしい,,,
B102259,trend,n,(～に向かう)傾向,(川・道路などの)向き,,,
B102260,trigger,n,(銃砲の)引き金,《話》敏しような,,,
B102261,trim,n,〈U〉《しばしば》刈り(切り)整えること,〈U〉整頓,,,
B102262,triumph,n,(苦労･努力などの末の)勝利,〈U〉勝ち誇ること,,,
B102263,tropical,adj,熱帯の,酷暑の,,,
B102264,trouble,v,〈他〉を悩ます,《物事を頼むとき》を煩わす,,,
B102265,trumpet,n,トランペット,らっぱのような形をした物,(レコードプレーヤー・ラジォなどの)拡声器,補聴器,象の大きな鳴き声,,
B102266,trustworthy,adj,(人・言明など)信頼に値する,信頼できる,,,
B102267,tumble,v,〈自〉転がる,転げ回る《about》,崩れ落ちる《down》,〈他〉を放り投げる,をめちゃくちゃにする
B102268,tuna,n,〈C〉マグロ,マグロの肉,,,
B102269,turbulence,n,荒れ狂うこと,乱気流,,,
B102270,turning,n,(～への)曲がり角《+to+名》,,,,
B102271,turtle,n,海ガメ,,,,
B102272,twin,n,双生児の一人,《複数形で》双生児,よく似た人(物)の片方,《複数形で》対,,,
B102273,twist,n,ねじれ,物事・製品などの)ひとひねり,物語の)意外な展開,道や線の)カーブ,
B102274,twist,v,〈他〉〈糸・なわなど〉をよる,《～に》～を巻きつける《around ～》,～をねじる,,
B102275,type,v,～をタイプに打つ,～として)～を分類する《+名+as+名(doing)》,～‘の'型を決める,タイプライターを打つ,
B102276,typical,adj,典型的な,特色をよく示す,,,
B102277,typically,adv,典型的に,典型的な場合に,特徴的に,,
B102278,unable,adj,(～することが)できない,,,,
B102279,unafraid,adj,恐れない,,,,
B102280,unbelievable,adj,信じられない,,,,
B102281,uncertainty,n,〈U〉確信のなさ,疑わしさ,変わりやすさ,〈C〉不確実なこと,
B102282,unclear,adj,はっきりしない,,,,
B102283,uncontrollable,adj,抑制できない,手に負えない,,,
B102284,uncover,v,～‘の'おおい(ふた)を取る,〈秘密など〉を明らかにする,《古》(敬意を表して)〈頭〉‘から'帽子を取る,(敬意を表して)脱帽する,
B102285,underage,adj,規定年齢に達しない,未成年の,,,
B102286,undergo,v,(変化・検査など)を受ける,(困難など)に耐える,,,
B102287,underline,v,〈語句〉‘に'下線を引く,～を強調する,,,
B102288,underneath,prep,の下に,の見かけに隠れて,,,
B102289,underpants,n,パンツ,ズボン下,,,
B102290,undo,v,〈結び目など〉を開く,〈包みなど〉を開ける,〈かんぬきなど〉をはずす,〈一度やったこと〉を元どおりにする,《文》《しばしば受動態で》～を破滅させる,
B102291,undress,v,～を着物を脱がせる,着物を脱ぐ,,,
B102292,unemployed,adj,仕事のない,利用してない,,,
B102293,unemployment,n,失業,失業者[数],,,
B102294,unexpected,adj,予期しない,思いがけない,,,
B102295,unexpectedly,adv,思いがけなく,,,,
B102296,unfairly,adv,不当に,,,,
B102297,unfit,adj,《補語にのみ用いて》(物事が)適当でない,適任でない,(人が)不適当な,,
B102298,unfold,v,〈折りたたまれたもの〉を広げる,〈計画など〉をしだいに明らかにする(知らせていく),〈花びらなどが〉広がる,〈物事が〉(しだいに)はっきりしてくる,
B102299,unfortunate,adj,不運な,不適当な,,,
B102300,unfriendly,adj,友情のない,都合の悪い,,,
B102301,unheard,adj,聞こえない,聞いてもらえない弁明を許されない,,,
B102302,unify,v,〈他〉～を統一する,〈自〉一つになる,,,
B102303,uninterested,adj,無関心な,(～に)興味をいだかない《+in+名》,,,
B102304,uninteresting,adj,面白くない,興味の湧かない,,,
B102305,union,n,〈U〉(～の),〈C〉結合したもの,《the U-》アメリカ合衆国,(南北戦争時に)連邦政府側についた北部諸州,《the U-》英連合王国(1706年イングランドとスコットランドが合併),〈C〉労働組合同盟
B102306,unique,adj,ただ一つしかない,比類のない,《話》珍しい,,
B102307,unite,v,〈他〉《～と》を結合させる《with ～》,を団結させる,【動,自】団結する,《～と》結合する《with ～》
B102308,universe,n,《the universe,〈C〉世界,,,
B102309,unless,conj,もし～でなければ,～でないかぎり,,,
B102310,unlikely,adj,《補語にのみ用いて》ありそうもない,うまくいきそうもない,,,
B102311,unlucky,adj,(人が)不運な,《文》(物事が)縁起の悪い,,,
B102312,unpack,v,開いて～‘の'中身を取り出す,(～から)～を取り出す《+名+from+名》,～‘から'荷[など]を降ろす,,
B102313,unpredictable,adj,予言できない,予知不可能な,,,
B102314,unrelated,adj,無関係の,語られていない,,,
B102315,untidy,adj,だらしがない,無精な,乱雑な,,
B102316,until,conj,《継続の期限》～する時までずっと,《結果》(～して)ついに,《否定の主節に対して》～するまでは～しない,,
B102317,unusually,adv,異常に,一風変わって,《話》非常に,,
B102318,unwanted,adj,要求されない,不必要な,,,
B102319,unwell,adj,(特に短い時間)体の具合が悪い,月経中である,,,
B102320,update,v,～を最新のものにする,,,,
B102321,uplifted,adj,(物理的に)持ち上げられた,(社会的または道徳的に)高められた,,,
B102322,upload,v,アップロードする,,,,
B102323,upper,adj,(場所・位置が)上のほうの,上級の,奥地の,,
B102324,upstairs,adj,階上の,2階の,,,
B102325,upstairs,n,階上,上の階,,,
B102326,up-to-date,adj,最新の,最新流行の,当世ふうの,,
B102327,upward,adj,上向きの,上昇する,,,
B102328,urge,n,《しばしば an ~》強い衝動,駆り立てる欲望:《urge for(to)+名～への衝動》,,,
B102329,urgent,adj,急を要する,しつこい,うるさく頼む,,
B102330,usage,n,〈U〉(物の)用い方,〈U〉〈C〉(言語の)慣用,,,
B102331,used to,modal auxiliary,今とちがって)以前はよく～した,今とちがって)以前は～だった《~ be ～》,,,
B102332,useless,adj,無益な,役に立たない,,,
B102333,vacancy,n,〈C〉空き部屋,〈C〉(地位・役職などの)空席,〈U〉〈C〉空間,〈U〉虚脱状態,〈U〉何もすることがない状態
B102334,vague,adj,(言葉・意味などが)はっきりしない,(考え・感じなどが)ばく然としている,(形・姿などが)ぼやけた,《名詞の前にのみ用いて》《通例最上級で》《話》ほんのわずかの,
B102335,vain,adj,虚栄心の強い,むだな,むなしい,,
B102336,valuable,adj,(金銭的に)価値のある,役に立つ,,,
B102337,van,n,〈C〉有蓋トラック,(家具・商品・家畜などの運搬用に使われる)ほろつきトラック,,,
B102338,variety,n,〈U〉多様性,《a ~ of ～》さまざまな,〈C〉種類,変種,
B102339,various,adj,互いに異なる,《名詞の前にのみ用いて》いくつかの,,,
B102340,vary,v,〈他〉《～から～に》変わる 《from ～ to ～》,,《～の点で》互いに異なる 《in》,〈他〉を変える,に変化をつける,
B102341,vast,adj,広大な,(数・量・程度などにおいて)ものすごい,,,
B102342,vegetarian,adj,菜食主義の,野菜だけの,,,
B102343,vegetarian,n,菜食主義者(道徳上または健康上の理由で魚・肉を食べず),野菜だけを食べる人,,,
B102344,vehicle,n,〈C〉(車・そりなどの)乗り物,(思想・感情・情報などの)伝達手段,〈U〉展色剤,,
B102345,vein,n,静脈,葉脈,鉱脈,水脈,気分
B102346,vessel,n,〈C〉船舶,容器,管,,
B102347,vet,n,〈C〉老練者,ベテラン,退役軍人([veteran]),,
B102348,via,prep,～を経由して,～によって,,,
B102349,vice,adj,代理の,,,,
B102350,vice president,n,副大統領,副総裁,副総長,副会長,副社長
B102351,victim,n,(～の)犠牲者,だまされる人,(～の)食いもの,(神にささげる)いけにえ,,
B102352,victory,n,(～に対する)勝利,戦勝《+over(in)+名》,,,
B102353,video clip,n,ビデオクリップ,,,,
B102354,view,v,〈他〉～を見る,を眺める,,,
B102355,viewpoint,n,観点,見地,見解(point of view),,
B102356,violence,n,暴力,(～の)激しさ,害,,
B102357,violently,adv,激しく,乱暴に,,,
B102358,virtual,adj,(名目上・表面上はそうではないが)事実上の,実際上の,,,
B102359,virus,n,ビールス,ウイルス,ろ過性病原体,,
B102360,visa,n,(旅券の)査証,ビザ,入国出国許可,,
B102361,visible,adj,目に見える,明らかな,,,
B102362,vision,n,〈U〉視力,将来への)見通し,〈C〉心に描くもの,考え,幻
B102363,visual,adj,視覚の,目に見える,目で見た,有視界の,,
B102364,visually,adv,視覚的に,見た目に,,,
B102365,vivid,adj,(色・光が)あざやかな,鮮明な,(描写などが)真に迫っている,元気,
B102366,vividly,adv,あざやかに,はっきりと,生き生きと,,
B102367,volcano,n,火山,,,,
B102368,volume,n,〈C〉(特に分厚い)本,〈C〉(シリーズものの)巻,〈U〉(～の)体積,(〈U〉〈C〉)～の)量,〈U〉(～の)音量
B102369,volunteer,v,(～を)自発的にやろうとする,～を自発的に申し出る,,,
B102370,vote,v,〈他〉〈人〉に票を入れる,に投票する,,,
B102371,vowel,n,〈C〉母音,《話》母音字,,,
B102372,voyage,n,～への,～への,,,
B102373,wagon,n,(4輪の)馬車,《米》(配達用の)小型有蓋(ゆうがい)自動車(van,おもちゃの四輪荷車(手押し車),うば車,《米》(石炭などの鉄道輸送用)無蓋貨車,《英》=freight car
B102374,wake,v,物が通った跡,《単数形で》通夜,見張りのための)徹夜,献堂記念祝祭, その前夜祭,年次休暇
B102375,ward,n,〈C〉病棟,(行政区画の)区,,,
B102376,wardrobe,n,〈C〉衣装だんす,〈U〉《集合的に》(個人・劇団の)持ち衣装,,,
B102377,warm,v,〈他〉を暖める,を活気づける,〈自〉暖まる,活気づく,優しくなる
B102378,warmly,adv,暖かく,熱心に,興奮して,心から,,
B102379,warmth,n,(～に)暖かさ《+of+名》,熱心,心の暖かさ,,
B102380,warn,v,〈他〉〈人〉に警告する,〈人〉に予告する,,,
B102381,warning,n,〈U〉〈C〉警告,〈C〉(～への)警告となるもの《+to+名》,(～について)注意を俗すもの《OF+名》,〈U〉《古》(雇用契約を解除する)予告,,
B102382,warranty,n,〈U〉〈C〉《売り渡し品の》保証《on ～》,〈U〉《～の》正当な理由,,
B102383,warrior,n,戦士,武人(soldier),,,
B102384,washbowl,n,洗面器,,,,
B102385,waste,adj,荒れ果てた,使用されていない,,,
B102386,waste,n,〈U〉《時に a~》(～の)むだ使い,〈U〉〈C〉《しばしば複数形で》廃物,〈C〉《おもに文》荒野,,
B102387,waste,v,(～に)〈金・時間・路力など〉をむだに使う,〈好機など〉を利用しそこなう,〈体力など〉を消耗させる,"《しばしば受動態で》〈国土など〉を破壊する,",《米俗》～を殺す(kill)
B102388,wasteful,adj,浪費する,不経済な,,,
B102389,waterfall,n,滝,(滝のように)どっとくるもの,,,
B102390,wave,v,揺れる,うねる,手を振る,,
B102391,wax,n,ろう(ミツバチが巣を作るために用いる beeswax),耳あか(earwax),(床・家具・自動車などをみがく)ワックス,,
B102392,wax,v,～をワックスでみがく,～‘に'ろうを塗る,,,
B102393,weakness,n,〈U〉(体・心・性格か)弱いこと《+of+名》,〈C〉弱点,〈C〉(特に良くないものに対する)特別な好み,,
B102394,weapon,n,武器,攻撃(防御)手段,,,
B102395,weather forecast,n,天気予報,,,,
B102396,webcam,n,ウェブカメラ,,,,
B102397,weird,adj,変な,起自然的な,,,
B102398,welcome,adj,歓迎される,うれしい,《補語にのみ用いて》自由に使ってよい,,
B102399,well-dressed,adj,身なり(着こなし)の良い,おしゃれな服装をした,,,
B102400,westward,adv,西へ,,,,
B102401,wetland,n,湿地帯,,,,
B102402,whale,n,〈C〉鯨,《話》《a ~ of a ～》すごく大きい～,,,
B102403,whatever,pron,～するものは何でも,いかに～でも,《驚きを表して》いったい何が,《話・単体で》なんでも構わない,
B102404,whenever,adv,《話》いったいいつ,,,,
B102405,whenever,conj,《時の副詞節を導いて》～するときはいつでも,《譲歩の副詞節を導いて》いつ～しようとも,,,
B102406,wherever,conj,～する所はどこでも,どこに～でも,,,
B102407,whether,conj,《名詞節(句)を導いて》～かどうか,～かそれとも～か,《~ ～or～の形で,,
B102408,whichever,det,《関係形容詞》どちらの(どの)～でも,《譲歩前節を導いて》どちらの(どの)～が(を)～しても,,,
B102409,while,n,〈U〉《通例 a ~》時間,間,(特に)少しの時間,,
B102410,whisper,n,ささやき,《単数形で》(風・流れなどの)サラサラいう音,うわさ,,
B102411,whistle,n,〈C〉口笛,警笛,,,
B102412,whoever,pron,《名詞節を導く関係代名詞》(先行詞を含む)～する[ところの]だれでも,《譲歩節を導く関係代名詞》だれが～でも,《疑問代名詞whoの強調形》《話》いったいだれが,,
B102413,whole,n,〈U〉《the ~》(～の)全部,〈C〉完全なもの,,,
B102414,widespread,adj,広範囲にわたる,翼など)広げた,,,
B102415,wildlife,n,野生生物(特に野生動物),,,,
B102416,wildly,adv,乱暴に,むやみに,,,
B102417,willingness,n,〈U〉意欲,喜んですること,喜んで～する気持ち《 to do 》,,
B102418,windscreen,n,〈米〉(自動車などの)フロントガラス,(バイクの)ウインドシールド,,,
B102419,windsurfing,n,ウィンドサーフィン,,,,
B102420,wing,n,(鳥の)翼,(飛行機・風車などの)翼,建物の)翼(よく),(政党などの)分派,《複数形で》(舞台の)そで
B102421,wire,n,〈U〉〈C〉針金,〈C〉電線,《おもに米》〈U〉〈C〉電報(telegram),,
B102422,wither,v,〈植物が〉しぼむ,〈人間が〉やせ衰える,〈希望などが〉弱まる,〈植物〉をしぼませる,〈人〉をやせ衰えさせる
B102423,witness,v,〈他〉を目撃する,,,,
B102424,wizard,adj,魔術の,魔法の,,,
B102425,wonder,n,〈C〉驚くべきもの,〈U〉驚異の念,,,
B102426,working,adj,(機械・器具などが)動く,(特に生活にために)働く,(知識などが)実際に役立つ,,
B102427,workout,n,運動,練習,トレーニング,,
B102428,workplace,n,〈C〉仕事場,職場,作業場,,
B102429,workshop,n,〈C〉仕事場,《米》(セミナー形式の)研究会,,,
B102430,worn,adj,[wear]の過去分詞,すり切れた,疲れはてた,,
B102431,worst,n,最も悪い事(物),最悪の事態,,,
B102432,worth,adj,《～するだけの》価値がある《~ doing》,《～の》値打ちがある《~ ～》,,,
B102433,worthwhile,adj,価値のある,やりがいのある,,,
B102434,worthy,adj,価値のある,尊敬するべき,,,
B102435,wound,n,〈C〉(身体の)傷,《感情・自尊心などに対する》痛手《to ～》,,,
B102436,wrap,n,覆うもの,ラップ,衣服の上に着る外衣(スカーフ),,
B102437,wrap,v,(人・物に)～を巻きつける,(～で)〈人・物〉をくるむ,,《話》～を終了する《+up+名》,,
B102438,wrapping,n,《しばしば複数形で,単数扱い》包装材料,,,
B102439,wrist,n,手首関節,(シャツなどの)そで口,,,
B102440,wristwatch,n,〈C〉腕時計,,,,
B102441,written,adj,write の過去分詞,書かれた,,,
B102442,yell,n,〈C〉叫び声,,,,
B102443,yet,conj,《通例and,butと共に》それにもかかわらず,ではあるが,,
B102444,yoga,n,ヨガ[の行](黙想的修行),,,,
